,level_0,index,Unnamed: 0,full_name,epoch,total_epochs_x,train_frac,frac_error,model_simple,name,path,model_folder,model,pretrain_dataset,downstream_dataset,samples_seen,steps,samples_seen_per_epoch,gflops,training_time_hours,total_epochs_y,samples_per_sec,samples_per_sec_per_gpu,global_batch_size,gpus,task,local_batch_size,warmup,lr,lr_scheduler,gpu_model,beta2,beta1,model_mparams,model_image_mparams,model_text_mparams,model_gflops,train_contrastive_loss,train_caption_loss,namespace,eval_type,gpu_hours,image_acc,text_acc,acc,main_metric,main_metric_value,acc1,acc5,mean_per_class_recall,image_retrieval_recall@5,text_retrieval_recall@5,cosine_distance,contrastive_loss,lp_acc1,lp_acc5,lp_mean_per_class_recall,weight_decay,epochs,seed,fewshot_k,normalized,caption_loss,name_epoch,model_folder_epoch,model_simple_namespace,samples_seen_scale_pretty,early_epoch
0,658,5907,7240,clip_ViT-M-32_s1.28B_datacomp_1b_globalbs16384_lr0.0015_b1_0.9_b2_0.95_sched_cosine_warmup10000_gpus64,20,20,1.0,0.90625,ViT-M-32,datacomp_s1.28B_bs_16384_ViT-M-32_ep20_lr0.0015_b1_0.9_b2_0.95_wd0.2_w10000_gc1_n16_bs256_sigFalse,/p/data1/mmlaion/experiments/autoexp/jjitsev/logs/datacomp_s1.28B_bs_16384_ViT-M-32_ep20_lr0.0015_b1_0.9_b2_0.95_wd0.2_w10000_gc1_n16_bs256_sigFalse/checkpoints/imagenet1k_epoch_20.pt_ViT-M-32_en_zeroshot_classification.json,/p/data1/mmlaion/experiments/autoexp/jjitsev/logs/datacomp_s1.28B_bs_16384_ViT-M-32_ep20_lr0.0015_b1_0.9_b2_0.95_wd0.2_w10000_gc1_n16_bs256_sigFalse,ViT-M-32,datacomp_1b,imagenet1k,1280000000,78125,64000000,12467200000.0,5.6152807706931815,20,63319.28358974359,989.3638060897435,16384,64,zeroshot_classification,256,10000,0.0015,cosine,NVIDIA-A100,0.95,0.9,103.12,39.69,63.43,9.74,0.8906,,clip,similarity,359.3779693243636,,,,acc1,0.5728,0.5728,0.83396,0.5728599999999999,,,,,,,,,,,,,,datacomp_s1.28B_bs_16384_ViT-M-32_ep20_lr0.0015_b1_0.9_b2_0.95_wd0.2_w10000_gc1_n16_bs256_sigFalse_20,/p/data1/mmlaion/experiments/autoexp/jjitsev/logs/datacomp_s1.28B_bs_16384_ViT-M-32_ep20_lr0.0015_b1_0.9_b2_0.95_wd0.2_w10000_gc1_n16_bs256_sigFalse_epoch_20,ViT-M-32_clip,1.28B,2
1,659,5927,7260,clip_ViT-M-32_s1.28B_datacomp_1b_globalbs16384_lr0.0015_b1_0.9_b2_0.95_sched_cosine_warmup15000_gpus64,20,20,1.0,0.90625,ViT-M-32,datacomp_s1.28B_bs_16384_ViT-M-32_ep20_lr0.0015_b1_0.9_b2_0.95_wd0.2_w15000_gc1_n16_bs256_sigFalse,/p/data1/mmlaion/experiments/autoexp/jjitsev/logs/datacomp_s1.28B_bs_16384_ViT-M-32_ep20_lr0.0015_b1_0.9_b2_0.95_wd0.2_w15000_gc1_n16_bs256_sigFalse/checkpoints/imagenet1k_epoch_20.pt_ViT-M-32_en_zeroshot_classification.json,/p/data1/mmlaion/experiments/autoexp/jjitsev/logs/datacomp_s1.28B_bs_16384_ViT-M-32_ep20_lr0.0015_b1_0.9_b2_0.95_wd0.2_w15000_gc1_n16_bs256_sigFalse,ViT-M-32,datacomp_1b,imagenet1k,1280000000,78125,64000000,12467200000.0,5.583823482969387,20,63676.00205128205,994.937532051282,16384,64,zeroshot_classification,256,15000,0.0015,cosine,NVIDIA-A100,0.95,0.9,103.12,39.69,63.43,9.74,0.86467,,clip,similarity,357.36470291004076,,,,acc1,0.569,0.569,0.83084,0.5692,,,,,,,,,,,,,,datacomp_s1.28B_bs_16384_ViT-M-32_ep20_lr0.0015_b1_0.9_b2_0.95_wd0.2_w15000_gc1_n16_bs256_sigFalse_20,/p/data1/mmlaion/experiments/autoexp/jjitsev/logs/datacomp_s1.28B_bs_16384_ViT-M-32_ep20_lr0.0015_b1_0.9_b2_0.95_wd0.2_w15000_gc1_n16_bs256_sigFalse_epoch_20,ViT-M-32_clip,1.28B,2
2,660,5947,7280,clip_ViT-M-32_s1.28B_datacomp_1b_globalbs16384_lr0.0015_b1_0.9_b2_0.95_sched_cosine_warmup4000_gpus64,20,20,1.0,0.90625,ViT-M-32,datacomp_s1.28B_bs_16384_ViT-M-32_ep20_lr0.0015_b1_0.9_b2_0.95_wd0.2_w4000_gc1_n16_bs256_sigFalse,/p/data1/mmlaion/experiments/autoexp/jjitsev/logs/datacomp_s1.28B_bs_16384_ViT-M-32_ep20_lr0.0015_b1_0.9_b2_0.95_wd0.2_w4000_gc1_n16_bs256_sigFalse/checkpoints/imagenet1k_epoch_20.pt_ViT-M-32_en_zeroshot_classification.json,/p/data1/mmlaion/experiments/autoexp/jjitsev/logs/datacomp_s1.28B_bs_16384_ViT-M-32_ep20_lr0.0015_b1_0.9_b2_0.95_wd0.2_w4000_gc1_n16_bs256_sigFalse,ViT-M-32,datacomp_1b,imagenet1k,1280000000,78125,64000000,12467200000.0,5.6249119420952995,20,63210.86609279609,987.6697826999389,16384,64,zeroshot_classification,256,4000,0.0015,cosine,NVIDIA-A100,0.95,0.9,103.12,39.69,63.43,9.74,0.89301,,clip,similarity,359.99436429409917,,,,acc1,0.57058,0.57058,0.8325,0.5704400000000001,,,,,,,,,,,,,,datacomp_s1.28B_bs_16384_ViT-M-32_ep20_lr0.0015_b1_0.9_b2_0.95_wd0.2_w4000_gc1_n16_bs256_sigFalse_20,/p/data1/mmlaion/experiments/autoexp/jjitsev/logs/datacomp_s1.28B_bs_16384_ViT-M-32_ep20_lr0.0015_b1_0.9_b2_0.95_wd0.2_w4000_gc1_n16_bs256_sigFalse_epoch_20,ViT-M-32_clip,1.28B,2
3,661,5967,7300,clip_ViT-M-32_s1.28B_datacomp_1b_globalbs16384_lr0.001_b1_0.9_b2_0.95_sched_cosine_warmup10000_gpus64,20,20,1.0,0.90625,ViT-M-32,datacomp_s1.28B_bs_16384_ViT-M-32_ep20_lr0.001_b1_0.9_b2_0.95_wd0.2_w10000_gc1_n16_bs256_sigFalse,/p/data1/mmlaion/experiments/autoexp/jjitsev/logs/datacomp_s1.28B_bs_16384_ViT-M-32_ep20_lr0.001_b1_0.9_b2_0.95_wd0.2_w10000_gc1_n16_bs256_sigFalse/checkpoints/imagenet1k_epoch_20.pt_ViT-M-32_en_zeroshot_classification.json,/p/data1/mmlaion/experiments/autoexp/jjitsev/logs/datacomp_s1.28B_bs_16384_ViT-M-32_ep20_lr0.001_b1_0.9_b2_0.95_wd0.2_w10000_gc1_n16_bs256_sigFalse,ViT-M-32,datacomp_1b,imagenet1k,1280000000,78125,64000000,12467200000.0,5.576914964313519,20,63754.88201465201,996.1700314789376,16384,64,zeroshot_classification,256,10000,0.001,cosine,NVIDIA-A100,0.95,0.9,103.12,39.69,63.43,9.74,0.85953,,clip,similarity,356.9225577160652,,,,acc1,0.57204,0.57204,0.83338,0.57224,,,,,,,,,,,,,,datacomp_s1.28B_bs_16384_ViT-M-32_ep20_lr0.001_b1_0.9_b2_0.95_wd0.2_w10000_gc1_n16_bs256_sigFalse_20,/p/data1/mmlaion/experiments/autoexp/jjitsev/logs/datacomp_s1.28B_bs_16384_ViT-M-32_ep20_lr0.001_b1_0.9_b2_0.95_wd0.2_w10000_gc1_n16_bs256_sigFalse_epoch_20,ViT-M-32_clip,1.28B,2
4,662,5987,7320,clip_ViT-M-32_s1.28B_datacomp_1b_globalbs16384_lr0.001_b1_0.9_b2_0.95_sched_cosine_warmup15000_gpus64,20,20,1.0,0.90625,ViT-M-32,datacomp_s1.28B_bs_16384_ViT-M-32_ep20_lr0.001_b1_0.9_b2_0.95_wd0.2_w15000_gc1_n16_bs256_sigFalse,/p/data1/mmlaion/experiments/autoexp/jjitsev/logs/datacomp_s1.28B_bs_16384_ViT-M-32_ep20_lr0.001_b1_0.9_b2_0.95_wd0.2_w15000_gc1_n16_bs256_sigFalse/checkpoints/imagenet1k_epoch_20.pt_ViT-M-32_en_zeroshot_classification.json,/p/data1/mmlaion/experiments/autoexp/jjitsev/logs/datacomp_s1.28B_bs_16384_ViT-M-32_ep20_lr0.001_b1_0.9_b2_0.95_wd0.2_w15000_gc1_n16_bs256_sigFalse,ViT-M-32,datacomp_1b,imagenet1k,1280000000,78125,64000000,12467200000.0,5.611379852442077,20,63363.301880341874,990.0515918803418,16384,64,zeroshot_classification,256,15000,0.001,cosine,NVIDIA-A100,0.95,0.9,103.12,39.69,63.43,9.74,0.88207,,clip,similarity,359.12831055629294,,,,acc1,0.57304,0.57304,0.83298,0.57314,,,,,,,,,,,,,,datacomp_s1.28B_bs_16384_ViT-M-32_ep20_lr0.001_b1_0.9_b2_0.95_wd0.2_w15000_gc1_n16_bs256_sigFalse_20,/p/data1/mmlaion/experiments/autoexp/jjitsev/logs/datacomp_s1.28B_bs_16384_ViT-M-32_ep20_lr0.001_b1_0.9_b2_0.95_wd0.2_w15000_gc1_n16_bs256_sigFalse_epoch_20,ViT-M-32_clip,1.28B,2
5,663,6007,7340,clip_ViT-M-32_s1.28B_datacomp_1b_globalbs16384_lr0.001_b1_0.9_b2_0.95_sched_cosine_warmup4000_gpus64,20,20,1.0,0.90625,ViT-M-32,datacomp_s1.28B_bs_16384_ViT-M-32_ep20_lr0.001_b1_0.9_b2_0.95_wd0.2_w4000_gc1_n16_bs256_sigFalse,/p/data1/mmlaion/experiments/autoexp/jjitsev/logs/datacomp_s1.28B_bs_16384_ViT-M-32_ep20_lr0.001_b1_0.9_b2_0.95_wd0.2_w4000_gc1_n16_bs256_sigFalse/checkpoints/imagenet1k_epoch_20.pt_ViT-M-32_en_zeroshot_classification.json,/p/data1/mmlaion/experiments/autoexp/jjitsev/logs/datacomp_s1.28B_bs_16384_ViT-M-32_ep20_lr0.001_b1_0.9_b2_0.95_wd0.2_w4000_gc1_n16_bs256_sigFalse,ViT-M-32,datacomp_1b,imagenet1k,1280000000,78125,64000000,12467200000.0,5.605285243937358,20,63432.1965934066,991.1280717719782,16384,64,zeroshot_classification,256,4000,0.001,cosine,NVIDIA-A100,0.95,0.9,103.12,39.69,63.43,9.74,0.90919,,clip,similarity,358.7382556119909,,,,acc1,0.57216,0.57216,0.83372,0.572,,,,,,,,,,,,,,datacomp_s1.28B_bs_16384_ViT-M-32_ep20_lr0.001_b1_0.9_b2_0.95_wd0.2_w4000_gc1_n16_bs256_sigFalse_20,/p/data1/mmlaion/experiments/autoexp/jjitsev/logs/datacomp_s1.28B_bs_16384_ViT-M-32_ep20_lr0.001_b1_0.9_b2_0.95_wd0.2_w4000_gc1_n16_bs256_sigFalse_epoch_20,ViT-M-32_clip,1.28B,2
6,664,6027,7360,clip_ViT-M-32_s1.28B_datacomp_1b_globalbs16384_lr0.002_b1_0.9_b2_0.95_sched_cosine_warmup10000_gpus64,20,20,1.0,0.90625,ViT-M-32,datacomp_s1.28B_bs_16384_ViT-M-32_ep20_lr0.002_b1_0.9_b2_0.95_wd0.2_w10000_gc1_n16_bs256_sigFalse,/p/data1/mmlaion/experiments/autoexp/jjitsev/logs/datacomp_s1.28B_bs_16384_ViT-M-32_ep20_lr0.002_b1_0.9_b2_0.95_wd0.2_w10000_gc1_n16_bs256_sigFalse/checkpoints/imagenet1k_epoch_20.pt_ViT-M-32_en_zeroshot_classification.json,/p/data1/mmlaion/experiments/autoexp/jjitsev/logs/datacomp_s1.28B_bs_16384_ViT-M-32_ep20_lr0.002_b1_0.9_b2_0.95_wd0.2_w10000_gc1_n16_bs256_sigFalse,ViT-M-32,datacomp_1b,imagenet1k,1280000000,78125,64000000,12467200000.0,5.595398442240574,20,63544.27825396825,992.8793477182539,16384,64,zeroshot_classification,256,10000,0.002,cosine,NVIDIA-A100,0.95,0.9,103.12,39.69,63.43,9.74,0.93344,,clip,similarity,358.10550030339675,,,,acc1,0.5701,0.5701,0.8305,0.5702,,,,,,,,,,,,,,datacomp_s1.28B_bs_16384_ViT-M-32_ep20_lr0.002_b1_0.9_b2_0.95_wd0.2_w10000_gc1_n16_bs256_sigFalse_20,/p/data1/mmlaion/experiments/autoexp/jjitsev/logs/datacomp_s1.28B_bs_16384_ViT-M-32_ep20_lr0.002_b1_0.9_b2_0.95_wd0.2_w10000_gc1_n16_bs256_sigFalse_epoch_20,ViT-M-32_clip,1.28B,2
7,665,6047,7380,clip_ViT-M-32_s1.28B_datacomp_1b_globalbs16384_lr0.002_b1_0.9_b2_0.95_sched_cosine_warmup15000_gpus64,20,20,1.0,0.90625,ViT-M-32,datacomp_s1.28B_bs_16384_ViT-M-32_ep20_lr0.002_b1_0.9_b2_0.95_wd0.2_w15000_gc1_n16_bs256_sigFalse,/p/data1/mmlaion/experiments/autoexp/jjitsev/logs/datacomp_s1.28B_bs_16384_ViT-M-32_ep20_lr0.002_b1_0.9_b2_0.95_wd0.2_w15000_gc1_n16_bs256_sigFalse/checkpoints/imagenet1k_epoch_20.pt_ViT-M-32_en_zeroshot_classification.json,/p/data1/mmlaion/experiments/autoexp/jjitsev/logs/datacomp_s1.28B_bs_16384_ViT-M-32_ep20_lr0.002_b1_0.9_b2_0.95_wd0.2_w15000_gc1_n16_bs256_sigFalse,ViT-M-32,datacomp_1b,imagenet1k,1280000000,78125,64000000,12467200000.0,5.625716186199005,20,63201.82956043955,987.528586881868,16384,64,zeroshot_classification,256,15000,0.002,cosine,NVIDIA-A100,0.95,0.9,103.12,39.69,63.43,9.74,0.93428,,clip,similarity,360.04583591673634,,,,acc1,0.57102,0.57102,0.83256,0.57108,,,,,,,,,,,,,,datacomp_s1.28B_bs_16384_ViT-M-32_ep20_lr0.002_b1_0.9_b2_0.95_wd0.2_w15000_gc1_n16_bs256_sigFalse_20,/p/data1/mmlaion/experiments/autoexp/jjitsev/logs/datacomp_s1.28B_bs_16384_ViT-M-32_ep20_lr0.002_b1_0.9_b2_0.95_wd0.2_w15000_gc1_n16_bs256_sigFalse_epoch_20,ViT-M-32_clip,1.28B,2
8,666,6067,7400,clip_ViT-M-32_s1.28B_datacomp_1b_globalbs16384_lr0.002_b1_0.9_b2_0.95_sched_cosine_warmup4000_gpus64,20,20,1.0,0.90625,ViT-M-32,datacomp_s1.28B_bs_16384_ViT-M-32_ep20_lr0.002_b1_0.9_b2_0.95_wd0.2_w4000_gc1_n16_bs256_sigFalse,/p/data1/mmlaion/experiments/autoexp/jjitsev/logs/datacomp_s1.28B_bs_16384_ViT-M-32_ep20_lr0.002_b1_0.9_b2_0.95_wd0.2_w4000_gc1_n16_bs256_sigFalse/checkpoints/imagenet1k_epoch_20.pt_ViT-M-32_en_zeroshot_classification.json,/p/data1/mmlaion/experiments/autoexp/jjitsev/logs/datacomp_s1.28B_bs_16384_ViT-M-32_ep20_lr0.002_b1_0.9_b2_0.95_wd0.2_w4000_gc1_n16_bs256_sigFalse,ViT-M-32,datacomp_1b,imagenet1k,1280000000,78125,64000000,12467200000.0,5.598961517538408,20,63503.83985347985,992.2474977106226,16384,64,zeroshot_classification,256,4000,0.002,cosine,NVIDIA-A100,0.95,0.9,103.12,39.69,63.43,9.74,0.91282,,clip,similarity,358.3335371224581,,,,acc1,0.57084,0.57084,0.83284,0.5708199999999999,,,,,,,,,,,,,,datacomp_s1.28B_bs_16384_ViT-M-32_ep20_lr0.002_b1_0.9_b2_0.95_wd0.2_w4000_gc1_n16_bs256_sigFalse_20,/p/data1/mmlaion/experiments/autoexp/jjitsev/logs/datacomp_s1.28B_bs_16384_ViT-M-32_ep20_lr0.002_b1_0.9_b2_0.95_wd0.2_w4000_gc1_n16_bs256_sigFalse_epoch_20,ViT-M-32_clip,1.28B,2
9,667,6087,7420,clip_ViT-M-32_s1.28B_datacomp_1b_globalbs90624_lr0.001_b1_0.9_b2_0.95_sched_cosine_warmup10000_gpus256,20,20,1.0,0.90625,ViT-M-32,datacomp_s1.28B_bs_90624_ViT-M-32_ep20_lr0.001_b1_0.9_b2_0.95_wd0.2_w10000_gc1_n64_bs354_sigFalse,/p/data1/mmlaion/experiments/autoexp/jjitsev/logs/datacomp_s1.28B_bs_90624_ViT-M-32_ep20_lr0.001_b1_0.9_b2_0.95_wd0.2_w10000_gc1_n64_bs354_sigFalse/checkpoints/imagenet1k_epoch_20.pt_ViT-M-32_en_zeroshot_classification.json,/p/data1/mmlaion/experiments/autoexp/jjitsev/logs/datacomp_s1.28B_bs_90624_ViT-M-32_ep20_lr0.001_b1_0.9_b2_0.95_wd0.2_w10000_gc1_n64_bs354_sigFalse,ViT-M-32,datacomp_1b,imagenet1k,1280000000,14124,64000000,12467200000.0,1.613989292315459,20,220296.10558659217,860.5316624476256,90624,256,zeroshot_classification,354,10000,0.001,cosine,NVIDIA-A100,0.95,0.9,103.12,39.69,63.43,9.74,2.1693,,clip,similarity,413.1812588327575,,,,acc1,0.5302,0.5302,0.79656,0.53044,,,,,,,,,,,,,,datacomp_s1.28B_bs_90624_ViT-M-32_ep20_lr0.001_b1_0.9_b2_0.95_wd0.2_w10000_gc1_n64_bs354_sigFalse_20,/p/data1/mmlaion/experiments/autoexp/jjitsev/logs/datacomp_s1.28B_bs_90624_ViT-M-32_ep20_lr0.001_b1_0.9_b2_0.95_wd0.2_w10000_gc1_n64_bs354_sigFalse_epoch_20,ViT-M-32_clip,1.28B,2
10,668,6107,7440,clip_ViT-M-32_s1.28B_datacomp_1b_globalbs90624_lr0.001_b1_0.9_b2_0.95_sched_cosine_warmup4000_gpus256,20,20,1.0,0.90625,ViT-M-32,datacomp_s1.28B_bs_90624_ViT-M-32_ep20_lr0.001_b1_0.9_b2_0.95_wd0.2_w4000_gc1_n64_bs354_sigFalse,/p/data1/mmlaion/experiments/autoexp/jjitsev/logs/datacomp_s1.28B_bs_90624_ViT-M-32_ep20_lr0.001_b1_0.9_b2_0.95_wd0.2_w4000_gc1_n64_bs354_sigFalse/checkpoints/imagenet1k_epoch_20.pt_ViT-M-32_en_zeroshot_classification.json,/p/data1/mmlaion/experiments/autoexp/jjitsev/logs/datacomp_s1.28B_bs_90624_ViT-M-32_ep20_lr0.001_b1_0.9_b2_0.95_wd0.2_w4000_gc1_n64_bs354_sigFalse,ViT-M-32,datacomp_1b,imagenet1k,1280000000,14124,64000000,12467200000.0,1.615864607724368,20,220040.437704918,859.532959784836,90624,256,zeroshot_classification,354,4000,0.001,cosine,NVIDIA-A100,0.95,0.9,103.12,39.69,63.43,9.74,1.9762,,clip,similarity,413.6613395774382,,,,acc1,0.54114,0.54114,0.80344,0.5409400000000001,,,,,,,,,,,,,,datacomp_s1.28B_bs_90624_ViT-M-32_ep20_lr0.001_b1_0.9_b2_0.95_wd0.2_w4000_gc1_n64_bs354_sigFalse_20,/p/data1/mmlaion/experiments/autoexp/jjitsev/logs/datacomp_s1.28B_bs_90624_ViT-M-32_ep20_lr0.001_b1_0.9_b2_0.95_wd0.2_w4000_gc1_n64_bs354_sigFalse_epoch_20,ViT-M-32_clip,1.28B,2
11,669,6127,7460,clip_ViT-M-32_s1.28B_datacomp_1b_globalbs90624_lr0.001_b1_0.9_b2_0.95_sched_cosine_warmup6000_gpus256,20,20,1.0,0.90625,ViT-M-32,datacomp_s1.28B_bs_90624_ViT-M-32_ep20_lr0.001_b1_0.9_b2_0.95_wd0.2_w6000_gc1_n64_bs354_sigFalse,/p/data1/mmlaion/experiments/autoexp/jjitsev/logs/datacomp_s1.28B_bs_90624_ViT-M-32_ep20_lr0.001_b1_0.9_b2_0.95_wd0.2_w6000_gc1_n64_bs354_sigFalse/checkpoints/imagenet1k_epoch_20.pt_ViT-M-32_en_zeroshot_classification.json,/p/data1/mmlaion/experiments/autoexp/jjitsev/logs/datacomp_s1.28B_bs_90624_ViT-M-32_ep20_lr0.001_b1_0.9_b2_0.95_wd0.2_w6000_gc1_n64_bs354_sigFalse,ViT-M-32,datacomp_1b,imagenet1k,1280000000,14124,64000000,12467200000.0,1.6102650610369655,20,220805.60782122903,862.5219055516759,90624,256,zeroshot_classification,354,6000,0.001,cosine,NVIDIA-A100,0.95,0.9,103.12,39.69,63.43,9.74,2.0275,,clip,similarity,412.2278556254632,,,,acc1,0.53934,0.53934,0.80164,0.53934,,,,,,,,,,,,,,datacomp_s1.28B_bs_90624_ViT-M-32_ep20_lr0.001_b1_0.9_b2_0.95_wd0.2_w6000_gc1_n64_bs354_sigFalse_20,/p/data1/mmlaion/experiments/autoexp/jjitsev/logs/datacomp_s1.28B_bs_90624_ViT-M-32_ep20_lr0.001_b1_0.9_b2_0.95_wd0.2_w6000_gc1_n64_bs354_sigFalse_epoch_20,ViT-M-32_clip,1.28B,2
12,670,6147,7480,clip_ViT-M-32_s1.28B_datacomp_1b_globalbs90624_lr0.002_b1_0.9_b2_0.95_sched_cosine_warmup10000_gpus256,20,20,1.0,0.90625,ViT-M-32,datacomp_s1.28B_bs_90624_ViT-M-32_ep20_lr0.002_b1_0.9_b2_0.95_wd0.2_w10000_gc1_n64_bs354_sigFalse,/p/data1/mmlaion/experiments/autoexp/jjitsev/logs/datacomp_s1.28B_bs_90624_ViT-M-32_ep20_lr0.002_b1_0.9_b2_0.95_wd0.2_w10000_gc1_n64_bs354_sigFalse/checkpoints/imagenet1k_epoch_20.pt_ViT-M-32_en_zeroshot_classification.json,/p/data1/mmlaion/experiments/autoexp/jjitsev/logs/datacomp_s1.28B_bs_90624_ViT-M-32_ep20_lr0.002_b1_0.9_b2_0.95_wd0.2_w10000_gc1_n64_bs354_sigFalse,ViT-M-32,datacomp_1b,imagenet1k,1280000000,14124,64000000,12467200000.0,1.6087690486716286,20,221010.93743016757,863.3239743365921,90624,256,zeroshot_classification,354,10000,0.002,cosine,NVIDIA-A100,0.95,0.9,103.12,39.69,63.43,9.74,1.9484,,clip,similarity,411.8448764599369,,,,acc1,0.5515,0.5515,0.81374,0.5515999999999999,,,,,,,,,,,,,,datacomp_s1.28B_bs_90624_ViT-M-32_ep20_lr0.002_b1_0.9_b2_0.95_wd0.2_w10000_gc1_n64_bs354_sigFalse_20,/p/data1/mmlaion/experiments/autoexp/jjitsev/logs/datacomp_s1.28B_bs_90624_ViT-M-32_ep20_lr0.002_b1_0.9_b2_0.95_wd0.2_w10000_gc1_n64_bs354_sigFalse_epoch_20,ViT-M-32_clip,1.28B,2
13,671,6167,7500,clip_ViT-M-32_s1.28B_datacomp_1b_globalbs90624_lr0.002_b1_0.9_b2_0.95_sched_cosine_warmup4000_gpus256,20,20,1.0,0.90625,ViT-M-32,datacomp_s3B_bs_90624_ViT-M-32_ep48_lr0.002_b1_0.9_b2_0.95_wd0.2_w4000_gc1_n64_bs354_sigFalse,/p/data1/mmlaion/experiments/autoexp/jjitsev/logs/datacomp_s3B_bs_90624_ViT-M-32_ep48_lr0.002_b1_0.9_b2_0.95_wd0.2_w4000_gc1_n64_bs354_sigFalse/checkpoints/imagenet1k_epoch_20.pt_ViT-M-32_en_zeroshot_classification.json,/p/data1/mmlaion/experiments/autoexp/jjitsev/logs/datacomp_s3B_bs_90624_ViT-M-32_ep48_lr0.002_b1_0.9_b2_0.95_wd0.2_w4000_gc1_n64_bs354_sigFalse,ViT-M-32,datacomp_1b,imagenet1k,1280000000,14124,64000000,12467200000.0,1.668647245204432,48,213080.12018561485,832.344219475058,90624,256,zeroshot_classification,354,4000,0.002,cosine,NVIDIA-A100,0.95,0.9,103.12,39.69,63.43,9.74,1.3932,,clip,similarity,427.1736947723346,,,,acc1,0.48002,0.56106,0.75594,0.47991999999999996,,,,,,,,,,,,,,datacomp_s3B_bs_90624_ViT-M-32_ep48_lr0.002_b1_0.9_b2_0.95_wd0.2_w4000_gc1_n64_bs354_sigFalse_20,/p/data1/mmlaion/experiments/autoexp/jjitsev/logs/datacomp_s3B_bs_90624_ViT-M-32_ep48_lr0.002_b1_0.9_b2_0.95_wd0.2_w4000_gc1_n64_bs354_sigFalse_epoch_20,ViT-M-32_clip,1.28B,2
14,672,6187,7520,clip_ViT-M-32_s1.28B_datacomp_1b_globalbs90624_lr0.002_b1_0.9_b2_0.95_sched_cosine_warmup6000_gpus256,20,20,1.0,0.90625,ViT-M-32,datacomp_s1.28B_bs_90624_ViT-M-32_ep20_lr0.002_b1_0.9_b2_0.95_wd0.2_w6000_gc1_n64_bs354_sigFalse,/p/data1/mmlaion/experiments/autoexp/jjitsev/logs/datacomp_s1.28B_bs_90624_ViT-M-32_ep20_lr0.002_b1_0.9_b2_0.95_wd0.2_w6000_gc1_n64_bs354_sigFalse/checkpoints/imagenet1k_epoch_20.pt_ViT-M-32_en_zeroshot_classification.json,/p/data1/mmlaion/experiments/autoexp/jjitsev/logs/datacomp_s1.28B_bs_90624_ViT-M-32_ep20_lr0.002_b1_0.9_b2_0.95_wd0.2_w6000_gc1_n64_bs354_sigFalse,ViT-M-32,datacomp_1b,imagenet1k,1280000000,14124,64000000,12467200000.0,1.602524966986475,20,221872.08491620113,866.6878317039107,90624,256,zeroshot_classification,354,6000,0.002,cosine,NVIDIA-A100,0.95,0.9,103.12,39.69,63.43,9.74,1.7892,,clip,similarity,410.2463915485376,,,,acc1,0.55598,0.55598,0.81554,0.55602,,,,,,,,,,,,,,datacomp_s1.28B_bs_90624_ViT-M-32_ep20_lr0.002_b1_0.9_b2_0.95_wd0.2_w6000_gc1_n64_bs354_sigFalse_20,/p/data1/mmlaion/experiments/autoexp/jjitsev/logs/datacomp_s1.28B_bs_90624_ViT-M-32_ep20_lr0.002_b1_0.9_b2_0.95_wd0.2_w6000_gc1_n64_bs354_sigFalse_epoch_20,ViT-M-32_clip,1.28B,2
15,673,6207,7540,clip_ViT-M-32_s1.28B_datacomp_1b_globalbs90624_lr0.003_b1_0.9_b2_0.95_sched_cosine_warmup10000_gpus256,20,20,1.0,0.90625,ViT-M-32,datacomp_s1.28B_bs_90624_ViT-M-32_ep20_lr0.003_b1_0.9_b2_0.95_wd0.2_w10000_gc1_n64_bs354_sigFalse,/p/data1/mmlaion/experiments/autoexp/jjitsev/logs/datacomp_s1.28B_bs_90624_ViT-M-32_ep20_lr0.003_b1_0.9_b2_0.95_wd0.2_w10000_gc1_n64_bs354_sigFalse/checkpoints/imagenet1k_epoch_20.pt_ViT-M-32_en_zeroshot_classification.json,/p/data1/mmlaion/experiments/autoexp/jjitsev/logs/datacomp_s1.28B_bs_90624_ViT-M-32_ep20_lr0.003_b1_0.9_b2_0.95_wd0.2_w10000_gc1_n64_bs354_sigFalse,ViT-M-32,datacomp_1b,imagenet1k,1280000000,14124,64000000,12467200000.0,1.5972272335993503,20,222607.9972067039,869.5624890886871,90624,256,zeroshot_classification,354,10000,0.003,cosine,NVIDIA-A100,0.95,0.9,103.12,39.69,63.43,9.74,1.9805,,clip,similarity,408.89017180143367,,,,acc1,0.55252,0.55252,0.8153,0.5525,,,,,,,,,,,,,,datacomp_s1.28B_bs_90624_ViT-M-32_ep20_lr0.003_b1_0.9_b2_0.95_wd0.2_w10000_gc1_n64_bs354_sigFalse_20,/p/data1/mmlaion/experiments/autoexp/jjitsev/logs/datacomp_s1.28B_bs_90624_ViT-M-32_ep20_lr0.003_b1_0.9_b2_0.95_wd0.2_w10000_gc1_n64_bs354_sigFalse_epoch_20,ViT-M-32_clip,1.28B,2
16,674,6227,7560,clip_ViT-M-32_s1.28B_datacomp_1b_globalbs90624_lr0.003_b1_0.9_b2_0.95_sched_cosine_warmup4000_gpus256,20,20,1.0,0.90625,ViT-M-32,datacomp_s1.28B_bs_90624_ViT-M-32_ep20_lr0.003_b1_0.9_b2_0.95_wd0.2_w4000_gc1_n64_bs354_sigFalse,/p/data1/mmlaion/experiments/autoexp/jjitsev/logs/datacomp_s1.28B_bs_90624_ViT-M-32_ep20_lr0.003_b1_0.9_b2_0.95_wd0.2_w4000_gc1_n64_bs354_sigFalse/checkpoints/imagenet1k_epoch_20.pt_ViT-M-32_en_zeroshot_classification.json,/p/data1/mmlaion/experiments/autoexp/jjitsev/logs/datacomp_s1.28B_bs_90624_ViT-M-32_ep20_lr0.003_b1_0.9_b2_0.95_wd0.2_w4000_gc1_n64_bs354_sigFalse,ViT-M-32,datacomp_1b,imagenet1k,1280000000,14124,64000000,12467200000.0,1.6063865703175073,20,221338.72513966478,864.6043950768155,90624,256,zeroshot_classification,354,4000,0.003,cosine,NVIDIA-A100,0.95,0.9,103.12,39.69,63.43,9.74,1.8334,,clip,similarity,411.2349620012819,,,,acc1,0.56284,0.56284,0.81828,0.5630200000000001,,,,,,,,,,,,,,datacomp_s1.28B_bs_90624_ViT-M-32_ep20_lr0.003_b1_0.9_b2_0.95_wd0.2_w4000_gc1_n64_bs354_sigFalse_20,/p/data1/mmlaion/experiments/autoexp/jjitsev/logs/datacomp_s1.28B_bs_90624_ViT-M-32_ep20_lr0.003_b1_0.9_b2_0.95_wd0.2_w4000_gc1_n64_bs354_sigFalse_epoch_20,ViT-M-32_clip,1.28B,2
17,675,6247,7580,clip_ViT-M-32_s1.28B_datacomp_1b_globalbs90624_lr0.003_b1_0.9_b2_0.95_sched_cosine_warmup6000_gpus256,20,20,1.0,0.90625,ViT-M-32,datacomp_s1.28B_bs_90624_ViT-M-32_ep20_lr0.003_b1_0.9_b2_0.95_wd0.2_w6000_gc1_n64_bs354_sigFalse,/p/data1/mmlaion/experiments/autoexp/jjitsev/logs/datacomp_s1.28B_bs_90624_ViT-M-32_ep20_lr0.003_b1_0.9_b2_0.95_wd0.2_w6000_gc1_n64_bs354_sigFalse/checkpoints/imagenet1k_epoch_20.pt_ViT-M-32_en_zeroshot_classification.json,/p/data1/mmlaion/experiments/autoexp/jjitsev/logs/datacomp_s1.28B_bs_90624_ViT-M-32_ep20_lr0.003_b1_0.9_b2_0.95_wd0.2_w6000_gc1_n64_bs354_sigFalse,ViT-M-32,datacomp_1b,imagenet1k,1280000000,14124,64000000,12467200000.0,1.6078624207391232,20,221135.5592178771,863.8107781948324,90624,256,zeroshot_classification,354,6000,0.003,cosine,NVIDIA-A100,0.95,0.9,103.12,39.69,63.43,9.74,1.884,,clip,similarity,411.61277970921554,,,,acc1,0.563,0.563,0.82124,0.5630799999999999,,,,,,,,,,,,,,datacomp_s1.28B_bs_90624_ViT-M-32_ep20_lr0.003_b1_0.9_b2_0.95_wd0.2_w6000_gc1_n64_bs354_sigFalse_20,/p/data1/mmlaion/experiments/autoexp/jjitsev/logs/datacomp_s1.28B_bs_90624_ViT-M-32_ep20_lr0.003_b1_0.9_b2_0.95_wd0.2_w6000_gc1_n64_bs354_sigFalse_epoch_20,ViT-M-32_clip,1.28B,2
18,676,6267,7600,clip_ViT-M-32_s1.28B_relaion2b-en_globalbs16384_lr0.001_b1_0.9_b2_0.95_sched_cosine_warmup6000_gpus64,20,20,1.0,0.90625,ViT-M-32,relaion_s1.28B_bs_16384_ViT-M-32_ep20_lr0.001_b1_0.9_b2_0.95_wd0.2_w6000_gc1_n16_bs256_sigFalse,/p/data1/mmlaion/experiments/autoexp/jjitsev/leonardo_logs/relaion_s1.28B_bs_16384_ViT-M-32_ep20_lr0.001_b1_0.9_b2_0.95_wd0.2_w6000_gc1_n16_bs256_sigFalse/checkpoints/imagenet1k_epoch_20.pt_ViT-M-32_en_zeroshot_classification.json,/p/data1/mmlaion/experiments/autoexp/jjitsev/leonardo_logs/relaion_s1.28B_bs_16384_ViT-M-32_ep20_lr0.001_b1_0.9_b2_0.95_wd0.2_w6000_gc1_n16_bs256_sigFalse,ViT-M-32,relaion2b-en,imagenet1k,1280000000,78125,64000000,12467200000.0,7.658941406532165,20,46423.58998233215,725.3685934739399,16384,64,zeroshot_classification,256,6000,0.001,cosine,NVIDIA-A100,0.95,0.9,103.12,39.69,63.43,9.74,0.75031,,clip,similarity,490.17225001805855,,,,acc1,0.51346,0.51346,0.79128,0.5134,,,,,,,,,,,,,,relaion_s1.28B_bs_16384_ViT-M-32_ep20_lr0.001_b1_0.9_b2_0.95_wd0.2_w6000_gc1_n16_bs256_sigFalse_20,/p/data1/mmlaion/experiments/autoexp/jjitsev/leonardo_logs/relaion_s1.28B_bs_16384_ViT-M-32_ep20_lr0.001_b1_0.9_b2_0.95_wd0.2_w6000_gc1_n16_bs256_sigFalse_epoch_20,ViT-M-32_clip,1.28B,2
19,677,6287,7620,clip_ViT-M-32_s1.28B_relaion2b-en_globalbs32768_lr0.0015_b1_0.9_b2_0.95_sched_cosine_warmup6000_gpus64,20,20,1.0,0.90625,ViT-M-32,relaion_s1.28B_bs_32768_ViT-M-32_ep20_lr0.0015_b1_0.9_b2_0.95_wd0.2_w6000_gc1_n16_bs512_sigFalse,/p/data1/mmlaion/experiments/autoexp/jjitsev/leonardo_logs/relaion_s1.28B_bs_32768_ViT-M-32_ep20_lr0.0015_b1_0.9_b2_0.95_wd0.2_w6000_gc1_n16_bs512_sigFalse/checkpoints/imagenet1k_epoch_20.pt_ViT-M-32_en_zeroshot_classification.json,/p/data1/mmlaion/experiments/autoexp/jjitsev/leonardo_logs/relaion_s1.28B_bs_32768_ViT-M-32_ep20_lr0.0015_b1_0.9_b2_0.95_wd0.2_w6000_gc1_n16_bs512_sigFalse,ViT-M-32,relaion2b-en,imagenet1k,1280000000,39062,64000000,12467200000.0,6.9922219087508095,20,50850.15324107143,794.5336443917411,32768,64,zeroshot_classification,512,6000,0.0015,cosine,NVIDIA-A100,0.95,0.9,103.12,39.69,63.43,9.74,0.98236,,clip,similarity,447.5022021600518,,,,acc1,0.5226,0.5226,0.79752,0.5226200000000001,,,,,,,,,,,,,,relaion_s1.28B_bs_32768_ViT-M-32_ep20_lr0.0015_b1_0.9_b2_0.95_wd0.2_w6000_gc1_n16_bs512_sigFalse_20,/p/data1/mmlaion/experiments/autoexp/jjitsev/leonardo_logs/relaion_s1.28B_bs_32768_ViT-M-32_ep20_lr0.0015_b1_0.9_b2_0.95_wd0.2_w6000_gc1_n16_bs512_sigFalse_epoch_20,ViT-M-32_clip,1.28B,2
20,678,6307,7640,clip_ViT-M-32_s1.28B_relaion2b-en_globalbs65536_lr0.002_b1_0.9_b2_0.95_sched_cosine_warmup6000_gpus128,20,20,1.0,0.90625,ViT-M-32,relaion_s1.28B_bs_65536_ViT-M-32_ep20_lr0.002_b1_0.9_b2_0.95_wd0.2_w6000_gc1_n32_bs512_sigFalse,/p/data1/mmlaion/experiments/autoexp/jjitsev/leonardo_logs/relaion_s1.28B_bs_65536_ViT-M-32_ep20_lr0.002_b1_0.9_b2_0.95_wd0.2_w6000_gc1_n32_bs512_sigFalse/checkpoints/imagenet1k_epoch_20.pt_ViT-M-32_en_zeroshot_classification.json,/p/data1/mmlaion/experiments/autoexp/jjitsev/leonardo_logs/relaion_s1.28B_bs_65536_ViT-M-32_ep20_lr0.002_b1_0.9_b2_0.95_wd0.2_w6000_gc1_n32_bs512_sigFalse,ViT-M-32,relaion2b-en,imagenet1k,1280000000,19531,64000000,12467200000.0,4.192613867361008,20,84805.22337711864,662.5408076337394,65536,128,zeroshot_classification,512,6000,0.002,cosine,NVIDIA-A100,0.95,0.9,103.12,39.69,63.43,9.74,1.2835,,clip,similarity,536.654575022209,,,,acc1,0.51924,0.51924,0.78866,0.5192599999999999,,,,,,,,,,,,,,relaion_s1.28B_bs_65536_ViT-M-32_ep20_lr0.002_b1_0.9_b2_0.95_wd0.2_w6000_gc1_n32_bs512_sigFalse_20,/p/data1/mmlaion/experiments/autoexp/jjitsev/leonardo_logs/relaion_s1.28B_bs_65536_ViT-M-32_ep20_lr0.002_b1_0.9_b2_0.95_wd0.2_w6000_gc1_n32_bs512_sigFalse_epoch_20,ViT-M-32_clip,1.28B,2
21,679,6327,7660,clip_ViT-M-32_s1.28B_relaion2b-en_globalbs90112_lr0.002_b1_0.9_b2_0.95_sched_cosine_warmup6000_gpus176,20,20,1.0,0.90625,ViT-M-32,relaion_s3B_bs_90112_ViT-M-32_ep48_lr0.002_b1_0.9_b2_0.95_wd0.2_w6000_gc1_n44_bs512_sigFalse,/p/data1/mmlaion/experiments/autoexp/jjitsev/leonardo_logs/relaion_s3B_bs_90112_ViT-M-32_ep48_lr0.002_b1_0.9_b2_0.95_wd0.2_w6000_gc1_n44_bs512_sigFalse/checkpoints/imagenet1k_epoch_20.pt_ViT-M-32_en_zeroshot_classification.json,/p/data1/mmlaion/experiments/autoexp/jjitsev/leonardo_logs/relaion_s3B_bs_90112_ViT-M-32_ep48_lr0.002_b1_0.9_b2_0.95_wd0.2_w6000_gc1_n44_bs512_sigFalse,ViT-M-32,relaion2b-en,imagenet1k,1280000000,14204,64000000,12467200000.0,2.6894910327844013,48,132201.79997679812,751.1465907772621,90112,176,zeroshot_classification,512,6000,0.002,cosine,NVIDIA-A100,0.95,0.9,103.12,39.69,63.43,9.74,1.128,,clip,similarity,473.3504217700546,,,,acc1,0.42842,0.51026,0.7094,0.42826,,,,,,,,,,,,,,relaion_s3B_bs_90112_ViT-M-32_ep48_lr0.002_b1_0.9_b2_0.95_wd0.2_w6000_gc1_n44_bs512_sigFalse_20,/p/data1/mmlaion/experiments/autoexp/jjitsev/leonardo_logs/relaion_s3B_bs_90112_ViT-M-32_ep48_lr0.002_b1_0.9_b2_0.95_wd0.2_w6000_gc1_n44_bs512_sigFalse_epoch_20,ViT-M-32_clip,1.28B,2
22,815,8115,9448,clip_ViT-M-32_s300M_dfn_2b_globalbs16384_lr0.0015_b1_0.9_b2_0.95_sched_cosine_warmup4000_gpus64,24,24,1.0,0.90625,ViT-M-32,dfn_s300M_bs_16384_ViT-M-32_ep24_lr0.0015_b1_0.9_b2_0.95_wd0.2_w4000_gc1_n16_bs256_sigFalse,/p/data1/mmlaion/experiments/autoexp/jjitsev/logs/dfn_s300M_bs_16384_ViT-M-32_ep24_lr0.0015_b1_0.9_b2_0.95_wd0.2_w4000_gc1_n16_bs256_sigFalse/checkpoints/imagenet1k_epoch_24.pt_ViT-M-32_en_zeroshot_classification.json,/p/data1/mmlaion/experiments/autoexp/jjitsev/logs/dfn_s300M_bs_16384_ViT-M-32_ep24_lr0.0015_b1_0.9_b2_0.95_wd0.2_w4000_gc1_n16_bs256_sigFalse,ViT-M-32,dfn_2b,imagenet1k,307200000,18750,12800000,2992128000.0,1.5594534085758531,24,54720.027455813964,855.0004289970932,16384,64,zeroshot_classification,256,4000,0.0015,cosine,NVIDIA-A100,0.95,0.9,103.12,39.69,63.43,9.74,1.4029,,clip,similarity,99.8050181488546,,,,acc1,0.52338,0.52338,0.79418,0.52332,,,,,,,,,,,,,,dfn_s300M_bs_16384_ViT-M-32_ep24_lr0.0015_b1_0.9_b2_0.95_wd0.2_w4000_gc1_n16_bs256_sigFalse_24,/p/data1/mmlaion/experiments/autoexp/jjitsev/logs/dfn_s300M_bs_16384_ViT-M-32_ep24_lr0.0015_b1_0.9_b2_0.95_wd0.2_w4000_gc1_n16_bs256_sigFalse_epoch_24,ViT-M-32_clip,300M,2
23,816,8139,9472,clip_ViT-M-32_s300M_dfn_2b_globalbs16384_lr0.002_b1_0.9_b2_0.95_sched_cosine_warmup4000_gpus64,24,24,1.0,0.90625,ViT-M-32,dfn_s300M_bs_16384_ViT-M-32_ep24_lr0.002_b1_0.9_b2_0.95_wd0.2_w4000_gc1_n16_bs256_sigFalse,/p/data1/mmlaion/experiments/autoexp/jjitsev/logs/dfn_s300M_bs_16384_ViT-M-32_ep24_lr0.002_b1_0.9_b2_0.95_wd0.2_w4000_gc1_n16_bs256_sigFalse/checkpoints/imagenet1k_epoch_24.pt_ViT-M-32_en_zeroshot_classification.json,/p/data1/mmlaion/experiments/autoexp/jjitsev/logs/dfn_s300M_bs_16384_ViT-M-32_ep24_lr0.002_b1_0.9_b2_0.95_wd0.2_w4000_gc1_n16_bs256_sigFalse,ViT-M-32,dfn_2b,imagenet1k,307200000,18750,12800000,2992128000.0,1.535356442021861,24,55578.842148837204,868.4194085755813,16384,64,zeroshot_classification,256,4000,0.002,cosine,NVIDIA-A100,0.95,0.9,103.12,39.69,63.43,9.74,1.3369,,clip,similarity,98.26281228939911,,,,acc1,0.5257,0.5257,0.79658,0.5256799999999999,,,,,,,,,,,,,,dfn_s300M_bs_16384_ViT-M-32_ep24_lr0.002_b1_0.9_b2_0.95_wd0.2_w4000_gc1_n16_bs256_sigFalse_24,/p/data1/mmlaion/experiments/autoexp/jjitsev/logs/dfn_s300M_bs_16384_ViT-M-32_ep24_lr0.002_b1_0.9_b2_0.95_wd0.2_w4000_gc1_n16_bs256_sigFalse_epoch_24,ViT-M-32_clip,300M,2
24,817,8163,9496,clip_ViT-M-32_s300M_dfn_2b_globalbs32768_lr0.0015_b1_0.9_b2_0.95_sched_cosine_warmup4000_gpus64,24,24,1.0,0.90625,ViT-M-32,dfn_s300M_bs_32768_ViT-M-32_ep24_lr0.0015_b1_0.9_b2_0.95_wd0.2_w4000_gc1_n16_bs512_sigFalse,/p/data1/mmlaion/experiments/autoexp/jjitsev/logs/dfn_s300M_bs_32768_ViT-M-32_ep24_lr0.0015_b1_0.9_b2_0.95_wd0.2_w4000_gc1_n16_bs512_sigFalse/checkpoints/imagenet1k_epoch_24.pt_ViT-M-32_en_zeroshot_classification.json,/p/data1/mmlaion/experiments/autoexp/jjitsev/logs/dfn_s300M_bs_32768_ViT-M-32_ep24_lr0.0015_b1_0.9_b2_0.95_wd0.2_w4000_gc1_n16_bs512_sigFalse,ViT-M-32,dfn_2b,imagenet1k,307200000,9375,12800000,2992128000.0,1.5406226036849102,24,55388.86235294117,865.4509742647058,32768,64,zeroshot_classification,512,4000,0.0015,cosine,NVIDIA-A100,0.95,0.9,103.12,39.69,63.43,9.74,1.9693,,clip,similarity,98.59984663583425,,,,acc1,0.50474,0.50474,0.77296,0.50472,,,,,,,,,,,,,,dfn_s300M_bs_32768_ViT-M-32_ep24_lr0.0015_b1_0.9_b2_0.95_wd0.2_w4000_gc1_n16_bs512_sigFalse_24,/p/data1/mmlaion/experiments/autoexp/jjitsev/logs/dfn_s300M_bs_32768_ViT-M-32_ep24_lr0.0015_b1_0.9_b2_0.95_wd0.2_w4000_gc1_n16_bs512_sigFalse_epoch_24,ViT-M-32_clip,300M,2
25,818,8187,9520,clip_ViT-M-32_s300M_dfn_2b_globalbs32768_lr0.002_b1_0.9_b2_0.95_sched_cosine_warmup4000_gpus64,24,24,1.0,0.90625,ViT-M-32,dfn_s300M_bs_32768_ViT-M-32_ep24_lr0.002_b1_0.9_b2_0.95_wd0.2_w4000_gc1_n16_bs512_sigFalse,/p/data1/mmlaion/experiments/autoexp/jjitsev/logs/dfn_s300M_bs_32768_ViT-M-32_ep24_lr0.002_b1_0.9_b2_0.95_wd0.2_w4000_gc1_n16_bs512_sigFalse/checkpoints/imagenet1k_epoch_24.pt_ViT-M-32_en_zeroshot_classification.json,/p/data1/mmlaion/experiments/autoexp/jjitsev/logs/dfn_s300M_bs_32768_ViT-M-32_ep24_lr0.002_b1_0.9_b2_0.95_wd0.2_w4000_gc1_n16_bs512_sigFalse,ViT-M-32,dfn_2b,imagenet1k,307200000,9375,12800000,2992128000.0,1.5098312101188214,24,56518.45899159664,883.1009217436975,32768,64,zeroshot_classification,512,4000,0.002,cosine,NVIDIA-A100,0.95,0.9,103.12,39.69,63.43,9.74,1.9847,,clip,similarity,96.62919744760457,,,,acc1,0.5096,0.5096,0.7777,0.5095200000000001,,,,,,,,,,,,,,dfn_s300M_bs_32768_ViT-M-32_ep24_lr0.002_b1_0.9_b2_0.95_wd0.2_w4000_gc1_n16_bs512_sigFalse_24,/p/data1/mmlaion/experiments/autoexp/jjitsev/logs/dfn_s300M_bs_32768_ViT-M-32_ep24_lr0.002_b1_0.9_b2_0.95_wd0.2_w4000_gc1_n16_bs512_sigFalse_epoch_24,ViT-M-32_clip,300M,2
26,853,8693,10026,clip_ViT-M-32_s3B_datacomp_1b_globalbs90624_lr0.002_b1_0.9_b2_0.95_sched_cosine_warmup4000_gpus256,48,48,1.0,0.90625,ViT-M-32,datacomp_s3B_bs_90624_ViT-M-32_ep48_lr0.002_b1_0.9_b2_0.95_wd0.2_w4000_gc1_n64_bs354_sigFalse,/p/data1/mmlaion/experiments/autoexp/jjitsev/logs/datacomp_s3B_bs_90624_ViT-M-32_ep48_lr0.002_b1_0.9_b2_0.95_wd0.2_w4000_gc1_n64_bs354_sigFalse/checkpoints/imagenet1k_epoch_48.pt_ViT-M-32_en_zeroshot_classification.json,/p/data1/mmlaion/experiments/autoexp/jjitsev/logs/datacomp_s3B_bs_90624_ViT-M-32_ep48_lr0.002_b1_0.9_b2_0.95_wd0.2_w4000_gc1_n64_bs354_sigFalse,ViT-M-32,datacomp_1b,imagenet1k,3072000000,33898,64000000,29921280000.0,4.004753388490637,48,213080.12018561485,832.344219475058,90624,256,zeroshot_classification,354,4000,0.002,cosine,NVIDIA-A100,0.95,0.9,103.12,39.69,63.43,9.74,1.3932,,clip,similarity,1025.216867453603,,,,acc1,0.60788,0.60788,0.85414,0.608,,,,,,,,,,,,,,datacomp_s3B_bs_90624_ViT-M-32_ep48_lr0.002_b1_0.9_b2_0.95_wd0.2_w4000_gc1_n64_bs354_sigFalse_48,/p/data1/mmlaion/experiments/autoexp/jjitsev/logs/datacomp_s3B_bs_90624_ViT-M-32_ep48_lr0.002_b1_0.9_b2_0.95_wd0.2_w4000_gc1_n64_bs354_sigFalse_epoch_48,ViT-M-32_clip,3B,5
27,854,8741,10074,clip_ViT-M-32_s3B_relaion2b-en_globalbs32768_lr0.0015_b1_0.9_b2_0.95_sched_cosine_warmup10000_gpus128,48,48,1.0,0.90625,ViT-M-32,relaion_s3B_bs_32768_ViT-M-32_ep48_lr0.0015_b1_0.9_b2_0.95_wd0.2_w10000_gc1_n32_bs256_sigFalse,/p/data1/mmlaion/experiments/autoexp/jjitsev/leonardo_logs/relaion_s3B_bs_32768_ViT-M-32_ep48_lr0.0015_b1_0.9_b2_0.95_wd0.2_w10000_gc1_n32_bs256_sigFalse/checkpoints/imagenet1k_epoch_48.pt_ViT-M-32_en_zeroshot_classification.json,/p/data1/mmlaion/experiments/autoexp/jjitsev/leonardo_logs/relaion_s3B_bs_32768_ViT-M-32_ep48_lr0.0015_b1_0.9_b2_0.95_wd0.2_w10000_gc1_n32_bs256_sigFalse,ViT-M-32,relaion2b-en,imagenet1k,3072000000,93750,64000000,29921280000.0,10.04959270639632,48,84912.2306011673,663.3768015716196,32768,128,zeroshot_classification,256,10000,0.0015,cosine,NVIDIA-A100,0.95,0.9,103.12,39.69,63.43,9.74,0.76004,,clip,similarity,1286.347866418729,,,,acc1,0.55914,0.55914,0.82676,0.5593400000000001,,,,,,,,,,,,,,relaion_s3B_bs_32768_ViT-M-32_ep48_lr0.0015_b1_0.9_b2_0.95_wd0.2_w10000_gc1_n32_bs256_sigFalse_48,/p/data1/mmlaion/experiments/autoexp/jjitsev/leonardo_logs/relaion_s3B_bs_32768_ViT-M-32_ep48_lr0.0015_b1_0.9_b2_0.95_wd0.2_w10000_gc1_n32_bs256_sigFalse_epoch_48,ViT-M-32_clip,3B,5
28,855,8789,10122,clip_ViT-M-32_s3B_relaion2b-en_globalbs65536_lr0.002_b1_0.9_b2_0.95_sched_cosine_warmup10000_gpus128,48,48,1.0,0.90625,ViT-M-32,relaion_s3B_bs_65536_ViT-M-32_ep48_lr0.002_b1_0.9_b2_0.95_wd0.2_w10000_gc1_n32_bs512_sigFalse,/p/data1/mmlaion/experiments/autoexp/jjitsev/leonardo_logs/relaion_s3B_bs_65536_ViT-M-32_ep48_lr0.002_b1_0.9_b2_0.95_wd0.2_w10000_gc1_n32_bs512_sigFalse/checkpoints/imagenet1k_epoch_48.pt_ViT-M-32_en_zeroshot_classification.json,/p/data1/mmlaion/experiments/autoexp/jjitsev/leonardo_logs/relaion_s3B_bs_65536_ViT-M-32_ep48_lr0.002_b1_0.9_b2_0.95_wd0.2_w10000_gc1_n32_bs512_sigFalse,ViT-M-32,relaion2b-en,imagenet1k,3072000000,46875,64000000,29921280000.0,9.104461502705153,48,93726.94179439252,732.2417327686916,65536,128,zeroshot_classification,512,10000,0.002,cosine,NVIDIA-A100,0.95,0.9,103.12,39.69,63.43,9.74,0.96675,,clip,similarity,1165.3710723462596,,,,acc1,0.56282,0.56282,0.82982,0.56286,,,,,,,,,,,,,,relaion_s3B_bs_65536_ViT-M-32_ep48_lr0.002_b1_0.9_b2_0.95_wd0.2_w10000_gc1_n32_bs512_sigFalse_48,/p/data1/mmlaion/experiments/autoexp/jjitsev/leonardo_logs/relaion_s3B_bs_65536_ViT-M-32_ep48_lr0.002_b1_0.9_b2_0.95_wd0.2_w10000_gc1_n32_bs512_sigFalse_epoch_48,ViT-M-32_clip,3B,5
29,856,8837,10170,clip_ViT-M-32_s3B_relaion2b-en_globalbs90112_lr0.002_b1_0.9_b2_0.95_sched_cosine_warmup6000_gpus176,48,48,1.0,0.90625,ViT-M-32,relaion_s3B_bs_90112_ViT-M-32_ep48_lr0.002_b1_0.9_b2_0.95_wd0.2_w6000_gc1_n44_bs512_sigFalse,/p/data1/mmlaion/experiments/autoexp/jjitsev/leonardo_logs/relaion_s3B_bs_90112_ViT-M-32_ep48_lr0.002_b1_0.9_b2_0.95_wd0.2_w6000_gc1_n44_bs512_sigFalse/checkpoints/imagenet1k_epoch_48.pt_ViT-M-32_en_zeroshot_classification.json,/p/data1/mmlaion/experiments/autoexp/jjitsev/leonardo_logs/relaion_s3B_bs_90112_ViT-M-32_ep48_lr0.002_b1_0.9_b2_0.95_wd0.2_w6000_gc1_n44_bs512_sigFalse,ViT-M-32,relaion2b-en,imagenet1k,3072000000,34090,64000000,29921280000.0,6.454778478682562,48,132201.79997679812,751.1465907772621,90112,176,zeroshot_classification,512,6000,0.002,cosine,NVIDIA-A100,0.95,0.9,103.12,39.69,63.43,9.74,1.128,,clip,similarity,1136.041012248131,,,,acc1,0.56342,0.56342,0.82856,0.5634,,,,,,,,,,,,,,relaion_s3B_bs_90112_ViT-M-32_ep48_lr0.002_b1_0.9_b2_0.95_wd0.2_w6000_gc1_n44_bs512_sigFalse_48,/p/data1/mmlaion/experiments/autoexp/jjitsev/leonardo_logs/relaion_s3B_bs_90112_ViT-M-32_ep48_lr0.002_b1_0.9_b2_0.95_wd0.2_w6000_gc1_n44_bs512_sigFalse_epoch_48,ViT-M-32_clip,3B,5
30,915,9492,10825,clip_ViT-M-32_s640M_datacomp_1b_globalbs16384_lr0.0015_b1_0.9_b2_0.95_sched_cosine_warmup10000_gpus64,25,25,1.0,0.90625,ViT-M-32,datacomp_s640M_bs_16384_ViT-M-32_ep25_lr0.0015_b1_0.9_b2_0.95_wd0.2_w10000_gc1_n16_bs256_sigFalse,/p/data1/mmlaion/experiments/autoexp/jjitsev/logs/datacomp_s640M_bs_16384_ViT-M-32_ep25_lr0.0015_b1_0.9_b2_0.95_wd0.2_w10000_gc1_n16_bs256_sigFalse/checkpoints/imagenet1k_epoch_25.pt_ViT-M-32_en_zeroshot_classification.json,/p/data1/mmlaion/experiments/autoexp/jjitsev/logs/datacomp_s640M_bs_16384_ViT-M-32_ep25_lr0.0015_b1_0.9_b2_0.95_wd0.2_w10000_gc1_n16_bs256_sigFalse,ViT-M-32,datacomp_1b,imagenet1k,640000000,39062,25600000,6233600000.0,2.678072518149101,25,66382.73481132076,1037.2302314268868,16384,64,zeroshot_classification,256,10000,0.0015,cosine,NVIDIA-A100,0.95,0.9,103.12,39.69,63.43,9.74,1.1596,,clip,similarity,171.39664116154248,,,,acc1,0.53386,0.53386,0.80286,0.53366,,,,,,,,,,,,,,datacomp_s640M_bs_16384_ViT-M-32_ep25_lr0.0015_b1_0.9_b2_0.95_wd0.2_w10000_gc1_n16_bs256_sigFalse_25,/p/data1/mmlaion/experiments/autoexp/jjitsev/logs/datacomp_s640M_bs_16384_ViT-M-32_ep25_lr0.0015_b1_0.9_b2_0.95_wd0.2_w10000_gc1_n16_bs256_sigFalse_epoch_25,ViT-M-32_clip,640M,2
31,916,9517,10850,clip_ViT-M-32_s640M_datacomp_1b_globalbs16384_lr0.0015_b1_0.9_b2_0.95_sched_cosine_warmup4000_gpus64,25,25,1.0,0.90625,ViT-M-32,datacomp_s640M_bs_16384_ViT-M-32_ep25_lr0.0015_b1_0.9_b2_0.95_wd0.2_w4000_gc1_n16_bs256_sigFalse,/p/data1/mmlaion/experiments/autoexp/jjitsev/logs/datacomp_s640M_bs_16384_ViT-M-32_ep25_lr0.0015_b1_0.9_b2_0.95_wd0.2_w4000_gc1_n16_bs256_sigFalse/checkpoints/imagenet1k_epoch_25.pt_ViT-M-32_en_zeroshot_classification.json,/p/data1/mmlaion/experiments/autoexp/jjitsev/logs/datacomp_s640M_bs_16384_ViT-M-32_ep25_lr0.0015_b1_0.9_b2_0.95_wd0.2_w4000_gc1_n16_bs256_sigFalse,ViT-M-32,datacomp_1b,imagenet1k,640000000,39062,25600000,6233600000.0,2.6657424858111916,25,66689.7791981132,1042.0277999705188,16384,64,zeroshot_classification,256,4000,0.0015,cosine,NVIDIA-A100,0.95,0.9,103.12,39.69,63.43,9.74,1.1677,,clip,similarity,170.60751909191626,,,,acc1,0.53608,0.53608,0.8043,0.5363199999999999,,,,,,,,,,,,,,datacomp_s640M_bs_16384_ViT-M-32_ep25_lr0.0015_b1_0.9_b2_0.95_wd0.2_w4000_gc1_n16_bs256_sigFalse_25,/p/data1/mmlaion/experiments/autoexp/jjitsev/logs/datacomp_s640M_bs_16384_ViT-M-32_ep25_lr0.0015_b1_0.9_b2_0.95_wd0.2_w4000_gc1_n16_bs256_sigFalse_epoch_25,ViT-M-32_clip,640M,2
32,917,9542,10875,clip_ViT-M-32_s640M_datacomp_1b_globalbs16384_lr0.001_b1_0.9_b2_0.95_sched_cosine_warmup10000_gpus64,25,25,1.0,0.90625,ViT-M-32,datacomp_s640M_bs_16384_ViT-M-32_ep25_lr0.001_b1_0.9_b2_0.95_wd0.2_w10000_gc1_n16_bs256_sigFalse,/p/data1/mmlaion/experiments/autoexp/jjitsev/logs/datacomp_s640M_bs_16384_ViT-M-32_ep25_lr0.001_b1_0.9_b2_0.95_wd0.2_w10000_gc1_n16_bs256_sigFalse/checkpoints/imagenet1k_epoch_25.pt_ViT-M-32_en_zeroshot_classification.json,/p/data1/mmlaion/experiments/autoexp/jjitsev/logs/datacomp_s640M_bs_16384_ViT-M-32_ep25_lr0.001_b1_0.9_b2_0.95_wd0.2_w10000_gc1_n16_bs256_sigFalse,ViT-M-32,datacomp_1b,imagenet1k,640000000,39062,25600000,6233600000.0,2.6973112691229444,25,65909.25556603774,1029.8321182193397,16384,64,zeroshot_classification,256,10000,0.001,cosine,NVIDIA-A100,0.95,0.9,103.12,39.69,63.43,9.74,1.1794,,clip,similarity,172.62792122386844,,,,acc1,0.5317,0.5317,0.80392,0.5315,,,,,,,,,,,,,,datacomp_s640M_bs_16384_ViT-M-32_ep25_lr0.001_b1_0.9_b2_0.95_wd0.2_w10000_gc1_n16_bs256_sigFalse_25,/p/data1/mmlaion/experiments/autoexp/jjitsev/logs/datacomp_s640M_bs_16384_ViT-M-32_ep25_lr0.001_b1_0.9_b2_0.95_wd0.2_w10000_gc1_n16_bs256_sigFalse_epoch_25,ViT-M-32_clip,640M,2
33,918,9567,10900,clip_ViT-M-32_s640M_datacomp_1b_globalbs16384_lr0.001_b1_0.9_b2_0.95_sched_cosine_warmup4000_gpus64,25,25,1.0,0.90625,ViT-M-32,datacomp_s640M_bs_16384_ViT-M-32_ep25_lr0.001_b1_0.9_b2_0.95_wd0.2_w4000_gc1_n16_bs256_sigFalse,/p/data1/mmlaion/experiments/autoexp/jjitsev/logs/datacomp_s640M_bs_16384_ViT-M-32_ep25_lr0.001_b1_0.9_b2_0.95_wd0.2_w4000_gc1_n16_bs256_sigFalse/checkpoints/imagenet1k_epoch_25.pt_ViT-M-32_en_zeroshot_classification.json,/p/data1/mmlaion/experiments/autoexp/jjitsev/logs/datacomp_s640M_bs_16384_ViT-M-32_ep25_lr0.001_b1_0.9_b2_0.95_wd0.2_w4000_gc1_n16_bs256_sigFalse,ViT-M-32,datacomp_1b,imagenet1k,640000000,39062,25600000,6233600000.0,2.671868385756506,25,66536.87686320755,1039.638700987618,16384,64,zeroshot_classification,256,4000,0.001,cosine,NVIDIA-A100,0.95,0.9,103.12,39.69,63.43,9.74,1.1501,,clip,similarity,170.9995766884164,,,,acc1,0.53326,0.53326,0.80086,0.5331800000000001,,,,,,,,,,,,,,datacomp_s640M_bs_16384_ViT-M-32_ep25_lr0.001_b1_0.9_b2_0.95_wd0.2_w4000_gc1_n16_bs256_sigFalse_25,/p/data1/mmlaion/experiments/autoexp/jjitsev/logs/datacomp_s640M_bs_16384_ViT-M-32_ep25_lr0.001_b1_0.9_b2_0.95_wd0.2_w4000_gc1_n16_bs256_sigFalse_epoch_25,ViT-M-32_clip,640M,2
34,919,9592,10925,clip_ViT-M-32_s640M_datacomp_1b_globalbs16384_lr0.002_b1_0.9_b2_0.95_sched_cosine_warmup10000_gpus64,25,25,1.0,0.90625,ViT-M-32,datacomp_s640M_bs_16384_ViT-M-32_ep25_lr0.002_b1_0.9_b2_0.95_wd0.2_w10000_gc1_n16_bs256_sigFalse,/p/data1/mmlaion/experiments/autoexp/jjitsev/logs/datacomp_s640M_bs_16384_ViT-M-32_ep25_lr0.002_b1_0.9_b2_0.95_wd0.2_w10000_gc1_n16_bs256_sigFalse/checkpoints/imagenet1k_epoch_25.pt_ViT-M-32_en_zeroshot_classification.json,/p/data1/mmlaion/experiments/autoexp/jjitsev/logs/datacomp_s640M_bs_16384_ViT-M-32_ep25_lr0.002_b1_0.9_b2_0.95_wd0.2_w10000_gc1_n16_bs256_sigFalse,ViT-M-32,datacomp_1b,imagenet1k,640000000,39062,25600000,6233600000.0,2.6799483628463068,25,66336.26984848485,1036.5042163825758,16384,64,zeroshot_classification,256,10000,0.002,cosine,NVIDIA-A100,0.95,0.9,103.12,39.69,63.43,9.74,1.1844,,clip,similarity,171.51669522216363,,,,acc1,0.53124,0.53124,0.80064,0.53144,,,,,,,,,,,,,,datacomp_s640M_bs_16384_ViT-M-32_ep25_lr0.002_b1_0.9_b2_0.95_wd0.2_w10000_gc1_n16_bs256_sigFalse_25,/p/data1/mmlaion/experiments/autoexp/jjitsev/logs/datacomp_s640M_bs_16384_ViT-M-32_ep25_lr0.002_b1_0.9_b2_0.95_wd0.2_w10000_gc1_n16_bs256_sigFalse_epoch_25,ViT-M-32_clip,640M,2
35,920,9617,10950,clip_ViT-M-32_s640M_datacomp_1b_globalbs16384_lr0.002_b1_0.9_b2_0.95_sched_cosine_warmup4000_gpus64,25,25,1.0,0.90625,ViT-M-32,datacomp_s640M_bs_16384_ViT-M-32_ep25_lr0.002_b1_0.9_b2_0.95_wd0.2_w4000_gc1_n16_bs256_sigFalse,/p/data1/mmlaion/experiments/autoexp/jjitsev/logs/datacomp_s640M_bs_16384_ViT-M-32_ep25_lr0.002_b1_0.9_b2_0.95_wd0.2_w4000_gc1_n16_bs256_sigFalse/checkpoints/imagenet1k_epoch_25.pt_ViT-M-32_en_zeroshot_classification.json,/p/data1/mmlaion/experiments/autoexp/jjitsev/logs/datacomp_s640M_bs_16384_ViT-M-32_ep25_lr0.002_b1_0.9_b2_0.95_wd0.2_w4000_gc1_n16_bs256_sigFalse,ViT-M-32,datacomp_1b,imagenet1k,640000000,39062,25600000,6233600000.0,2.6523619391856736,25,67026.21356132075,1047.2845868956367,16384,64,zeroshot_classification,256,4000,0.002,cosine,NVIDIA-A100,0.95,0.9,103.12,39.69,63.43,9.74,1.1192,,clip,similarity,169.7511641078831,,,,acc1,0.53616,0.53616,0.80176,0.53624,,,,,,,,,,,,,,datacomp_s640M_bs_16384_ViT-M-32_ep25_lr0.002_b1_0.9_b2_0.95_wd0.2_w4000_gc1_n16_bs256_sigFalse_25,/p/data1/mmlaion/experiments/autoexp/jjitsev/logs/datacomp_s640M_bs_16384_ViT-M-32_ep25_lr0.002_b1_0.9_b2_0.95_wd0.2_w4000_gc1_n16_bs256_sigFalse_epoch_25,ViT-M-32_clip,640M,2
36,921,9642,10975,clip_ViT-M-32_s640M_datacomp_1b_globalbs32800_lr0.0015_b1_0.9_b2_0.95_sched_cosine_warmup4000_gpus80,25,25,1.0,0.90625,ViT-M-32,datacomp_s640M_bs_32800_ViT-M-32_ep25_lr0.0015_b1_0.9_b2_0.95_wd0.2_w4000_gc1_n20_bs410_sigFalse,/p/data1/mmlaion/experiments/autoexp/jjitsev/logs/datacomp_s640M_bs_32800_ViT-M-32_ep25_lr0.0015_b1_0.9_b2_0.95_wd0.2_w4000_gc1_n20_bs410_sigFalse/checkpoints/imagenet1k_epoch_25.pt_ViT-M-32_en_zeroshot_classification.json,/p/data1/mmlaion/experiments/autoexp/jjitsev/logs/datacomp_s640M_bs_32800_ViT-M-32_ep25_lr0.0015_b1_0.9_b2_0.95_wd0.2_w4000_gc1_n20_bs410_sigFalse,ViT-M-32,datacomp_1b,imagenet1k,640000000,19512,25600000,6233600000.0,2.1873318982568546,25,81276.08705357143,1015.951088169643,32800,80,zeroshot_classification,410,4000,0.0015,cosine,NVIDIA-A100,0.95,0.9,103.12,39.69,63.43,9.74,1.5362,,clip,similarity,174.98655186054836,,,,acc1,0.53092,0.53092,0.79882,0.53118,,,,,,,,,,,,,,datacomp_s640M_bs_32800_ViT-M-32_ep25_lr0.0015_b1_0.9_b2_0.95_wd0.2_w4000_gc1_n20_bs410_sigFalse_25,/p/data1/mmlaion/experiments/autoexp/jjitsev/logs/datacomp_s640M_bs_32800_ViT-M-32_ep25_lr0.0015_b1_0.9_b2_0.95_wd0.2_w4000_gc1_n20_bs410_sigFalse_epoch_25,ViT-M-32_clip,640M,2
37,922,9667,11000,clip_ViT-M-32_s640M_datacomp_1b_globalbs32800_lr0.0015_b1_0.9_b2_0.95_sched_cosine_warmup6000_gpus80,25,25,1.0,0.90625,ViT-M-32,datacomp_s640M_bs_32800_ViT-M-32_ep25_lr0.0015_b1_0.9_b2_0.95_wd0.2_w6000_gc1_n20_bs410_sigFalse,/p/data1/mmlaion/experiments/autoexp/jjitsev/logs/datacomp_s640M_bs_32800_ViT-M-32_ep25_lr0.0015_b1_0.9_b2_0.95_wd0.2_w6000_gc1_n20_bs410_sigFalse/checkpoints/imagenet1k_epoch_25.pt_ViT-M-32_en_zeroshot_classification.json,/p/data1/mmlaion/experiments/autoexp/jjitsev/logs/datacomp_s640M_bs_32800_ViT-M-32_ep25_lr0.0015_b1_0.9_b2_0.95_wd0.2_w6000_gc1_n20_bs410_sigFalse,ViT-M-32,datacomp_1b,imagenet1k,640000000,19512,25600000,6233600000.0,2.140470339132199,25,83055.47361607142,1038.193420200893,32800,80,zeroshot_classification,410,6000,0.0015,cosine,NVIDIA-A100,0.95,0.9,103.12,39.69,63.43,9.74,1.5743,,clip,similarity,171.2376271305759,,,,acc1,0.53458,0.53458,0.80092,0.5346200000000001,,,,,,,,,,,,,,datacomp_s640M_bs_32800_ViT-M-32_ep25_lr0.0015_b1_0.9_b2_0.95_wd0.2_w6000_gc1_n20_bs410_sigFalse_25,/p/data1/mmlaion/experiments/autoexp/jjitsev/logs/datacomp_s640M_bs_32800_ViT-M-32_ep25_lr0.0015_b1_0.9_b2_0.95_wd0.2_w6000_gc1_n20_bs410_sigFalse_epoch_25,ViT-M-32_clip,640M,2
38,923,9692,11025,clip_ViT-M-32_s640M_datacomp_1b_globalbs32800_lr0.001_b1_0.9_b2_0.95_sched_cosine_warmup4000_gpus80,25,25,1.0,0.90625,ViT-M-32,datacomp_s640M_bs_32800_ViT-M-32_ep25_lr0.001_b1_0.9_b2_0.95_wd0.2_w4000_gc1_n20_bs410_sigFalse,/p/data1/mmlaion/experiments/autoexp/jjitsev/logs/datacomp_s640M_bs_32800_ViT-M-32_ep25_lr0.001_b1_0.9_b2_0.95_wd0.2_w4000_gc1_n20_bs410_sigFalse/checkpoints/imagenet1k_epoch_25.pt_ViT-M-32_en_zeroshot_classification.json,/p/data1/mmlaion/experiments/autoexp/jjitsev/logs/datacomp_s640M_bs_32800_ViT-M-32_ep25_lr0.001_b1_0.9_b2_0.95_wd0.2_w4000_gc1_n20_bs410_sigFalse,ViT-M-32,datacomp_1b,imagenet1k,640000000,19512,25600000,6233600000.0,2.170881650145446,25,81891.97129464286,1023.6496411830358,32800,80,zeroshot_classification,410,4000,0.001,cosine,NVIDIA-A100,0.95,0.9,103.12,39.69,63.43,9.74,1.6253,,clip,similarity,173.6705320116357,,,,acc1,0.52204,0.52204,0.7924,0.5219,,,,,,,,,,,,,,datacomp_s640M_bs_32800_ViT-M-32_ep25_lr0.001_b1_0.9_b2_0.95_wd0.2_w4000_gc1_n20_bs410_sigFalse_25,/p/data1/mmlaion/experiments/autoexp/jjitsev/logs/datacomp_s640M_bs_32800_ViT-M-32_ep25_lr0.001_b1_0.9_b2_0.95_wd0.2_w4000_gc1_n20_bs410_sigFalse_epoch_25,ViT-M-32_clip,640M,2
39,924,9717,11050,clip_ViT-M-32_s640M_datacomp_1b_globalbs32800_lr0.001_b1_0.9_b2_0.95_sched_cosine_warmup6000_gpus80,25,25,1.0,0.90625,ViT-M-32,datacomp_s640M_bs_32800_ViT-M-32_ep25_lr0.001_b1_0.9_b2_0.95_wd0.2_w6000_gc1_n20_bs410_sigFalse,/p/data1/mmlaion/experiments/autoexp/jjitsev/logs/datacomp_s640M_bs_32800_ViT-M-32_ep25_lr0.001_b1_0.9_b2_0.95_wd0.2_w6000_gc1_n20_bs410_sigFalse/checkpoints/imagenet1k_epoch_25.pt_ViT-M-32_en_zeroshot_classification.json,/p/data1/mmlaion/experiments/autoexp/jjitsev/logs/datacomp_s640M_bs_32800_ViT-M-32_ep25_lr0.001_b1_0.9_b2_0.95_wd0.2_w6000_gc1_n20_bs410_sigFalse,ViT-M-32,datacomp_1b,imagenet1k,640000000,19512,25600000,6233600000.0,2.168886507180393,25,81967.303125,1024.5912890625,32800,80,zeroshot_classification,410,6000,0.001,cosine,NVIDIA-A100,0.95,0.9,103.12,39.69,63.43,9.74,1.6656,,clip,similarity,173.51092057443142,,,,acc1,0.52442,0.52442,0.79328,0.5243199999999999,,,,,,,,,,,,,,datacomp_s640M_bs_32800_ViT-M-32_ep25_lr0.001_b1_0.9_b2_0.95_wd0.2_w6000_gc1_n20_bs410_sigFalse_25,/p/data1/mmlaion/experiments/autoexp/jjitsev/logs/datacomp_s640M_bs_32800_ViT-M-32_ep25_lr0.001_b1_0.9_b2_0.95_wd0.2_w6000_gc1_n20_bs410_sigFalse_epoch_25,ViT-M-32_clip,640M,2
40,925,9742,11075,clip_ViT-M-32_s640M_datacomp_1b_globalbs32800_lr0.002_b1_0.9_b2_0.95_sched_cosine_warmup4000_gpus80,25,25,1.0,0.90625,ViT-M-32,datacomp_s640M_bs_32800_ViT-M-32_ep25_lr0.002_b1_0.9_b2_0.95_wd0.2_w4000_gc1_n20_bs410_sigFalse,/p/data1/mmlaion/experiments/autoexp/jjitsev/logs/datacomp_s640M_bs_32800_ViT-M-32_ep25_lr0.002_b1_0.9_b2_0.95_wd0.2_w4000_gc1_n20_bs410_sigFalse/checkpoints/imagenet1k_epoch_25.pt_ViT-M-32_en_zeroshot_classification.json,/p/data1/mmlaion/experiments/autoexp/jjitsev/logs/datacomp_s640M_bs_32800_ViT-M-32_ep25_lr0.002_b1_0.9_b2_0.95_wd0.2_w4000_gc1_n20_bs410_sigFalse,ViT-M-32,datacomp_1b,imagenet1k,640000000,19512,25600000,6233600000.0,2.1646213603349347,25,82128.81062500001,1026.6101328125,32800,80,zeroshot_classification,410,4000,0.002,cosine,NVIDIA-A100,0.95,0.9,103.12,39.69,63.43,9.74,1.5613,,clip,similarity,173.16970882679476,,,,acc1,0.53504,0.53504,0.8039,0.5348399999999999,,,,,,,,,,,,,,datacomp_s640M_bs_32800_ViT-M-32_ep25_lr0.002_b1_0.9_b2_0.95_wd0.2_w4000_gc1_n20_bs410_sigFalse_25,/p/data1/mmlaion/experiments/autoexp/jjitsev/logs/datacomp_s640M_bs_32800_ViT-M-32_ep25_lr0.002_b1_0.9_b2_0.95_wd0.2_w4000_gc1_n20_bs410_sigFalse_epoch_25,ViT-M-32_clip,640M,2
41,926,9767,11100,clip_ViT-M-32_s640M_datacomp_1b_globalbs32800_lr0.002_b1_0.9_b2_0.95_sched_cosine_warmup6000_gpus80,25,25,1.0,0.90625,ViT-M-32,datacomp_s640M_bs_32800_ViT-M-32_ep25_lr0.002_b1_0.9_b2_0.95_wd0.2_w6000_gc1_n20_bs410_sigFalse,/p/data1/mmlaion/experiments/autoexp/jjitsev/logs/datacomp_s640M_bs_32800_ViT-M-32_ep25_lr0.002_b1_0.9_b2_0.95_wd0.2_w6000_gc1_n20_bs410_sigFalse/checkpoints/imagenet1k_epoch_25.pt_ViT-M-32_en_zeroshot_classification.json,/p/data1/mmlaion/experiments/autoexp/jjitsev/logs/datacomp_s640M_bs_32800_ViT-M-32_ep25_lr0.002_b1_0.9_b2_0.95_wd0.2_w6000_gc1_n20_bs410_sigFalse,ViT-M-32,datacomp_1b,imagenet1k,640000000,19512,25600000,6233600000.0,2.162772482569701,25,82199.01964285714,1027.487745535714,32800,80,zeroshot_classification,410,6000,0.002,cosine,NVIDIA-A100,0.95,0.9,103.12,39.69,63.43,9.74,1.5011,,clip,similarity,173.02179860557607,,,,acc1,0.53662,0.53662,0.80296,0.5363600000000001,,,,,,,,,,,,,,datacomp_s640M_bs_32800_ViT-M-32_ep25_lr0.002_b1_0.9_b2_0.95_wd0.2_w6000_gc1_n20_bs410_sigFalse_25,/p/data1/mmlaion/experiments/autoexp/jjitsev/logs/datacomp_s640M_bs_32800_ViT-M-32_ep25_lr0.002_b1_0.9_b2_0.95_wd0.2_w6000_gc1_n20_bs410_sigFalse_epoch_25,ViT-M-32_clip,640M,2
42,927,9792,11125,clip_ViT-M-32_s640M_datacomp_1b_globalbs45056_lr0.002_b1_0.9_b2_0.95_sched_cosine_warmup4000_gpus176,25,25,1.0,0.90625,ViT-M-32,datacomp_s640M_bs_45056_ViT-M-32_ep25_lr0.002_b1_0.9_b2_0.95_wd0.2_w4000_gc1_n44_bs256_sigFalse,/p/data1/mmlaion/experiments/autoexp/jjitsev/logs/datacomp_s640M_bs_45056_ViT-M-32_ep25_lr0.002_b1_0.9_b2_0.95_wd0.2_w4000_gc1_n44_bs256_sigFalse/checkpoints/imagenet1k_epoch_25.pt_ViT-M-32_en_zeroshot_classification.json,/p/data1/mmlaion/experiments/autoexp/jjitsev/logs/datacomp_s640M_bs_45056_ViT-M-32_ep25_lr0.002_b1_0.9_b2_0.95_wd0.2_w4000_gc1_n44_bs256_sigFalse,ViT-M-32,datacomp_1b,imagenet1k,640000000,14204,25600000,6233600000.0,1.1247879753455492,25,158054.47931034482,898.0368142633229,45056,176,zeroshot_classification,256,4000,0.002,cosine,NVIDIA-A100,0.95,0.9,103.12,39.69,63.43,9.74,1.739,,clip,similarity,197.96268366081665,,,,acc1,0.52784,0.52784,0.79498,0.5275,,,,,,,,,,,,,,datacomp_s640M_bs_45056_ViT-M-32_ep25_lr0.002_b1_0.9_b2_0.95_wd0.2_w4000_gc1_n44_bs256_sigFalse_25,/p/data1/mmlaion/experiments/autoexp/jjitsev/logs/datacomp_s640M_bs_45056_ViT-M-32_ep25_lr0.002_b1_0.9_b2_0.95_wd0.2_w4000_gc1_n44_bs256_sigFalse_epoch_25,ViT-M-32_clip,640M,2
43,928,9817,11150,clip_ViT-M-32_s640M_datacomp_1b_globalbs45056_lr0.002_b1_0.9_b2_0.95_sched_cosine_warmup6000_gpus176,25,25,1.0,0.90625,ViT-M-32,datacomp_s640M_bs_45056_ViT-M-32_ep25_lr0.002_b1_0.9_b2_0.95_wd0.2_w6000_gc1_n44_bs256_sigFalse,/p/data1/mmlaion/experiments/autoexp/jjitsev/logs/datacomp_s640M_bs_45056_ViT-M-32_ep25_lr0.002_b1_0.9_b2_0.95_wd0.2_w6000_gc1_n44_bs256_sigFalse/checkpoints/imagenet1k_epoch_25.pt_ViT-M-32_en_zeroshot_classification.json,/p/data1/mmlaion/experiments/autoexp/jjitsev/logs/datacomp_s640M_bs_45056_ViT-M-32_ep25_lr0.002_b1_0.9_b2_0.95_wd0.2_w6000_gc1_n44_bs256_sigFalse,ViT-M-32,datacomp_1b,imagenet1k,640000000,14204,25600000,6233600000.0,1.1189162998544342,25,158883.89310344827,902.7493926332288,45056,176,zeroshot_classification,256,6000,0.002,cosine,NVIDIA-A100,0.95,0.9,103.12,39.69,63.43,9.74,1.7324,,clip,similarity,196.92926877438043,,,,acc1,0.52944,0.52944,0.79574,0.5293599999999999,,,,,,,,,,,,,,datacomp_s640M_bs_45056_ViT-M-32_ep25_lr0.002_b1_0.9_b2_0.95_wd0.2_w6000_gc1_n44_bs256_sigFalse_25,/p/data1/mmlaion/experiments/autoexp/jjitsev/logs/datacomp_s640M_bs_45056_ViT-M-32_ep25_lr0.002_b1_0.9_b2_0.95_wd0.2_w6000_gc1_n44_bs256_sigFalse_epoch_25,ViT-M-32_clip,640M,2
44,929,9842,11175,clip_ViT-M-32_s640M_datacomp_1b_globalbs8192_lr0.0015_b1_0.9_b2_0.95_sched_cosine_warmup10000_gpus32,25,25,1.0,0.90625,ViT-M-32,datacomp_s640M_bs_8192_ViT-M-32_ep25_lr0.0015_b1_0.9_b2_0.95_wd0.2_w10000_gc1_n8_bs256_sigFalse,/p/data1/mmlaion/experiments/autoexp/jjitsev/logs/datacomp_s640M_bs_8192_ViT-M-32_ep25_lr0.0015_b1_0.9_b2_0.95_wd0.2_w10000_gc1_n8_bs256_sigFalse/checkpoints/imagenet1k_epoch_25.pt_ViT-M-32_en_zeroshot_classification.json,/p/data1/mmlaion/experiments/autoexp/jjitsev/logs/datacomp_s640M_bs_8192_ViT-M-32_ep25_lr0.0015_b1_0.9_b2_0.95_wd0.2_w10000_gc1_n8_bs256_sigFalse,ViT-M-32,datacomp_1b,imagenet1k,640000000,78125,25600000,6233600000.0,5.0654596321533125,25,35096.08025485437,1096.7525079641991,8192,32,zeroshot_classification,256,10000,0.0015,cosine,NVIDIA-A100,0.95,0.9,103.12,39.69,63.43,9.74,0.93091,,clip,similarity,162.094708228906,,,,acc1,0.51992,0.51992,0.79654,0.51984,,,,,,,,,,,,,,datacomp_s640M_bs_8192_ViT-M-32_ep25_lr0.0015_b1_0.9_b2_0.95_wd0.2_w10000_gc1_n8_bs256_sigFalse_25,/p/data1/mmlaion/experiments/autoexp/jjitsev/logs/datacomp_s640M_bs_8192_ViT-M-32_ep25_lr0.0015_b1_0.9_b2_0.95_wd0.2_w10000_gc1_n8_bs256_sigFalse_epoch_25,ViT-M-32_clip,640M,2
45,930,9867,11200,clip_ViT-M-32_s640M_datacomp_1b_globalbs8192_lr0.0015_b1_0.9_b2_0.95_sched_cosine_warmup4000_gpus32,25,25,1.0,0.90625,ViT-M-32,datacomp_s640M_bs_8192_ViT-M-32_ep25_lr0.0015_b1_0.9_b2_0.95_wd0.2_w4000_gc1_n8_bs256_sigFalse,/p/data1/mmlaion/experiments/autoexp/jjitsev/logs/datacomp_s640M_bs_8192_ViT-M-32_ep25_lr0.0015_b1_0.9_b2_0.95_wd0.2_w4000_gc1_n8_bs256_sigFalse/checkpoints/imagenet1k_epoch_25.pt_ViT-M-32_en_zeroshot_classification.json,/p/data1/mmlaion/experiments/autoexp/jjitsev/logs/datacomp_s640M_bs_8192_ViT-M-32_ep25_lr0.0015_b1_0.9_b2_0.95_wd0.2_w4000_gc1_n8_bs256_sigFalse,ViT-M-32,datacomp_1b,imagenet1k,640000000,78125,25600000,6233600000.0,5.0678074384238965,25,35079.82099514563,1096.244406098301,8192,32,zeroshot_classification,256,4000,0.0015,cosine,NVIDIA-A100,0.95,0.9,103.12,39.69,63.43,9.74,0.90892,,clip,similarity,162.1698380295647,,,,acc1,0.5209,0.5209,0.79424,0.52106,,,,,,,,,,,,,,datacomp_s640M_bs_8192_ViT-M-32_ep25_lr0.0015_b1_0.9_b2_0.95_wd0.2_w4000_gc1_n8_bs256_sigFalse_25,/p/data1/mmlaion/experiments/autoexp/jjitsev/logs/datacomp_s640M_bs_8192_ViT-M-32_ep25_lr0.0015_b1_0.9_b2_0.95_wd0.2_w4000_gc1_n8_bs256_sigFalse_epoch_25,ViT-M-32_clip,640M,2
46,931,9892,11225,clip_ViT-M-32_s640M_datacomp_1b_globalbs8192_lr0.001_b1_0.9_b2_0.95_sched_cosine_warmup10000_gpus32,25,25,1.0,0.90625,ViT-M-32,datacomp_s640M_bs_8192_ViT-M-32_ep25_lr0.001_b1_0.9_b2_0.95_wd0.2_w10000_gc1_n8_bs256_sigFalse,/p/data1/mmlaion/experiments/autoexp/jjitsev/logs/datacomp_s640M_bs_8192_ViT-M-32_ep25_lr0.001_b1_0.9_b2_0.95_wd0.2_w10000_gc1_n8_bs256_sigFalse/checkpoints/imagenet1k_epoch_25.pt_ViT-M-32_en_zeroshot_classification.json,/p/data1/mmlaion/experiments/autoexp/jjitsev/logs/datacomp_s640M_bs_8192_ViT-M-32_ep25_lr0.001_b1_0.9_b2_0.95_wd0.2_w10000_gc1_n8_bs256_sigFalse,ViT-M-32,datacomp_1b,imagenet1k,640000000,78125,25600000,6233600000.0,5.06739940542855,25,35082.645663834955,1096.3326769948424,8192,32,zeroshot_classification,256,10000,0.001,cosine,NVIDIA-A100,0.95,0.9,103.12,39.69,63.43,9.74,0.8833,,clip,similarity,162.1567809737136,,,,acc1,0.52506,0.52506,0.7988,0.52436,,,,,,,,,,,,,,datacomp_s640M_bs_8192_ViT-M-32_ep25_lr0.001_b1_0.9_b2_0.95_wd0.2_w10000_gc1_n8_bs256_sigFalse_25,/p/data1/mmlaion/experiments/autoexp/jjitsev/logs/datacomp_s640M_bs_8192_ViT-M-32_ep25_lr0.001_b1_0.9_b2_0.95_wd0.2_w10000_gc1_n8_bs256_sigFalse_epoch_25,ViT-M-32_clip,640M,2
47,932,9917,11250,clip_ViT-M-32_s640M_datacomp_1b_globalbs8192_lr0.001_b1_0.9_b2_0.95_sched_cosine_warmup4000_gpus32,25,25,1.0,0.90625,ViT-M-32,datacomp_s640M_bs_8192_ViT-M-32_ep25_lr0.001_b1_0.9_b2_0.95_wd0.2_w4000_gc1_n8_bs256_sigFalse,/p/data1/mmlaion/experiments/autoexp/jjitsev/logs/datacomp_s640M_bs_8192_ViT-M-32_ep25_lr0.001_b1_0.9_b2_0.95_wd0.2_w4000_gc1_n8_bs256_sigFalse/checkpoints/imagenet1k_epoch_25.pt_ViT-M-32_en_zeroshot_classification.json,/p/data1/mmlaion/experiments/autoexp/jjitsev/logs/datacomp_s640M_bs_8192_ViT-M-32_ep25_lr0.001_b1_0.9_b2_0.95_wd0.2_w4000_gc1_n8_bs256_sigFalse,ViT-M-32,datacomp_1b,imagenet1k,640000000,78125,25600000,6233600000.0,5.074069921449708,25,35036.52502427185,1094.8914070084952,8192,32,zeroshot_classification,256,4000,0.001,cosine,NVIDIA-A100,0.95,0.9,103.12,39.69,63.43,9.74,0.88678,,clip,similarity,162.37023748639066,,,,acc1,0.52698,0.52698,0.80082,0.52682,,,,,,,,,,,,,,datacomp_s640M_bs_8192_ViT-M-32_ep25_lr0.001_b1_0.9_b2_0.95_wd0.2_w4000_gc1_n8_bs256_sigFalse_25,/p/data1/mmlaion/experiments/autoexp/jjitsev/logs/datacomp_s640M_bs_8192_ViT-M-32_ep25_lr0.001_b1_0.9_b2_0.95_wd0.2_w4000_gc1_n8_bs256_sigFalse_epoch_25,ViT-M-32_clip,640M,2
48,933,9942,11275,clip_ViT-M-32_s640M_datacomp_1b_globalbs8192_lr0.002_b1_0.9_b2_0.95_sched_cosine_warmup10000_gpus32,25,25,1.0,0.90625,ViT-M-32,datacomp_s640M_bs_8192_ViT-M-32_ep25_lr0.002_b1_0.9_b2_0.95_wd0.2_w10000_gc1_n8_bs256_sigFalse,/p/data1/mmlaion/experiments/autoexp/jjitsev/logs/datacomp_s640M_bs_8192_ViT-M-32_ep25_lr0.002_b1_0.9_b2_0.95_wd0.2_w10000_gc1_n8_bs256_sigFalse/checkpoints/imagenet1k_epoch_25.pt_ViT-M-32_en_zeroshot_classification.json,/p/data1/mmlaion/experiments/autoexp/jjitsev/logs/datacomp_s640M_bs_8192_ViT-M-32_ep25_lr0.002_b1_0.9_b2_0.95_wd0.2_w10000_gc1_n8_bs256_sigFalse,ViT-M-32,datacomp_1b,imagenet1k,640000000,78125,25600000,6233600000.0,5.0836681894362865,25,34970.373980582524,1092.824186893204,8192,32,zeroshot_classification,256,10000,0.002,cosine,NVIDIA-A100,0.95,0.9,103.12,39.69,63.43,9.74,0.89289,,clip,similarity,162.67738206196117,,,,acc1,0.51558,0.51558,0.78992,0.51524,,,,,,,,,,,,,,datacomp_s640M_bs_8192_ViT-M-32_ep25_lr0.002_b1_0.9_b2_0.95_wd0.2_w10000_gc1_n8_bs256_sigFalse_25,/p/data1/mmlaion/experiments/autoexp/jjitsev/logs/datacomp_s640M_bs_8192_ViT-M-32_ep25_lr0.002_b1_0.9_b2_0.95_wd0.2_w10000_gc1_n8_bs256_sigFalse_epoch_25,ViT-M-32_clip,640M,2
49,934,9967,11300,clip_ViT-M-32_s640M_datacomp_1b_globalbs8192_lr0.002_b1_0.9_b2_0.95_sched_cosine_warmup4000_gpus32,25,25,1.0,0.90625,ViT-M-32,datacomp_s640M_bs_8192_ViT-M-32_ep25_lr0.002_b1_0.9_b2_0.95_wd0.2_w4000_gc1_n8_bs256_sigFalse,/p/data1/mmlaion/experiments/autoexp/jjitsev/logs/datacomp_s640M_bs_8192_ViT-M-32_ep25_lr0.002_b1_0.9_b2_0.95_wd0.2_w4000_gc1_n8_bs256_sigFalse/checkpoints/imagenet1k_epoch_25.pt_ViT-M-32_en_zeroshot_classification.json,/p/data1/mmlaion/experiments/autoexp/jjitsev/logs/datacomp_s640M_bs_8192_ViT-M-32_ep25_lr0.002_b1_0.9_b2_0.95_wd0.2_w4000_gc1_n8_bs256_sigFalse,ViT-M-32,datacomp_1b,imagenet1k,640000000,78125,25600000,6233600000.0,5.115997464316858,25,34749.3873907767,1085.9183559617718,8192,32,zeroshot_classification,256,4000,0.002,cosine,NVIDIA-A100,0.95,0.9,103.12,39.69,63.43,9.74,0.92338,,clip,similarity,163.71191885813946,,,,acc1,0.51096,0.51096,0.78734,0.51074,,,,,,,,,,,,,,datacomp_s640M_bs_8192_ViT-M-32_ep25_lr0.002_b1_0.9_b2_0.95_wd0.2_w4000_gc1_n8_bs256_sigFalse_25,/p/data1/mmlaion/experiments/autoexp/jjitsev/logs/datacomp_s640M_bs_8192_ViT-M-32_ep25_lr0.002_b1_0.9_b2_0.95_wd0.2_w4000_gc1_n8_bs256_sigFalse_epoch_25,ViT-M-32_clip,640M,2
50,935,9992,11325,clip_ViT-M-32_s640M_dfn_2b_globalbs16384_lr0.001_b1_0.9_b2_0.95_sched_cosine_warmup6000_gpus64,25,25,1.0,0.90625,ViT-M-32,dfn_s640M_bs_16384_ViT-M-32_ep25_lr0.001_b1_0.9_b2_0.95_wd0.2_w6000_gc1_n16_bs256_sigFalse,/p/data1/mmlaion/experiments/autoexp/jjitsev/logs/dfn_s640M_bs_16384_ViT-M-32_ep25_lr0.001_b1_0.9_b2_0.95_wd0.2_w6000_gc1_n16_bs256_sigFalse/checkpoints/imagenet1k_epoch_25.pt_ViT-M-32_en_zeroshot_classification.json,/p/data1/mmlaion/experiments/autoexp/jjitsev/logs/dfn_s640M_bs_16384_ViT-M-32_ep25_lr0.001_b1_0.9_b2_0.95_wd0.2_w6000_gc1_n16_bs256_sigFalse,ViT-M-32,dfn_2b,imagenet1k,640000000,39062,25600000,6233600000.0,3.144212127529448,25,56541.279839622635,883.4574974941037,16384,64,zeroshot_classification,256,6000,0.001,cosine,NVIDIA-A100,0.95,0.9,103.12,39.69,63.43,9.74,1.0694,,clip,similarity,201.22957616188467,,,,acc1,0.5804,0.5804,0.83848,0.5803599999999999,,,,,,,,,,,,,,dfn_s640M_bs_16384_ViT-M-32_ep25_lr0.001_b1_0.9_b2_0.95_wd0.2_w6000_gc1_n16_bs256_sigFalse_25,/p/data1/mmlaion/experiments/autoexp/jjitsev/logs/dfn_s640M_bs_16384_ViT-M-32_ep25_lr0.001_b1_0.9_b2_0.95_wd0.2_w6000_gc1_n16_bs256_sigFalse_epoch_25,ViT-M-32_clip,640M,2
51,936,10017,11350,clip_ViT-M-32_s640M_dfn_2b_globalbs16384_lr0.002_b1_0.9_b2_0.95_sched_cosine_warmup6000_gpus64,25,25,1.0,0.90625,ViT-M-32,dfn_s640M_bs_16384_ViT-M-32_ep25_lr0.002_b1_0.9_b2_0.95_wd0.2_w6000_gc1_n16_bs256_sigFalse,/p/data1/mmlaion/experiments/autoexp/jjitsev/logs/dfn_s640M_bs_16384_ViT-M-32_ep25_lr0.002_b1_0.9_b2_0.95_wd0.2_w6000_gc1_n16_bs256_sigFalse/checkpoints/imagenet1k_epoch_25.pt_ViT-M-32_en_zeroshot_classification.json,/p/data1/mmlaion/experiments/autoexp/jjitsev/logs/dfn_s640M_bs_16384_ViT-M-32_ep25_lr0.002_b1_0.9_b2_0.95_wd0.2_w6000_gc1_n16_bs256_sigFalse,ViT-M-32,dfn_2b,imagenet1k,640000000,39062,25600000,6233600000.0,3.1290131582250402,25,56815.92527358491,887.7488323997642,16384,64,zeroshot_classification,256,6000,0.002,cosine,NVIDIA-A100,0.95,0.9,103.12,39.69,63.43,9.74,1.0591,,clip,similarity,200.25684212640257,,,,acc1,0.58068,0.58068,0.83956,0.58064,,,,,,,,,,,,,,dfn_s640M_bs_16384_ViT-M-32_ep25_lr0.002_b1_0.9_b2_0.95_wd0.2_w6000_gc1_n16_bs256_sigFalse_25,/p/data1/mmlaion/experiments/autoexp/jjitsev/logs/dfn_s640M_bs_16384_ViT-M-32_ep25_lr0.002_b1_0.9_b2_0.95_wd0.2_w6000_gc1_n16_bs256_sigFalse_epoch_25,ViT-M-32_clip,640M,2
52,937,10042,11375,clip_ViT-M-32_s640M_dfn_2b_globalbs32800_lr0.001_b1_0.9_b2_0.95_sched_cosine_warmup6000_gpus80,25,25,1.0,0.90625,ViT-M-32,dfn_s640M_bs_32800_ViT-M-32_ep25_lr0.001_b1_0.9_b2_0.95_wd0.2_w6000_gc1_n20_bs410_sigFalse,/p/data1/mmlaion/experiments/autoexp/jjitsev/logs/dfn_s640M_bs_32800_ViT-M-32_ep25_lr0.001_b1_0.9_b2_0.95_wd0.2_w6000_gc1_n20_bs410_sigFalse/checkpoints/imagenet1k_epoch_25.pt_ViT-M-32_en_zeroshot_classification.json,/p/data1/mmlaion/experiments/autoexp/jjitsev/logs/dfn_s640M_bs_32800_ViT-M-32_ep25_lr0.001_b1_0.9_b2_0.95_wd0.2_w6000_gc1_n20_bs410_sigFalse,ViT-M-32,dfn_2b,imagenet1k,640000000,19512,25600000,6233600000.0,2.4649658316319663,25,72121.80205357143,901.5225256696428,32800,80,zeroshot_classification,410,6000,0.001,cosine,NVIDIA-A100,0.95,0.9,103.12,39.69,63.43,9.74,1.4685,,clip,similarity,197.1972665305573,,,,acc1,0.5658,0.5658,0.82678,0.56552,,,,,,,,,,,,,,dfn_s640M_bs_32800_ViT-M-32_ep25_lr0.001_b1_0.9_b2_0.95_wd0.2_w6000_gc1_n20_bs410_sigFalse_25,/p/data1/mmlaion/experiments/autoexp/jjitsev/logs/dfn_s640M_bs_32800_ViT-M-32_ep25_lr0.001_b1_0.9_b2_0.95_wd0.2_w6000_gc1_n20_bs410_sigFalse_epoch_25,ViT-M-32_clip,640M,2
53,938,10067,11400,clip_ViT-M-32_s640M_dfn_2b_globalbs32800_lr0.002_b1_0.9_b2_0.95_sched_cosine_warmup6000_gpus80,25,25,1.0,0.90625,ViT-M-32,dfn_s640M_bs_32800_ViT-M-32_ep25_lr0.002_b1_0.9_b2_0.95_wd0.2_w6000_gc1_n20_bs410_sigFalse,/p/data1/mmlaion/experiments/autoexp/jjitsev/logs/dfn_s640M_bs_32800_ViT-M-32_ep25_lr0.002_b1_0.9_b2_0.95_wd0.2_w6000_gc1_n20_bs410_sigFalse/checkpoints/imagenet1k_epoch_25.pt_ViT-M-32_en_zeroshot_classification.json,/p/data1/mmlaion/experiments/autoexp/jjitsev/logs/dfn_s640M_bs_32800_ViT-M-32_ep25_lr0.002_b1_0.9_b2_0.95_wd0.2_w6000_gc1_n20_bs410_sigFalse,ViT-M-32,dfn_2b,imagenet1k,640000000,19512,25600000,6233600000.0,2.501134020550346,25,71078.86915178572,888.4858643973215,32800,80,zeroshot_classification,410,6000,0.002,cosine,NVIDIA-A100,0.95,0.9,103.12,39.69,63.43,9.74,1.4667,,clip,similarity,200.09072164402767,,,,acc1,0.57874,0.57874,0.83492,0.5785399999999999,,,,,,,,,,,,,,dfn_s640M_bs_32800_ViT-M-32_ep25_lr0.002_b1_0.9_b2_0.95_wd0.2_w6000_gc1_n20_bs410_sigFalse_25,/p/data1/mmlaion/experiments/autoexp/jjitsev/logs/dfn_s640M_bs_32800_ViT-M-32_ep25_lr0.002_b1_0.9_b2_0.95_wd0.2_w6000_gc1_n20_bs410_sigFalse_epoch_25,ViT-M-32_clip,640M,2
54,939,10092,11425,clip_ViT-M-32_s640M_dfn_2b_globalbs45056_lr0.0015_b1_0.9_b2_0.95_sched_cosine_warmup4000_gpus128,25,25,1.0,0.90625,ViT-M-32,dfn_s640M_bs_45056_ViT-M-32_ep25_lr0.0015_b1_0.9_b2_0.95_wd0.2_w4000_gc1_n32_bs352_sigFalse,/p/data1/mmlaion/experiments/autoexp/jjitsev/logs/dfn_s640M_bs_45056_ViT-M-32_ep25_lr0.0015_b1_0.9_b2_0.95_wd0.2_w4000_gc1_n32_bs352_sigFalse/checkpoints/imagenet1k_epoch_25.pt_ViT-M-32_en_zeroshot_classification.json,/p/data1/mmlaion/experiments/autoexp/jjitsev/logs/dfn_s640M_bs_45056_ViT-M-32_ep25_lr0.0015_b1_0.9_b2_0.95_wd0.2_w4000_gc1_n32_bs352_sigFalse,ViT-M-32,dfn_2b,imagenet1k,640000000,14204,25600000,6233600000.0,1.5700030913513134,25,113234.03040229884,884.6408625179597,45056,128,zeroshot_classification,352,4000,0.0015,cosine,NVIDIA-A100,0.95,0.9,103.12,39.69,63.43,9.74,1.649,,clip,similarity,200.96039569296812,,,,acc1,0.56866,0.56866,0.82532,0.56894,,,,,,,,,,,,,,dfn_s640M_bs_45056_ViT-M-32_ep25_lr0.0015_b1_0.9_b2_0.95_wd0.2_w4000_gc1_n32_bs352_sigFalse_25,/p/data1/mmlaion/experiments/autoexp/jjitsev/logs/dfn_s640M_bs_45056_ViT-M-32_ep25_lr0.0015_b1_0.9_b2_0.95_wd0.2_w4000_gc1_n32_bs352_sigFalse_epoch_25,ViT-M-32_clip,640M,2
55,940,10117,11450,clip_ViT-M-32_s640M_dfn_2b_globalbs45056_lr0.0015_b1_0.9_b2_0.95_sched_cosine_warmup6000_gpus128,25,25,1.0,0.90625,ViT-M-32,dfn_s640M_bs_45056_ViT-M-32_ep25_lr0.0015_b1_0.9_b2_0.95_wd0.2_w6000_gc1_n32_bs352_sigFalse,/p/data1/mmlaion/experiments/autoexp/jjitsev/logs/dfn_s640M_bs_45056_ViT-M-32_ep25_lr0.0015_b1_0.9_b2_0.95_wd0.2_w6000_gc1_n32_bs352_sigFalse/checkpoints/imagenet1k_epoch_25.pt_ViT-M-32_en_zeroshot_classification.json,/p/data1/mmlaion/experiments/autoexp/jjitsev/logs/dfn_s640M_bs_45056_ViT-M-32_ep25_lr0.0015_b1_0.9_b2_0.95_wd0.2_w6000_gc1_n32_bs352_sigFalse,ViT-M-32,dfn_2b,imagenet1k,640000000,14204,25600000,6233600000.0,1.5443312818002244,25,115116.34833333333,899.3464713541666,45056,128,zeroshot_classification,352,6000,0.0015,cosine,NVIDIA-A100,0.95,0.9,103.12,39.69,63.43,9.74,1.7206,,clip,similarity,197.67440407042872,,,,acc1,0.56806,0.56806,0.82676,0.56772,,,,,,,,,,,,,,dfn_s640M_bs_45056_ViT-M-32_ep25_lr0.0015_b1_0.9_b2_0.95_wd0.2_w6000_gc1_n32_bs352_sigFalse_25,/p/data1/mmlaion/experiments/autoexp/jjitsev/logs/dfn_s640M_bs_45056_ViT-M-32_ep25_lr0.0015_b1_0.9_b2_0.95_wd0.2_w6000_gc1_n32_bs352_sigFalse_epoch_25,ViT-M-32_clip,640M,2
56,941,10142,11475,clip_ViT-M-32_s640M_dfn_2b_globalbs45056_lr0.001_b1_0.9_b2_0.95_sched_cosine_warmup4000_gpus128,25,25,1.0,0.90625,ViT-M-32,dfn_s640M_bs_45056_ViT-M-32_ep25_lr0.001_b1_0.9_b2_0.95_wd0.2_w4000_gc1_n32_bs352_sigFalse,/p/data1/mmlaion/experiments/autoexp/jjitsev/logs/dfn_s640M_bs_45056_ViT-M-32_ep25_lr0.001_b1_0.9_b2_0.95_wd0.2_w4000_gc1_n32_bs352_sigFalse/checkpoints/imagenet1k_epoch_25.pt_ViT-M-32_en_zeroshot_classification.json,/p/data1/mmlaion/experiments/autoexp/jjitsev/logs/dfn_s640M_bs_45056_ViT-M-32_ep25_lr0.001_b1_0.9_b2_0.95_wd0.2_w4000_gc1_n32_bs352_sigFalse,ViT-M-32,dfn_2b,imagenet1k,640000000,14204,25600000,6233600000.0,1.6026714424603898,25,110925.90350574713,866.6086211386495,45056,128,zeroshot_classification,352,4000,0.001,cosine,NVIDIA-A100,0.95,0.9,103.12,39.69,63.43,9.74,1.7256,,clip,similarity,205.1419446349299,,,,acc1,0.5572,0.5572,0.8202,0.5570999999999999,,,,,,,,,,,,,,dfn_s640M_bs_45056_ViT-M-32_ep25_lr0.001_b1_0.9_b2_0.95_wd0.2_w4000_gc1_n32_bs352_sigFalse_25,/p/data1/mmlaion/experiments/autoexp/jjitsev/logs/dfn_s640M_bs_45056_ViT-M-32_ep25_lr0.001_b1_0.9_b2_0.95_wd0.2_w4000_gc1_n32_bs352_sigFalse_epoch_25,ViT-M-32_clip,640M,2
57,942,10167,11500,clip_ViT-M-32_s640M_dfn_2b_globalbs45056_lr0.001_b1_0.9_b2_0.95_sched_cosine_warmup6000_gpus128,25,25,1.0,0.90625,ViT-M-32,dfn_s640M_bs_45056_ViT-M-32_ep25_lr0.001_b1_0.9_b2_0.95_wd0.2_w6000_gc1_n32_bs352_sigFalse,/p/data1/mmlaion/experiments/autoexp/jjitsev/logs/dfn_s640M_bs_45056_ViT-M-32_ep25_lr0.001_b1_0.9_b2_0.95_wd0.2_w6000_gc1_n32_bs352_sigFalse/checkpoints/imagenet1k_epoch_25.pt_ViT-M-32_en_zeroshot_classification.json,/p/data1/mmlaion/experiments/autoexp/jjitsev/logs/dfn_s640M_bs_45056_ViT-M-32_ep25_lr0.001_b1_0.9_b2_0.95_wd0.2_w6000_gc1_n32_bs352_sigFalse,ViT-M-32,dfn_2b,imagenet1k,640000000,14204,25600000,6233600000.0,1.5975167684290104,25,111283.82580459768,869.4048890984194,45056,128,zeroshot_classification,352,6000,0.001,cosine,NVIDIA-A100,0.95,0.9,103.12,39.69,63.43,9.74,1.7862,,clip,similarity,204.48214635891333,,,,acc1,0.55514,0.55514,0.81704,0.55496,,,,,,,,,,,,,,dfn_s640M_bs_45056_ViT-M-32_ep25_lr0.001_b1_0.9_b2_0.95_wd0.2_w6000_gc1_n32_bs352_sigFalse_25,/p/data1/mmlaion/experiments/autoexp/jjitsev/logs/dfn_s640M_bs_45056_ViT-M-32_ep25_lr0.001_b1_0.9_b2_0.95_wd0.2_w6000_gc1_n32_bs352_sigFalse_epoch_25,ViT-M-32_clip,640M,2
58,943,10192,11525,clip_ViT-M-32_s640M_dfn_2b_globalbs45056_lr0.002_b1_0.9_b2_0.95_sched_cosine_warmup4000_gpus128,25,25,1.0,0.90625,ViT-M-32,dfn_s640M_bs_45056_ViT-M-32_ep25_lr0.002_b1_0.9_b2_0.95_wd0.2_w4000_gc1_n32_bs352_sigFalse,/p/data1/mmlaion/experiments/autoexp/jjitsev/logs/dfn_s640M_bs_45056_ViT-M-32_ep25_lr0.002_b1_0.9_b2_0.95_wd0.2_w4000_gc1_n32_bs352_sigFalse/checkpoints/imagenet1k_epoch_25.pt_ViT-M-32_en_zeroshot_classification.json,/p/data1/mmlaion/experiments/autoexp/jjitsev/logs/dfn_s640M_bs_45056_ViT-M-32_ep25_lr0.002_b1_0.9_b2_0.95_wd0.2_w4000_gc1_n32_bs352_sigFalse,ViT-M-32,dfn_2b,imagenet1k,640000000,14204,25600000,6233600000.0,1.5711816330004853,25,113149.09367816092,883.9772943606322,45056,128,zeroshot_classification,352,4000,0.002,cosine,NVIDIA-A100,0.95,0.9,103.12,39.69,63.43,9.74,1.6409,,clip,similarity,201.11124902406212,,,,acc1,0.57412,0.57412,0.83018,0.5739200000000001,,,,,,,,,,,,,,dfn_s640M_bs_45056_ViT-M-32_ep25_lr0.002_b1_0.9_b2_0.95_wd0.2_w4000_gc1_n32_bs352_sigFalse_25,/p/data1/mmlaion/experiments/autoexp/jjitsev/logs/dfn_s640M_bs_45056_ViT-M-32_ep25_lr0.002_b1_0.9_b2_0.95_wd0.2_w4000_gc1_n32_bs352_sigFalse_epoch_25,ViT-M-32_clip,640M,2
59,944,10217,11550,clip_ViT-M-32_s640M_dfn_2b_globalbs45056_lr0.002_b1_0.9_b2_0.95_sched_cosine_warmup6000_gpus128,25,25,1.0,0.90625,ViT-M-32,dfn_s640M_bs_45056_ViT-M-32_ep25_lr0.002_b1_0.9_b2_0.95_wd0.2_w6000_gc1_n32_bs352_sigFalse,/p/data1/mmlaion/experiments/autoexp/jjitsev/logs/dfn_s640M_bs_45056_ViT-M-32_ep25_lr0.002_b1_0.9_b2_0.95_wd0.2_w6000_gc1_n32_bs352_sigFalse/checkpoints/imagenet1k_epoch_25.pt_ViT-M-32_en_zeroshot_classification.json,/p/data1/mmlaion/experiments/autoexp/jjitsev/logs/dfn_s640M_bs_45056_ViT-M-32_ep25_lr0.002_b1_0.9_b2_0.95_wd0.2_w6000_gc1_n32_bs352_sigFalse,ViT-M-32,dfn_2b,imagenet1k,640000000,14204,25600000,6233600000.0,1.568110663094347,25,113370.68356321838,885.7084653376436,45056,128,zeroshot_classification,352,6000,0.002,cosine,NVIDIA-A100,0.95,0.9,103.12,39.69,63.43,9.74,1.6191,,clip,similarity,200.71816487607643,,,,acc1,0.57012,0.57012,0.829,0.57028,,,,,,,,,,,,,,dfn_s640M_bs_45056_ViT-M-32_ep25_lr0.002_b1_0.9_b2_0.95_wd0.2_w6000_gc1_n32_bs352_sigFalse_25,/p/data1/mmlaion/experiments/autoexp/jjitsev/logs/dfn_s640M_bs_45056_ViT-M-32_ep25_lr0.002_b1_0.9_b2_0.95_wd0.2_w6000_gc1_n32_bs352_sigFalse_epoch_25,ViT-M-32_clip,640M,2
60,945,10242,11575,clip_ViT-M-32_s640M_dfn_2b_globalbs8192_lr0.001_b1_0.9_b2_0.95_sched_cosine_warmup6000_gpus64,25,25,1.0,0.90625,ViT-M-32,dfn_s640M_bs_8192_ViT-M-32_ep25_lr0.001_b1_0.9_b2_0.95_wd0.2_w6000_gc1_n16_bs128_sigFalse,/p/data1/mmlaion/experiments/autoexp/jjitsev/logs/dfn_s640M_bs_8192_ViT-M-32_ep25_lr0.001_b1_0.9_b2_0.95_wd0.2_w6000_gc1_n16_bs128_sigFalse/checkpoints/imagenet1k_epoch_25.pt_ViT-M-32_en_zeroshot_classification.json,/p/data1/mmlaion/experiments/autoexp/jjitsev/logs/dfn_s640M_bs_8192_ViT-M-32_ep25_lr0.001_b1_0.9_b2_0.95_wd0.2_w6000_gc1_n16_bs128_sigFalse,ViT-M-32,dfn_2b,imagenet1k,640000000,78125,25600000,6233600000.0,3.757566674975584,25,47311.94231674757,739.2490986991808,8192,64,zeroshot_classification,128,6000,0.001,cosine,NVIDIA-A100,0.95,0.9,103.12,39.69,63.43,9.74,0.78197,,clip,similarity,240.48426719843738,,,,acc1,0.57412,0.57412,0.8375,0.5744199999999999,,,,,,,,,,,,,,dfn_s640M_bs_8192_ViT-M-32_ep25_lr0.001_b1_0.9_b2_0.95_wd0.2_w6000_gc1_n16_bs128_sigFalse_25,/p/data1/mmlaion/experiments/autoexp/jjitsev/logs/dfn_s640M_bs_8192_ViT-M-32_ep25_lr0.001_b1_0.9_b2_0.95_wd0.2_w6000_gc1_n16_bs128_sigFalse_epoch_25,ViT-M-32_clip,640M,2
61,946,10267,11600,clip_ViT-M-32_s640M_dfn_2b_globalbs8192_lr0.002_b1_0.9_b2_0.95_sched_cosine_warmup6000_gpus64,25,25,1.0,0.90625,ViT-M-32,dfn_s640M_bs_8192_ViT-M-32_ep25_lr0.002_b1_0.9_b2_0.95_wd0.2_w6000_gc1_n16_bs128_sigFalse,/p/data1/mmlaion/experiments/autoexp/jjitsev/logs/dfn_s640M_bs_8192_ViT-M-32_ep25_lr0.002_b1_0.9_b2_0.95_wd0.2_w6000_gc1_n16_bs128_sigFalse/checkpoints/imagenet1k_epoch_25.pt_ViT-M-32_en_zeroshot_classification.json,/p/data1/mmlaion/experiments/autoexp/jjitsev/logs/dfn_s640M_bs_8192_ViT-M-32_ep25_lr0.002_b1_0.9_b2_0.95_wd0.2_w6000_gc1_n16_bs128_sigFalse,ViT-M-32,dfn_2b,imagenet1k,640000000,78125,25600000,6233600000.0,3.74651103644817,25,47451.555873786405,741.4305605279126,8192,64,zeroshot_classification,128,6000,0.002,cosine,NVIDIA-A100,0.95,0.9,103.12,39.69,63.43,9.74,0.88214,,clip,similarity,239.7767063326829,,,,acc1,0.56014,0.56014,0.8308,0.5600799999999999,,,,,,,,,,,,,,dfn_s640M_bs_8192_ViT-M-32_ep25_lr0.002_b1_0.9_b2_0.95_wd0.2_w6000_gc1_n16_bs128_sigFalse_25,/p/data1/mmlaion/experiments/autoexp/jjitsev/logs/dfn_s640M_bs_8192_ViT-M-32_ep25_lr0.002_b1_0.9_b2_0.95_wd0.2_w6000_gc1_n16_bs128_sigFalse_epoch_25,ViT-M-32_clip,640M,2
62,1000,10953,12286,clip_ViT-S-16_s1.28B_datacomp_1b_globalbs16384_lr0.0015_b1_0.9_b2_0.95_sched_cosine_warmup10000_gpus64,20,20,1.0,0.90625,ViT-S-16,datacomp_s1.28B_bs_16384_ViT-S-16_ep20_lr0.0015_b1_0.9_b2_0.95_wd0.2_w10000_gc1_n16_bs256_sigFalse,/p/data1/mmlaion/experiments/autoexp/jjitsev/logs/datacomp_s1.28B_bs_16384_ViT-S-16_ep20_lr0.0015_b1_0.9_b2_0.95_wd0.2_w10000_gc1_n16_bs256_sigFalse/checkpoints/imagenet1k_epoch_20.pt_ViT-S-16_en_zeroshot_classification.json,/p/data1/mmlaion/experiments/autoexp/jjitsev/logs/datacomp_s1.28B_bs_16384_ViT-S-16_ep20_lr0.0015_b1_0.9_b2_0.95_wd0.2_w10000_gc1_n16_bs256_sigFalse,ViT-S-16,datacomp_1b,imagenet1k,1280000000,78125,64000000,15040000000.0,6.289611799729012,20,56530.60425301205,883.2906914533132,16384,64,zeroshot_classification,256,10000,0.0015,cosine,NVIDIA-A100,0.95,0.9,62.26,21.81,40.44,11.75,0.7834,,clip,similarity,402.53515518265675,,,,acc1,0.5942,0.5942,0.85244,0.59414,,,,,,,,,,,,,,datacomp_s1.28B_bs_16384_ViT-S-16_ep20_lr0.0015_b1_0.9_b2_0.95_wd0.2_w10000_gc1_n16_bs256_sigFalse_20,/p/data1/mmlaion/experiments/autoexp/jjitsev/logs/datacomp_s1.28B_bs_16384_ViT-S-16_ep20_lr0.0015_b1_0.9_b2_0.95_wd0.2_w10000_gc1_n16_bs256_sigFalse_epoch_20,ViT-S-16_clip,1.28B,2
63,1001,10973,12306,clip_ViT-S-16_s1.28B_datacomp_1b_globalbs16384_lr0.0015_b1_0.9_b2_0.95_sched_cosine_warmup15000_gpus64,20,20,1.0,0.90625,ViT-S-16,datacomp_s1.28B_bs_16384_ViT-S-16_ep20_lr0.0015_b1_0.9_b2_0.95_wd0.2_w15000_gc1_n16_bs256_sigFalse,/p/data1/mmlaion/experiments/autoexp/jjitsev/logs/datacomp_s1.28B_bs_16384_ViT-S-16_ep20_lr0.0015_b1_0.9_b2_0.95_wd0.2_w15000_gc1_n16_bs256_sigFalse/checkpoints/imagenet1k_epoch_20.pt_ViT-S-16_en_zeroshot_classification.json,/p/data1/mmlaion/experiments/autoexp/jjitsev/logs/datacomp_s1.28B_bs_16384_ViT-S-16_ep20_lr0.0015_b1_0.9_b2_0.95_wd0.2_w15000_gc1_n16_bs256_sigFalse,ViT-S-16,datacomp_1b,imagenet1k,1280000000,78125,64000000,15040000000.0,6.2875517332100275,20,56549.1260576923,883.5800946514422,16384,64,zeroshot_classification,256,15000,0.0015,cosine,NVIDIA-A100,0.95,0.9,62.26,21.81,40.44,11.75,0.77944,,clip,similarity,402.40331092544176,,,,acc1,0.59216,0.59216,0.85114,0.59224,,,,,,,,,,,,,,datacomp_s1.28B_bs_16384_ViT-S-16_ep20_lr0.0015_b1_0.9_b2_0.95_wd0.2_w15000_gc1_n16_bs256_sigFalse_20,/p/data1/mmlaion/experiments/autoexp/jjitsev/logs/datacomp_s1.28B_bs_16384_ViT-S-16_ep20_lr0.0015_b1_0.9_b2_0.95_wd0.2_w15000_gc1_n16_bs256_sigFalse_epoch_20,ViT-S-16_clip,1.28B,2
64,1002,10993,12326,clip_ViT-S-16_s1.28B_datacomp_1b_globalbs16384_lr0.0015_b1_0.9_b2_0.95_sched_cosine_warmup4000_gpus64,20,20,1.0,0.90625,ViT-S-16,datacomp_s1.28B_bs_16384_ViT-S-16_ep20_lr0.0015_b1_0.9_b2_0.95_wd0.2_w4000_gc1_n16_bs256_sigFalse,/p/data1/mmlaion/experiments/autoexp/jjitsev/logs/datacomp_s1.28B_bs_16384_ViT-S-16_ep20_lr0.0015_b1_0.9_b2_0.95_wd0.2_w4000_gc1_n16_bs256_sigFalse/checkpoints/imagenet1k_epoch_20.pt_ViT-S-16_en_zeroshot_classification.json,/p/data1/mmlaion/experiments/autoexp/jjitsev/logs/datacomp_s1.28B_bs_16384_ViT-S-16_ep20_lr0.0015_b1_0.9_b2_0.95_wd0.2_w4000_gc1_n16_bs256_sigFalse,ViT-S-16,datacomp_1b,imagenet1k,1280000000,78125,64000000,15040000000.0,6.2840724086190685,20,56580.435812274365,884.069309566787,16384,64,zeroshot_classification,256,4000,0.0015,cosine,NVIDIA-A100,0.95,0.9,62.26,21.81,40.44,11.75,0.75441,,clip,similarity,402.1806341516204,,,,acc1,0.59574,0.59574,0.8518,0.59576,,,,,,,,,,,,,,datacomp_s1.28B_bs_16384_ViT-S-16_ep20_lr0.0015_b1_0.9_b2_0.95_wd0.2_w4000_gc1_n16_bs256_sigFalse_20,/p/data1/mmlaion/experiments/autoexp/jjitsev/logs/datacomp_s1.28B_bs_16384_ViT-S-16_ep20_lr0.0015_b1_0.9_b2_0.95_wd0.2_w4000_gc1_n16_bs256_sigFalse_epoch_20,ViT-S-16_clip,1.28B,2
65,1003,11013,12346,clip_ViT-S-16_s1.28B_datacomp_1b_globalbs16384_lr0.001_b1_0.9_b2_0.95_sched_cosine_warmup10000_gpus64,20,20,1.0,0.90625,ViT-S-16,datacomp_s1.28B_bs_16384_ViT-S-16_ep20_lr0.001_b1_0.9_b2_0.95_wd0.2_w10000_gc1_n16_bs256_sigFalse,/p/data1/mmlaion/experiments/autoexp/jjitsev/logs/datacomp_s1.28B_bs_16384_ViT-S-16_ep20_lr0.001_b1_0.9_b2_0.95_wd0.2_w10000_gc1_n16_bs256_sigFalse/checkpoints/imagenet1k_epoch_20.pt_ViT-S-16_en_zeroshot_classification.json,/p/data1/mmlaion/experiments/autoexp/jjitsev/logs/datacomp_s1.28B_bs_16384_ViT-S-16_ep20_lr0.001_b1_0.9_b2_0.95_wd0.2_w10000_gc1_n16_bs256_sigFalse,ViT-S-16,datacomp_1b,imagenet1k,1280000000,78125,64000000,15040000000.0,6.304688531224269,20,56395.41966183575,881.1784322161836,16384,64,zeroshot_classification,256,10000,0.001,cosine,NVIDIA-A100,0.95,0.9,62.26,21.81,40.44,11.75,0.75782,,clip,similarity,403.5000659983532,,,,acc1,0.59296,0.59296,0.85208,0.5930599999999999,,,,,,,,,,,,,,datacomp_s1.28B_bs_16384_ViT-S-16_ep20_lr0.001_b1_0.9_b2_0.95_wd0.2_w10000_gc1_n16_bs256_sigFalse_20,/p/data1/mmlaion/experiments/autoexp/jjitsev/logs/datacomp_s1.28B_bs_16384_ViT-S-16_ep20_lr0.001_b1_0.9_b2_0.95_wd0.2_w10000_gc1_n16_bs256_sigFalse_epoch_20,ViT-S-16_clip,1.28B,2
66,1004,11033,12366,clip_ViT-S-16_s1.28B_datacomp_1b_globalbs16384_lr0.001_b1_0.9_b2_0.95_sched_cosine_warmup15000_gpus64,20,20,1.0,0.90625,ViT-S-16,datacomp_s1.28B_bs_16384_ViT-S-16_ep20_lr0.001_b1_0.9_b2_0.95_wd0.2_w15000_gc1_n16_bs256_sigFalse,/p/data1/mmlaion/experiments/autoexp/jjitsev/logs/datacomp_s1.28B_bs_16384_ViT-S-16_ep20_lr0.001_b1_0.9_b2_0.95_wd0.2_w15000_gc1_n16_bs256_sigFalse/checkpoints/imagenet1k_epoch_20.pt_ViT-S-16_en_zeroshot_classification.json,/p/data1/mmlaion/experiments/autoexp/jjitsev/logs/datacomp_s1.28B_bs_16384_ViT-S-16_ep20_lr0.001_b1_0.9_b2_0.95_wd0.2_w15000_gc1_n16_bs256_sigFalse,ViT-S-16,datacomp_1b,imagenet1k,1280000000,78125,64000000,15040000000.0,6.2822707015536245,20,56596.66264741276,884.3228538658244,16384,64,zeroshot_classification,256,15000,0.001,cosine,NVIDIA-A100,0.95,0.9,62.26,21.81,40.44,11.75,0.75989,,clip,similarity,402.06532489943197,,,,acc1,0.58936,0.58936,0.84784,0.58948,,,,,,,,,,,,,,datacomp_s1.28B_bs_16384_ViT-S-16_ep20_lr0.001_b1_0.9_b2_0.95_wd0.2_w15000_gc1_n16_bs256_sigFalse_20,/p/data1/mmlaion/experiments/autoexp/jjitsev/logs/datacomp_s1.28B_bs_16384_ViT-S-16_ep20_lr0.001_b1_0.9_b2_0.95_wd0.2_w15000_gc1_n16_bs256_sigFalse_epoch_20,ViT-S-16_clip,1.28B,2
67,1005,11053,12386,clip_ViT-S-16_s1.28B_datacomp_1b_globalbs16384_lr0.001_b1_0.9_b2_0.95_sched_cosine_warmup4000_gpus64,20,20,1.0,0.90625,ViT-S-16,datacomp_s1.28B_bs_16384_ViT-S-16_ep20_lr0.001_b1_0.9_b2_0.95_wd0.2_w4000_gc1_n16_bs256_sigFalse,/p/data1/mmlaion/experiments/autoexp/jjitsev/logs/datacomp_s1.28B_bs_16384_ViT-S-16_ep20_lr0.001_b1_0.9_b2_0.95_wd0.2_w4000_gc1_n16_bs256_sigFalse/checkpoints/imagenet1k_epoch_20.pt_ViT-S-16_en_zeroshot_classification.json,/p/data1/mmlaion/experiments/autoexp/jjitsev/logs/datacomp_s1.28B_bs_16384_ViT-S-16_ep20_lr0.001_b1_0.9_b2_0.95_wd0.2_w4000_gc1_n16_bs256_sigFalse,ViT-S-16,datacomp_1b,imagenet1k,1280000000,78125,64000000,15040000000.0,6.296059176182683,20,56472.71501204818,882.3861720632528,16384,64,zeroshot_classification,256,4000,0.001,cosine,NVIDIA-A100,0.95,0.9,62.26,21.81,40.44,11.75,0.76583,,clip,similarity,402.9477872756917,,,,acc1,0.59496,0.59496,0.85324,0.5951400000000001,,,,,,,,,,,,,,datacomp_s1.28B_bs_16384_ViT-S-16_ep20_lr0.001_b1_0.9_b2_0.95_wd0.2_w4000_gc1_n16_bs256_sigFalse_20,/p/data1/mmlaion/experiments/autoexp/jjitsev/logs/datacomp_s1.28B_bs_16384_ViT-S-16_ep20_lr0.001_b1_0.9_b2_0.95_wd0.2_w4000_gc1_n16_bs256_sigFalse_epoch_20,ViT-S-16_clip,1.28B,2
68,1006,11073,12406,clip_ViT-S-16_s1.28B_datacomp_1b_globalbs16384_lr0.002_b1_0.9_b2_0.95_sched_cosine_warmup10000_gpus64,20,20,1.0,0.90625,ViT-S-16,datacomp_s1.28B_bs_16384_ViT-S-16_ep20_lr0.002_b1_0.9_b2_0.95_wd0.2_w10000_gc1_n16_bs256_sigFalse,/p/data1/mmlaion/experiments/autoexp/jjitsev/logs/datacomp_s1.28B_bs_16384_ViT-S-16_ep20_lr0.002_b1_0.9_b2_0.95_wd0.2_w10000_gc1_n16_bs256_sigFalse/checkpoints/imagenet1k_epoch_20.pt_ViT-S-16_en_zeroshot_classification.json,/p/data1/mmlaion/experiments/autoexp/jjitsev/logs/datacomp_s1.28B_bs_16384_ViT-S-16_ep20_lr0.002_b1_0.9_b2_0.95_wd0.2_w10000_gc1_n16_bs256_sigFalse,ViT-S-16,datacomp_1b,imagenet1k,1280000000,78125,64000000,15040000000.0,6.291239987934001,20,56515.97399518652,883.0620936747894,16384,64,zeroshot_classification,256,10000,0.002,cosine,NVIDIA-A100,0.95,0.9,62.26,21.81,40.44,11.75,0.79148,,clip,similarity,402.6393592277761,,,,acc1,0.59164,0.59164,0.85206,0.5914400000000001,,,,,,,,,,,,,,datacomp_s1.28B_bs_16384_ViT-S-16_ep20_lr0.002_b1_0.9_b2_0.95_wd0.2_w10000_gc1_n16_bs256_sigFalse_20,/p/data1/mmlaion/experiments/autoexp/jjitsev/logs/datacomp_s1.28B_bs_16384_ViT-S-16_ep20_lr0.002_b1_0.9_b2_0.95_wd0.2_w10000_gc1_n16_bs256_sigFalse_epoch_20,ViT-S-16_clip,1.28B,2
69,1007,11093,12426,clip_ViT-S-16_s1.28B_datacomp_1b_globalbs16384_lr0.002_b1_0.9_b2_0.95_sched_cosine_warmup15000_gpus64,20,20,1.0,0.90625,ViT-S-16,datacomp_s1.28B_bs_16384_ViT-S-16_ep20_lr0.002_b1_0.9_b2_0.95_wd0.2_w15000_gc1_n16_bs256_sigFalse,/p/data1/mmlaion/experiments/autoexp/jjitsev/logs/datacomp_s1.28B_bs_16384_ViT-S-16_ep20_lr0.002_b1_0.9_b2_0.95_wd0.2_w15000_gc1_n16_bs256_sigFalse/checkpoints/imagenet1k_epoch_20.pt_ViT-S-16_en_zeroshot_classification.json,/p/data1/mmlaion/experiments/autoexp/jjitsev/logs/datacomp_s1.28B_bs_16384_ViT-S-16_ep20_lr0.002_b1_0.9_b2_0.95_wd0.2_w15000_gc1_n16_bs256_sigFalse,ViT-S-16,datacomp_1b,imagenet1k,1280000000,78125,64000000,15040000000.0,6.282753599502278,20,56592.31257831325,884.2548840361445,16384,64,zeroshot_classification,256,15000,0.002,cosine,NVIDIA-A100,0.95,0.9,62.26,21.81,40.44,11.75,0.7856,,clip,similarity,402.09623036814577,,,,acc1,0.58966,0.58966,0.8477,0.5896600000000001,,,,,,,,,,,,,,datacomp_s1.28B_bs_16384_ViT-S-16_ep20_lr0.002_b1_0.9_b2_0.95_wd0.2_w15000_gc1_n16_bs256_sigFalse_20,/p/data1/mmlaion/experiments/autoexp/jjitsev/logs/datacomp_s1.28B_bs_16384_ViT-S-16_ep20_lr0.002_b1_0.9_b2_0.95_wd0.2_w15000_gc1_n16_bs256_sigFalse_epoch_20,ViT-S-16_clip,1.28B,2
70,1008,11113,12446,clip_ViT-S-16_s1.28B_datacomp_1b_globalbs16384_lr0.002_b1_0.9_b2_0.95_sched_cosine_warmup4000_gpus64,20,20,1.0,0.90625,ViT-S-16,datacomp_s1.28B_bs_16384_ViT-S-16_ep20_lr0.002_b1_0.9_b2_0.95_wd0.2_w4000_gc1_n16_bs256_sigFalse,/p/data1/mmlaion/experiments/autoexp/jjitsev/logs/datacomp_s1.28B_bs_16384_ViT-S-16_ep20_lr0.002_b1_0.9_b2_0.95_wd0.2_w4000_gc1_n16_bs256_sigFalse/checkpoints/imagenet1k_epoch_20.pt_ViT-S-16_en_zeroshot_classification.json,/p/data1/mmlaion/experiments/autoexp/jjitsev/logs/datacomp_s1.28B_bs_16384_ViT-S-16_ep20_lr0.002_b1_0.9_b2_0.95_wd0.2_w4000_gc1_n16_bs256_sigFalse,ViT-S-16,datacomp_1b,imagenet1k,1280000000,78125,64000000,15040000000.0,6.32323110647344,20,56230.04276904474,878.594418266324,16384,64,zeroshot_classification,256,4000,0.002,cosine,NVIDIA-A100,0.95,0.9,62.26,21.81,40.44,11.75,0.74999,,clip,similarity,404.68679081430014,,,,acc1,0.59352,0.59352,0.85386,0.5933200000000001,,,,,,,,,,,,,,datacomp_s1.28B_bs_16384_ViT-S-16_ep20_lr0.002_b1_0.9_b2_0.95_wd0.2_w4000_gc1_n16_bs256_sigFalse_20,/p/data1/mmlaion/experiments/autoexp/jjitsev/logs/datacomp_s1.28B_bs_16384_ViT-S-16_ep20_lr0.002_b1_0.9_b2_0.95_wd0.2_w4000_gc1_n16_bs256_sigFalse_epoch_20,ViT-S-16_clip,1.28B,2
71,1009,11133,12466,clip_ViT-S-16_s1.28B_datacomp_1b_globalbs90624_lr0.001_b1_0.9_b2_0.95_sched_cosine_warmup10000_gpus256,20,20,1.0,0.90625,ViT-S-16,datacomp_s1.28B_bs_90624_ViT-S-16_ep20_lr0.001_b1_0.9_b2_0.95_wd0.2_w10000_gc1_n64_bs354_sigFalse,/p/data1/mmlaion/experiments/autoexp/jjitsev/logs/datacomp_s1.28B_bs_90624_ViT-S-16_ep20_lr0.001_b1_0.9_b2_0.95_wd0.2_w10000_gc1_n64_bs354_sigFalse/checkpoints/imagenet1k_epoch_20.pt_ViT-S-16_en_zeroshot_classification.json,/p/data1/mmlaion/experiments/autoexp/jjitsev/logs/datacomp_s1.28B_bs_90624_ViT-S-16_ep20_lr0.001_b1_0.9_b2_0.95_wd0.2_w10000_gc1_n64_bs354_sigFalse,ViT-S-16,datacomp_1b,imagenet1k,1280000000,14124,64000000,15040000000.0,1.7609257819883812,20,201913.99273743018,788.7265341305866,90624,256,zeroshot_classification,354,10000,0.001,cosine,NVIDIA-A100,0.95,0.9,62.26,21.81,40.44,11.75,2.0348,,clip,similarity,450.7970001890256,,,,acc1,0.53906,0.53906,0.80414,0.5393,,,,,,,,,,,,,,datacomp_s1.28B_bs_90624_ViT-S-16_ep20_lr0.001_b1_0.9_b2_0.95_wd0.2_w10000_gc1_n64_bs354_sigFalse_20,/p/data1/mmlaion/experiments/autoexp/jjitsev/logs/datacomp_s1.28B_bs_90624_ViT-S-16_ep20_lr0.001_b1_0.9_b2_0.95_wd0.2_w10000_gc1_n64_bs354_sigFalse_epoch_20,ViT-S-16_clip,1.28B,2
72,1010,11153,12486,clip_ViT-S-16_s1.28B_datacomp_1b_globalbs90624_lr0.001_b1_0.9_b2_0.95_sched_cosine_warmup4000_gpus256,20,20,1.0,0.90625,ViT-S-16,datacomp_s1.28B_bs_90624_ViT-S-16_ep20_lr0.001_b1_0.9_b2_0.95_wd0.2_w4000_gc1_n64_bs354_sigFalse,/p/data1/mmlaion/experiments/autoexp/jjitsev/logs/datacomp_s1.28B_bs_90624_ViT-S-16_ep20_lr0.001_b1_0.9_b2_0.95_wd0.2_w4000_gc1_n64_bs354_sigFalse/checkpoints/imagenet1k_epoch_20.pt_ViT-S-16_en_zeroshot_classification.json,/p/data1/mmlaion/experiments/autoexp/jjitsev/logs/datacomp_s1.28B_bs_90624_ViT-S-16_ep20_lr0.001_b1_0.9_b2_0.95_wd0.2_w4000_gc1_n64_bs354_sigFalse,ViT-S-16,datacomp_1b,imagenet1k,1280000000,14124,64000000,15040000000.0,1.7678729240473263,20,201120.53910614524,785.6271058833798,90624,256,zeroshot_classification,354,4000,0.001,cosine,NVIDIA-A100,0.95,0.9,62.26,21.81,40.44,11.75,1.8958,,clip,similarity,452.57546855611554,,,,acc1,0.54596,0.54596,0.8157,0.5461,,,,,,,,,,,,,,datacomp_s1.28B_bs_90624_ViT-S-16_ep20_lr0.001_b1_0.9_b2_0.95_wd0.2_w4000_gc1_n64_bs354_sigFalse_20,/p/data1/mmlaion/experiments/autoexp/jjitsev/logs/datacomp_s1.28B_bs_90624_ViT-S-16_ep20_lr0.001_b1_0.9_b2_0.95_wd0.2_w4000_gc1_n64_bs354_sigFalse_epoch_20,ViT-S-16_clip,1.28B,2
73,1011,11173,12506,clip_ViT-S-16_s1.28B_datacomp_1b_globalbs90624_lr0.001_b1_0.9_b2_0.95_sched_cosine_warmup6000_gpus256,20,20,1.0,0.90625,ViT-S-16,datacomp_s1.28B_bs_90624_ViT-S-16_ep20_lr0.001_b1_0.9_b2_0.95_wd0.2_w6000_gc1_n64_bs354_sigFalse,/p/data1/mmlaion/experiments/autoexp/jjitsev/logs/datacomp_s1.28B_bs_90624_ViT-S-16_ep20_lr0.001_b1_0.9_b2_0.95_wd0.2_w6000_gc1_n64_bs354_sigFalse/checkpoints/imagenet1k_epoch_20.pt_ViT-S-16_en_zeroshot_classification.json,/p/data1/mmlaion/experiments/autoexp/jjitsev/logs/datacomp_s1.28B_bs_90624_ViT-S-16_ep20_lr0.001_b1_0.9_b2_0.95_wd0.2_w6000_gc1_n64_bs354_sigFalse,ViT-S-16,datacomp_1b,imagenet1k,1280000000,14124,64000000,15040000000.0,1.7694548700104475,20,200940.73128491614,784.9247315817037,90624,256,zeroshot_classification,354,6000,0.001,cosine,NVIDIA-A100,0.95,0.9,62.26,21.81,40.44,11.75,1.9672,,clip,similarity,452.98044672267457,,,,acc1,0.54658,0.54658,0.81214,0.54664,,,,,,,,,,,,,,datacomp_s1.28B_bs_90624_ViT-S-16_ep20_lr0.001_b1_0.9_b2_0.95_wd0.2_w6000_gc1_n64_bs354_sigFalse_20,/p/data1/mmlaion/experiments/autoexp/jjitsev/logs/datacomp_s1.28B_bs_90624_ViT-S-16_ep20_lr0.001_b1_0.9_b2_0.95_wd0.2_w6000_gc1_n64_bs354_sigFalse_epoch_20,ViT-S-16_clip,1.28B,2
74,1012,11193,12526,clip_ViT-S-16_s1.28B_datacomp_1b_globalbs90624_lr0.002_b1_0.9_b2_0.95_sched_cosine_warmup10000_gpus256,20,20,1.0,0.90625,ViT-S-16,datacomp_s1.28B_bs_90624_ViT-S-16_ep20_lr0.002_b1_0.9_b2_0.95_wd0.2_w10000_gc1_n64_bs354_sigFalse,/p/data1/mmlaion/experiments/autoexp/jjitsev/logs/datacomp_s1.28B_bs_90624_ViT-S-16_ep20_lr0.002_b1_0.9_b2_0.95_wd0.2_w10000_gc1_n64_bs354_sigFalse/checkpoints/imagenet1k_epoch_20.pt_ViT-S-16_en_zeroshot_classification.json,/p/data1/mmlaion/experiments/autoexp/jjitsev/logs/datacomp_s1.28B_bs_90624_ViT-S-16_ep20_lr0.002_b1_0.9_b2_0.95_wd0.2_w10000_gc1_n64_bs354_sigFalse,ViT-S-16,datacomp_1b,imagenet1k,1280000000,14124,64000000,15040000000.0,1.770453165761029,20,200827.4279329609,784.4821403631286,90624,256,zeroshot_classification,354,10000,0.002,cosine,NVIDIA-A100,0.95,0.9,62.26,21.81,40.44,11.75,1.8053,,clip,similarity,453.2360104348234,,,,acc1,0.5689,0.5689,0.82928,0.5689,,,,,,,,,,,,,,datacomp_s1.28B_bs_90624_ViT-S-16_ep20_lr0.002_b1_0.9_b2_0.95_wd0.2_w10000_gc1_n64_bs354_sigFalse_20,/p/data1/mmlaion/experiments/autoexp/jjitsev/logs/datacomp_s1.28B_bs_90624_ViT-S-16_ep20_lr0.002_b1_0.9_b2_0.95_wd0.2_w10000_gc1_n64_bs354_sigFalse_epoch_20,ViT-S-16_clip,1.28B,2
75,1013,11213,12546,clip_ViT-S-16_s1.28B_datacomp_1b_globalbs90624_lr0.002_b1_0.9_b2_0.95_sched_cosine_warmup4000_gpus256,20,20,1.0,0.90625,ViT-S-16,datacomp_s3B_bs_90624_ViT-S-16_ep48_lr0.002_b1_0.9_b2_0.95_wd0.2_w4000_gc1_n64_bs354_sigFalse,/p/data1/mmlaion/experiments/autoexp/jjitsev/logs/datacomp_s3B_bs_90624_ViT-S-16_ep48_lr0.002_b1_0.9_b2_0.95_wd0.2_w4000_gc1_n64_bs354_sigFalse/checkpoints/imagenet1k_epoch_20.pt_ViT-S-16_en_zeroshot_classification.json,/p/data1/mmlaion/experiments/autoexp/jjitsev/logs/datacomp_s3B_bs_90624_ViT-S-16_ep48_lr0.002_b1_0.9_b2_0.95_wd0.2_w4000_gc1_n64_bs354_sigFalse,ViT-S-16,datacomp_1b,imagenet1k,1280000000,14124,64000000,15040000000.0,1.8171623667614858,48,195665.26473317863,764.317440363979,90624,256,zeroshot_classification,354,4000,0.002,cosine,NVIDIA-A100,0.95,0.9,62.26,21.81,40.44,11.75,1.247,,clip,similarity,465.19356589094036,,,,acc1,0.50808,0.5774,0.7849,0.50806,,,,,,,,,,,,,,datacomp_s3B_bs_90624_ViT-S-16_ep48_lr0.002_b1_0.9_b2_0.95_wd0.2_w4000_gc1_n64_bs354_sigFalse_20,/p/data1/mmlaion/experiments/autoexp/jjitsev/logs/datacomp_s3B_bs_90624_ViT-S-16_ep48_lr0.002_b1_0.9_b2_0.95_wd0.2_w4000_gc1_n64_bs354_sigFalse_epoch_20,ViT-S-16_clip,1.28B,2
76,1014,11233,12566,clip_ViT-S-16_s1.28B_datacomp_1b_globalbs90624_lr0.002_b1_0.9_b2_0.95_sched_cosine_warmup6000_gpus256,20,20,1.0,0.90625,ViT-S-16,datacomp_s1.28B_bs_90624_ViT-S-16_ep20_lr0.002_b1_0.9_b2_0.95_wd0.2_w6000_gc1_n64_bs354_sigFalse,/p/data1/mmlaion/experiments/autoexp/jjitsev/logs/datacomp_s1.28B_bs_90624_ViT-S-16_ep20_lr0.002_b1_0.9_b2_0.95_wd0.2_w6000_gc1_n64_bs354_sigFalse/checkpoints/imagenet1k_epoch_20.pt_ViT-S-16_en_zeroshot_classification.json,/p/data1/mmlaion/experiments/autoexp/jjitsev/logs/datacomp_s1.28B_bs_90624_ViT-S-16_ep20_lr0.002_b1_0.9_b2_0.95_wd0.2_w6000_gc1_n64_bs354_sigFalse,ViT-S-16,datacomp_1b,imagenet1k,1280000000,14124,64000000,15040000000.0,1.7657203394241123,20,201365.7245810056,786.5848616445531,90624,256,zeroshot_classification,354,6000,0.002,cosine,NVIDIA-A100,0.95,0.9,62.26,21.81,40.44,11.75,1.6727,,clip,similarity,452.02440689257276,,,,acc1,0.57628,0.57628,0.8341,0.57636,,,,,,,,,,,,,,datacomp_s1.28B_bs_90624_ViT-S-16_ep20_lr0.002_b1_0.9_b2_0.95_wd0.2_w6000_gc1_n64_bs354_sigFalse_20,/p/data1/mmlaion/experiments/autoexp/jjitsev/logs/datacomp_s1.28B_bs_90624_ViT-S-16_ep20_lr0.002_b1_0.9_b2_0.95_wd0.2_w6000_gc1_n64_bs354_sigFalse_epoch_20,ViT-S-16_clip,1.28B,2
77,1015,11253,12586,clip_ViT-S-16_s1.28B_datacomp_1b_globalbs90624_lr0.003_b1_0.9_b2_0.95_sched_cosine_warmup10000_gpus256,20,20,1.0,0.90625,ViT-S-16,datacomp_s1.28B_bs_90624_ViT-S-16_ep20_lr0.003_b1_0.9_b2_0.95_wd0.2_w10000_gc1_n64_bs354_sigFalse,/p/data1/mmlaion/experiments/autoexp/jjitsev/logs/datacomp_s1.28B_bs_90624_ViT-S-16_ep20_lr0.003_b1_0.9_b2_0.95_wd0.2_w10000_gc1_n64_bs354_sigFalse/checkpoints/imagenet1k_epoch_20.pt_ViT-S-16_en_zeroshot_classification.json,/p/data1/mmlaion/experiments/autoexp/jjitsev/logs/datacomp_s1.28B_bs_90624_ViT-S-16_ep20_lr0.003_b1_0.9_b2_0.95_wd0.2_w10000_gc1_n64_bs354_sigFalse,ViT-S-16,datacomp_1b,imagenet1k,1280000000,14124,64000000,15040000000.0,1.772185581821233,20,200631.10726256986,783.7152627444135,90624,256,zeroshot_classification,354,10000,0.003,cosine,NVIDIA-A100,0.95,0.9,62.26,21.81,40.44,11.75,1.6805,,clip,similarity,453.67950894623567,,,,acc1,0.57512,0.57512,0.83494,0.57528,,,,,,,,,,,,,,datacomp_s1.28B_bs_90624_ViT-S-16_ep20_lr0.003_b1_0.9_b2_0.95_wd0.2_w10000_gc1_n64_bs354_sigFalse_20,/p/data1/mmlaion/experiments/autoexp/jjitsev/logs/datacomp_s1.28B_bs_90624_ViT-S-16_ep20_lr0.003_b1_0.9_b2_0.95_wd0.2_w10000_gc1_n64_bs354_sigFalse_epoch_20,ViT-S-16_clip,1.28B,2
78,1016,11273,12606,clip_ViT-S-16_s1.28B_datacomp_1b_globalbs90624_lr0.003_b1_0.9_b2_0.95_sched_cosine_warmup4000_gpus256,20,20,1.0,0.90625,ViT-S-16,datacomp_s1.28B_bs_90624_ViT-S-16_ep20_lr0.003_b1_0.9_b2_0.95_wd0.2_w4000_gc1_n64_bs354_sigFalse,/p/data1/mmlaion/experiments/autoexp/jjitsev/logs/datacomp_s1.28B_bs_90624_ViT-S-16_ep20_lr0.003_b1_0.9_b2_0.95_wd0.2_w4000_gc1_n64_bs354_sigFalse/checkpoints/imagenet1k_epoch_20.pt_ViT-S-16_en_zeroshot_classification.json,/p/data1/mmlaion/experiments/autoexp/jjitsev/logs/datacomp_s1.28B_bs_90624_ViT-S-16_ep20_lr0.003_b1_0.9_b2_0.95_wd0.2_w4000_gc1_n64_bs354_sigFalse,ViT-S-16,datacomp_1b,imagenet1k,1280000000,14124,64000000,15040000000.0,1.7640449930121767,20,201556.9653631285,787.3318959497207,90624,256,zeroshot_classification,354,4000,0.003,cosine,NVIDIA-A100,0.95,0.9,62.26,21.81,40.44,11.75,1.5971,,clip,similarity,451.5955182111172,,,,acc1,0.58816,0.58816,0.8432,0.58826,,,,,,,,,,,,,,datacomp_s1.28B_bs_90624_ViT-S-16_ep20_lr0.003_b1_0.9_b2_0.95_wd0.2_w4000_gc1_n64_bs354_sigFalse_20,/p/data1/mmlaion/experiments/autoexp/jjitsev/logs/datacomp_s1.28B_bs_90624_ViT-S-16_ep20_lr0.003_b1_0.9_b2_0.95_wd0.2_w4000_gc1_n64_bs354_sigFalse_epoch_20,ViT-S-16_clip,1.28B,2
79,1017,11293,12626,clip_ViT-S-16_s1.28B_datacomp_1b_globalbs90624_lr0.003_b1_0.9_b2_0.95_sched_cosine_warmup6000_gpus256,20,20,1.0,0.90625,ViT-S-16,datacomp_s1.28B_bs_90624_ViT-S-16_ep20_lr0.003_b1_0.9_b2_0.95_wd0.2_w6000_gc1_n64_bs354_sigFalse,/p/data1/mmlaion/experiments/autoexp/jjitsev/logs/datacomp_s1.28B_bs_90624_ViT-S-16_ep20_lr0.003_b1_0.9_b2_0.95_wd0.2_w6000_gc1_n64_bs354_sigFalse/checkpoints/imagenet1k_epoch_20.pt_ViT-S-16_en_zeroshot_classification.json,/p/data1/mmlaion/experiments/autoexp/jjitsev/logs/datacomp_s1.28B_bs_90624_ViT-S-16_ep20_lr0.003_b1_0.9_b2_0.95_wd0.2_w6000_gc1_n64_bs354_sigFalse,ViT-S-16,datacomp_1b,imagenet1k,1280000000,14124,64000000,15040000000.0,1.7684425744893144,20,201055.75418994413,785.3740398044692,90624,256,zeroshot_classification,354,6000,0.003,cosine,NVIDIA-A100,0.95,0.9,62.26,21.81,40.44,11.75,1.6628,,clip,similarity,452.7212990692645,,,,acc1,0.5821,0.5821,0.83996,0.58242,,,,,,,,,,,,,,datacomp_s1.28B_bs_90624_ViT-S-16_ep20_lr0.003_b1_0.9_b2_0.95_wd0.2_w6000_gc1_n64_bs354_sigFalse_20,/p/data1/mmlaion/experiments/autoexp/jjitsev/logs/datacomp_s1.28B_bs_90624_ViT-S-16_ep20_lr0.003_b1_0.9_b2_0.95_wd0.2_w6000_gc1_n64_bs354_sigFalse_epoch_20,ViT-S-16_clip,1.28B,2
80,1018,11313,12646,clip_ViT-S-16_s1.28B_relaion2b-en_globalbs16384_lr0.001_b1_0.9_b2_0.95_sched_cosine_warmup6000_gpus64,20,20,1.0,0.90625,ViT-S-16,relaion_s1.28B_bs_16384_ViT-S-16_ep20_lr0.001_b1_0.9_b2_0.95_wd0.2_w6000_gc1_n16_bs256_sigFalse,/p/data1/mmlaion/experiments/autoexp/jjitsev/leonardo_logs/relaion_s1.28B_bs_16384_ViT-S-16_ep20_lr0.001_b1_0.9_b2_0.95_wd0.2_w6000_gc1_n16_bs256_sigFalse/checkpoints/imagenet1k_epoch_20.pt_ViT-S-16_en_zeroshot_classification.json,/p/data1/mmlaion/experiments/autoexp/jjitsev/leonardo_logs/relaion_s1.28B_bs_16384_ViT-S-16_ep20_lr0.001_b1_0.9_b2_0.95_wd0.2_w6000_gc1_n16_bs256_sigFalse,ViT-S-16,relaion2b-en,imagenet1k,1280000000,78125,64000000,15040000000.0,8.376154746727572,20,42448.541879490156,663.2584668670337,16384,64,zeroshot_classification,256,6000,0.001,cosine,NVIDIA-A100,0.95,0.9,62.26,21.81,40.44,11.75,0.66591,,clip,similarity,536.0739037905646,,,,acc1,0.5327,0.5327,0.8119,0.5327000000000001,,,,,,,,,,,,,,relaion_s1.28B_bs_16384_ViT-S-16_ep20_lr0.001_b1_0.9_b2_0.95_wd0.2_w6000_gc1_n16_bs256_sigFalse_20,/p/data1/mmlaion/experiments/autoexp/jjitsev/leonardo_logs/relaion_s1.28B_bs_16384_ViT-S-16_ep20_lr0.001_b1_0.9_b2_0.95_wd0.2_w6000_gc1_n16_bs256_sigFalse_epoch_20,ViT-S-16_clip,1.28B,2
81,1019,11333,12666,clip_ViT-S-16_s1.28B_relaion2b-en_globalbs32768_lr0.0015_b1_0.9_b2_0.95_sched_cosine_warmup6000_gpus64,20,20,1.0,0.90625,ViT-S-16,relaion_s1.28B_bs_32768_ViT-S-16_ep20_lr0.0015_b1_0.9_b2_0.95_wd0.2_w6000_gc1_n16_bs512_sigFalse,/p/data1/mmlaion/experiments/autoexp/jjitsev/leonardo_logs/relaion_s1.28B_bs_32768_ViT-S-16_ep20_lr0.0015_b1_0.9_b2_0.95_wd0.2_w6000_gc1_n16_bs512_sigFalse/checkpoints/imagenet1k_epoch_20.pt_ViT-S-16_en_zeroshot_classification.json,/p/data1/mmlaion/experiments/autoexp/jjitsev/leonardo_logs/relaion_s1.28B_bs_32768_ViT-S-16_ep20_lr0.0015_b1_0.9_b2_0.95_wd0.2_w6000_gc1_n16_bs512_sigFalse,ViT-S-16,relaion2b-en,imagenet1k,1280000000,39062,64000000,15040000000.0,7.84465665823444,20,45324.552883054894,708.1961387977327,32768,64,zeroshot_classification,512,6000,0.0015,cosine,NVIDIA-A100,0.95,0.9,62.26,21.81,40.44,11.75,0.87039,,clip,similarity,502.05802612700415,,,,acc1,0.54358,0.54358,0.81454,0.5432400000000001,,,,,,,,,,,,,,relaion_s1.28B_bs_32768_ViT-S-16_ep20_lr0.0015_b1_0.9_b2_0.95_wd0.2_w6000_gc1_n16_bs512_sigFalse_20,/p/data1/mmlaion/experiments/autoexp/jjitsev/leonardo_logs/relaion_s1.28B_bs_32768_ViT-S-16_ep20_lr0.0015_b1_0.9_b2_0.95_wd0.2_w6000_gc1_n16_bs512_sigFalse_epoch_20,ViT-S-16_clip,1.28B,2
82,1021,11373,12706,clip_ViT-S-16_s1.28B_relaion2b-en_globalbs90112_lr0.002_b1_0.9_b2_0.95_sched_cosine_warmup6000_gpus176,20,20,1.0,0.90625,ViT-S-16,relaion_s3B_bs_90112_ViT-S-16_ep48_lr0.002_b1_0.9_b2_0.95_wd0.2_w6000_gc1_n44_bs512_sigFalse,/p/data1/mmlaion/experiments/autoexp/jjitsev/leonardo_logs/relaion_s3B_bs_90112_ViT-S-16_ep48_lr0.002_b1_0.9_b2_0.95_wd0.2_w6000_gc1_n44_bs512_sigFalse/checkpoints/imagenet1k_epoch_20.pt_ViT-S-16_en_zeroshot_classification.json,/p/data1/mmlaion/experiments/autoexp/jjitsev/leonardo_logs/relaion_s3B_bs_90112_ViT-S-16_ep48_lr0.002_b1_0.9_b2_0.95_wd0.2_w6000_gc1_n44_bs512_sigFalse,ViT-S-16,relaion2b-en,imagenet1k,1280000000,14204,64000000,15040000000.0,3.211104511704607,48,110726.87116210048,629.1299497846618,90112,176,zeroshot_classification,512,6000,0.002,cosine,NVIDIA-A100,0.95,0.9,62.26,21.81,40.44,11.75,1.0678,,clip,similarity,565.1543940600108,,,,acc1,0.4471,0.52144,0.72976,0.44728,,,,,,,,,,,,,,relaion_s3B_bs_90112_ViT-S-16_ep48_lr0.002_b1_0.9_b2_0.95_wd0.2_w6000_gc1_n44_bs512_sigFalse_20,/p/data1/mmlaion/experiments/autoexp/jjitsev/leonardo_logs/relaion_s3B_bs_90112_ViT-S-16_ep48_lr0.002_b1_0.9_b2_0.95_wd0.2_w6000_gc1_n44_bs512_sigFalse_epoch_20,ViT-S-16_clip,1.28B,2
83,1153,13065,14398,clip_ViT-S-16_s300M_datacomp_1b_globalbs16384_lr0.002_b1_0.9_b2_0.95_sched_cosine_warmup4000_gpus64,24,24,1.0,0.90625,ViT-S-16,datacomp_s300M_bs_16384_ViT-S-16_ep24_lr0.002_b1_0.9_b2_0.95_wd0.2_w4000_gc1_n16_bs256_sigFalse,/p/data1/mmlaion/experiments/autoexp/jjitsev/logs/datacomp_s300M_bs_16384_ViT-S-16_ep24_lr0.002_b1_0.9_b2_0.95_wd0.2_w4000_gc1_n16_bs256_sigFalse/checkpoints/imagenet1k_epoch_24.pt_ViT-S-16_en_zeroshot_classification.json,/p/data1/mmlaion/experiments/autoexp/jjitsev/logs/datacomp_s300M_bs_16384_ViT-S-16_ep24_lr0.002_b1_0.9_b2_0.95_wd0.2_w4000_gc1_n16_bs256_sigFalse,ViT-S-16,datacomp_1b,imagenet1k,307200000,18750,12800000,3609600000.0,1.63635808619507,24,52148.325023255806,814.817578488372,16384,64,zeroshot_classification,256,4000,0.002,cosine,NVIDIA-A100,0.95,0.9,62.26,21.81,40.44,11.75,1.2709,,clip,similarity,104.72691751648448,,,,acc1,0.50486,0.50486,0.78462,0.5049,,,,,,,,,,,,,,datacomp_s300M_bs_16384_ViT-S-16_ep24_lr0.002_b1_0.9_b2_0.95_wd0.2_w4000_gc1_n16_bs256_sigFalse_24,/p/data1/mmlaion/experiments/autoexp/jjitsev/logs/datacomp_s300M_bs_16384_ViT-S-16_ep24_lr0.002_b1_0.9_b2_0.95_wd0.2_w4000_gc1_n16_bs256_sigFalse_epoch_24,ViT-S-16_clip,300M,2
84,1154,13089,14422,clip_ViT-S-16_s300M_datacomp_1b_globalbs16384_lr0.002_b1_0.9_b2_0.95_sched_cosine_warmup8000_gpus64,24,24,1.0,0.90625,ViT-S-16,datacomp_s300M_bs_16384_ViT-S-16_ep24_lr0.002_b1_0.9_b2_0.95_wd0.2_w8000_gc1_n16_bs256_sigFalse,/p/data1/mmlaion/experiments/autoexp/jjitsev/logs/datacomp_s300M_bs_16384_ViT-S-16_ep24_lr0.002_b1_0.9_b2_0.95_wd0.2_w8000_gc1_n16_bs256_sigFalse/checkpoints/imagenet1k_epoch_24.pt_ViT-S-16_en_zeroshot_classification.json,/p/data1/mmlaion/experiments/autoexp/jjitsev/logs/datacomp_s300M_bs_16384_ViT-S-16_ep24_lr0.002_b1_0.9_b2_0.95_wd0.2_w8000_gc1_n16_bs256_sigFalse,ViT-S-16,datacomp_1b,imagenet1k,307200000,18750,12800000,3609600000.0,1.6373281542406766,24,52117.428697674426,814.3348234011629,16384,64,zeroshot_classification,256,8000,0.002,cosine,NVIDIA-A100,0.95,0.9,62.26,21.81,40.44,11.75,1.3918,,clip,similarity,104.7890018714033,,,,acc1,0.50172,0.50172,0.77926,0.50176,,,,,,,,,,,,,,datacomp_s300M_bs_16384_ViT-S-16_ep24_lr0.002_b1_0.9_b2_0.95_wd0.2_w8000_gc1_n16_bs256_sigFalse_24,/p/data1/mmlaion/experiments/autoexp/jjitsev/logs/datacomp_s300M_bs_16384_ViT-S-16_ep24_lr0.002_b1_0.9_b2_0.95_wd0.2_w8000_gc1_n16_bs256_sigFalse_epoch_24,ViT-S-16_clip,300M,2
85,1155,13113,14446,clip_ViT-S-16_s300M_datacomp_1b_globalbs16384_lr0.003_b1_0.9_b2_0.95_sched_cosine_warmup4000_gpus64,24,24,1.0,0.90625,ViT-S-16,datacomp_s300M_bs_16384_ViT-S-16_ep24_lr0.003_b1_0.9_b2_0.95_wd0.2_w4000_gc1_n16_bs256_sigFalse,/p/data1/mmlaion/experiments/autoexp/jjitsev/logs/datacomp_s300M_bs_16384_ViT-S-16_ep24_lr0.003_b1_0.9_b2_0.95_wd0.2_w4000_gc1_n16_bs256_sigFalse/checkpoints/imagenet1k_epoch_24.pt_ViT-S-16_en_zeroshot_classification.json,/p/data1/mmlaion/experiments/autoexp/jjitsev/logs/datacomp_s300M_bs_16384_ViT-S-16_ep24_lr0.003_b1_0.9_b2_0.95_wd0.2_w4000_gc1_n16_bs256_sigFalse,ViT-S-16,datacomp_1b,imagenet1k,307200000,18750,12800000,3609600000.0,1.6335324145166992,24,52238.53079069768,816.2270436046513,16384,64,zeroshot_classification,256,4000,0.003,cosine,NVIDIA-A100,0.95,0.9,62.26,21.81,40.44,11.75,1.2622,,clip,similarity,104.54607452906875,,,,acc1,0.50458,0.50458,0.78604,0.50466,,,,,,,,,,,,,,datacomp_s300M_bs_16384_ViT-S-16_ep24_lr0.003_b1_0.9_b2_0.95_wd0.2_w4000_gc1_n16_bs256_sigFalse_24,/p/data1/mmlaion/experiments/autoexp/jjitsev/logs/datacomp_s300M_bs_16384_ViT-S-16_ep24_lr0.003_b1_0.9_b2_0.95_wd0.2_w4000_gc1_n16_bs256_sigFalse_epoch_24,ViT-S-16_clip,300M,2
86,1156,13137,14470,clip_ViT-S-16_s300M_datacomp_1b_globalbs16384_lr0.003_b1_0.9_b2_0.95_sched_cosine_warmup8000_gpus64,24,24,1.0,0.90625,ViT-S-16,datacomp_s300M_bs_16384_ViT-S-16_ep24_lr0.003_b1_0.9_b2_0.95_wd0.2_w8000_gc1_n16_bs256_sigFalse,/p/data1/mmlaion/experiments/autoexp/jjitsev/logs/datacomp_s300M_bs_16384_ViT-S-16_ep24_lr0.003_b1_0.9_b2_0.95_wd0.2_w8000_gc1_n16_bs256_sigFalse/checkpoints/imagenet1k_epoch_24.pt_ViT-S-16_en_zeroshot_classification.json,/p/data1/mmlaion/experiments/autoexp/jjitsev/logs/datacomp_s300M_bs_16384_ViT-S-16_ep24_lr0.003_b1_0.9_b2_0.95_wd0.2_w8000_gc1_n16_bs256_sigFalse,ViT-S-16,datacomp_1b,imagenet1k,307200000,18750,12800000,3609600000.0,1.6362060088969457,24,52153.171953488374,814.8933117732558,16384,64,zeroshot_classification,256,8000,0.003,cosine,NVIDIA-A100,0.95,0.9,62.26,21.81,40.44,11.75,1.3452,,clip,similarity,104.71718456940452,,,,acc1,0.50406,0.50406,0.7836,0.5041800000000001,,,,,,,,,,,,,,datacomp_s300M_bs_16384_ViT-S-16_ep24_lr0.003_b1_0.9_b2_0.95_wd0.2_w8000_gc1_n16_bs256_sigFalse_24,/p/data1/mmlaion/experiments/autoexp/jjitsev/logs/datacomp_s300M_bs_16384_ViT-S-16_ep24_lr0.003_b1_0.9_b2_0.95_wd0.2_w8000_gc1_n16_bs256_sigFalse_epoch_24,ViT-S-16_clip,300M,2
87,1157,13161,14494,clip_ViT-S-16_s300M_dfn_2b_globalbs16384_lr0.0015_b1_0.9_b2_0.95_sched_cosine_warmup4000_gpus64,24,24,1.0,0.90625,ViT-S-16,dfn_s300M_bs_16384_ViT-S-16_ep24_lr0.0015_b1_0.9_b2_0.95_wd0.2_w4000_gc1_n16_bs256_sigFalse,/p/data1/mmlaion/experiments/autoexp/jjitsev/logs/dfn_s300M_bs_16384_ViT-S-16_ep24_lr0.0015_b1_0.9_b2_0.95_wd0.2_w4000_gc1_n16_bs256_sigFalse/checkpoints/imagenet1k_epoch_24.pt_ViT-S-16_en_zeroshot_classification.json,/p/data1/mmlaion/experiments/autoexp/jjitsev/logs/dfn_s300M_bs_16384_ViT-S-16_ep24_lr0.0015_b1_0.9_b2_0.95_wd0.2_w4000_gc1_n16_bs256_sigFalse,ViT-S-16,dfn_2b,imagenet1k,307200000,18750,12800000,3609600000.0,1.7953557870564965,24,47530.04053488372,742.6568833575582,16384,64,zeroshot_classification,256,4000,0.0015,cosine,NVIDIA-A100,0.95,0.9,62.26,21.81,40.44,11.75,1.2677,,clip,similarity,114.90277037161577,,,,acc1,0.55724,0.55724,0.82658,0.55724,,,,,,,,,,,,,,dfn_s300M_bs_16384_ViT-S-16_ep24_lr0.0015_b1_0.9_b2_0.95_wd0.2_w4000_gc1_n16_bs256_sigFalse_24,/p/data1/mmlaion/experiments/autoexp/jjitsev/logs/dfn_s300M_bs_16384_ViT-S-16_ep24_lr0.0015_b1_0.9_b2_0.95_wd0.2_w4000_gc1_n16_bs256_sigFalse_epoch_24,ViT-S-16_clip,300M,2
88,1158,13185,14518,clip_ViT-S-16_s300M_dfn_2b_globalbs16384_lr0.002_b1_0.9_b2_0.95_sched_cosine_warmup4000_gpus64,24,24,1.0,0.90625,ViT-S-16,dfn_s300M_bs_16384_ViT-S-16_ep24_lr0.002_b1_0.9_b2_0.95_wd0.2_w4000_gc1_n16_bs256_sigFalse,/p/data1/mmlaion/experiments/autoexp/jjitsev/logs/dfn_s300M_bs_16384_ViT-S-16_ep24_lr0.002_b1_0.9_b2_0.95_wd0.2_w4000_gc1_n16_bs256_sigFalse/checkpoints/imagenet1k_epoch_24.pt_ViT-S-16_en_zeroshot_classification.json,/p/data1/mmlaion/experiments/autoexp/jjitsev/logs/dfn_s300M_bs_16384_ViT-S-16_ep24_lr0.002_b1_0.9_b2_0.95_wd0.2_w4000_gc1_n16_bs256_sigFalse,ViT-S-16,dfn_2b,imagenet1k,307200000,18750,12800000,3609600000.0,1.8133717455758482,24,47057.82669302326,735.2785420784884,16384,64,zeroshot_classification,256,4000,0.002,cosine,NVIDIA-A100,0.95,0.9,62.26,21.81,40.44,11.75,1.2248,,clip,similarity,116.05579171685429,,,,acc1,0.56206,0.56206,0.83086,0.5619000000000001,,,,,,,,,,,,,,dfn_s300M_bs_16384_ViT-S-16_ep24_lr0.002_b1_0.9_b2_0.95_wd0.2_w4000_gc1_n16_bs256_sigFalse_24,/p/data1/mmlaion/experiments/autoexp/jjitsev/logs/dfn_s300M_bs_16384_ViT-S-16_ep24_lr0.002_b1_0.9_b2_0.95_wd0.2_w4000_gc1_n16_bs256_sigFalse_epoch_24,ViT-S-16_clip,300M,2
89,1159,13209,14542,clip_ViT-S-16_s300M_dfn_2b_globalbs32768_lr0.0015_b1_0.9_b2_0.95_sched_cosine_warmup4000_gpus64,24,24,1.0,0.90625,ViT-S-16,dfn_s300M_bs_32768_ViT-S-16_ep24_lr0.0015_b1_0.9_b2_0.95_wd0.2_w4000_gc1_n16_bs512_sigFalse,/p/data1/mmlaion/experiments/autoexp/jjitsev/logs/dfn_s300M_bs_32768_ViT-S-16_ep24_lr0.0015_b1_0.9_b2_0.95_wd0.2_w4000_gc1_n16_bs512_sigFalse/checkpoints/imagenet1k_epoch_24.pt_ViT-S-16_en_zeroshot_classification.json,/p/data1/mmlaion/experiments/autoexp/jjitsev/logs/dfn_s300M_bs_32768_ViT-S-16_ep24_lr0.0015_b1_0.9_b2_0.95_wd0.2_w4000_gc1_n16_bs512_sigFalse,ViT-S-16,dfn_2b,imagenet1k,307200000,9375,12800000,3609600000.0,1.8384299240698028,24,46416.41882352941,725.2565441176471,32768,64,zeroshot_classification,512,4000,0.0015,cosine,NVIDIA-A100,0.95,0.9,62.26,21.81,40.44,11.75,1.8483,,clip,similarity,117.65951514046738,,,,acc1,0.53256,0.53256,0.80254,0.5323399999999999,,,,,,,,,,,,,,dfn_s300M_bs_32768_ViT-S-16_ep24_lr0.0015_b1_0.9_b2_0.95_wd0.2_w4000_gc1_n16_bs512_sigFalse_24,/p/data1/mmlaion/experiments/autoexp/jjitsev/logs/dfn_s300M_bs_32768_ViT-S-16_ep24_lr0.0015_b1_0.9_b2_0.95_wd0.2_w4000_gc1_n16_bs512_sigFalse_epoch_24,ViT-S-16_clip,300M,2
90,1160,13233,14566,clip_ViT-S-16_s300M_dfn_2b_globalbs32768_lr0.002_b1_0.9_b2_0.95_sched_cosine_warmup4000_gpus64,24,24,1.0,0.90625,ViT-S-16,dfn_s300M_bs_32768_ViT-S-16_ep24_lr0.002_b1_0.9_b2_0.95_wd0.2_w4000_gc1_n16_bs512_sigFalse,/p/data1/mmlaion/experiments/autoexp/jjitsev/logs/dfn_s300M_bs_32768_ViT-S-16_ep24_lr0.002_b1_0.9_b2_0.95_wd0.2_w4000_gc1_n16_bs512_sigFalse/checkpoints/imagenet1k_epoch_24.pt_ViT-S-16_en_zeroshot_classification.json,/p/data1/mmlaion/experiments/autoexp/jjitsev/logs/dfn_s300M_bs_32768_ViT-S-16_ep24_lr0.002_b1_0.9_b2_0.95_wd0.2_w4000_gc1_n16_bs512_sigFalse,ViT-S-16,dfn_2b,imagenet1k,307200000,9375,12800000,3609600000.0,1.810654253733087,24,47128.45268907563,736.3820732668067,32768,64,zeroshot_classification,512,4000,0.002,cosine,NVIDIA-A100,0.95,0.9,62.26,21.81,40.44,11.75,1.7335,,clip,similarity,115.88187223891757,,,,acc1,0.5458,0.5458,0.8124,0.546,,,,,,,,,,,,,,dfn_s300M_bs_32768_ViT-S-16_ep24_lr0.002_b1_0.9_b2_0.95_wd0.2_w4000_gc1_n16_bs512_sigFalse_24,/p/data1/mmlaion/experiments/autoexp/jjitsev/logs/dfn_s300M_bs_32768_ViT-S-16_ep24_lr0.002_b1_0.9_b2_0.95_wd0.2_w4000_gc1_n16_bs512_sigFalse_epoch_24,ViT-S-16_clip,300M,2
91,1194,13727,15060,clip_ViT-S-16_s3B_datacomp_1b_globalbs90624_lr0.002_b1_0.9_b2_0.95_sched_cosine_warmup4000_gpus256,48,48,1.0,0.90625,ViT-S-16,datacomp_s3B_bs_90624_ViT-S-16_ep48_lr0.002_b1_0.9_b2_0.95_wd0.2_w4000_gc1_n64_bs354_sigFalse,/p/data1/mmlaion/experiments/autoexp/jjitsev/logs/datacomp_s3B_bs_90624_ViT-S-16_ep48_lr0.002_b1_0.9_b2_0.95_wd0.2_w4000_gc1_n64_bs354_sigFalse/checkpoints/imagenet1k_epoch_48.pt_ViT-S-16_en_zeroshot_classification.json,/p/data1/mmlaion/experiments/autoexp/jjitsev/logs/datacomp_s3B_bs_90624_ViT-S-16_ep48_lr0.002_b1_0.9_b2_0.95_wd0.2_w4000_gc1_n64_bs354_sigFalse,ViT-S-16,datacomp_1b,imagenet1k,3072000000,33898,64000000,36096000000.0,4.361189680227566,48,195665.26473317863,764.317440363979,90624,256,zeroshot_classification,354,4000,0.002,cosine,NVIDIA-A100,0.95,0.9,62.26,21.81,40.44,11.75,1.247,,clip,similarity,1116.464558138257,,,,acc1,0.62844,0.62844,0.87162,0.6282000000000001,,,,,,,,,,,,,,datacomp_s3B_bs_90624_ViT-S-16_ep48_lr0.002_b1_0.9_b2_0.95_wd0.2_w4000_gc1_n64_bs354_sigFalse_48,/p/data1/mmlaion/experiments/autoexp/jjitsev/logs/datacomp_s3B_bs_90624_ViT-S-16_ep48_lr0.002_b1_0.9_b2_0.95_wd0.2_w4000_gc1_n64_bs354_sigFalse_epoch_48,ViT-S-16_clip,3B,5
92,1195,13775,15108,clip_ViT-S-16_s3B_relaion2b-en_globalbs32768_lr0.0015_b1_0.9_b2_0.95_sched_cosine_warmup10000_gpus128,48,48,1.0,0.90625,ViT-S-16,relaion_s3B_bs_32768_ViT-S-16_ep48_lr0.0015_b1_0.9_b2_0.95_wd0.2_w10000_gc1_n32_bs256_sigFalse,/p/data1/mmlaion/experiments/autoexp/jjitsev/leonardo_logs/relaion_s3B_bs_32768_ViT-S-16_ep48_lr0.0015_b1_0.9_b2_0.95_wd0.2_w10000_gc1_n32_bs256_sigFalse/checkpoints/imagenet1k_epoch_48.pt_ViT-S-16_en_zeroshot_classification.json,/p/data1/mmlaion/experiments/autoexp/jjitsev/leonardo_logs/relaion_s3B_bs_32768_ViT-S-16_ep48_lr0.0015_b1_0.9_b2_0.95_wd0.2_w10000_gc1_n32_bs256_sigFalse,ViT-S-16,relaion2b-en,imagenet1k,3072000000,93750,64000000,36096000000.0,11.297127835641408,48,75535.42331716779,590.1204946653734,32768,128,zeroshot_classification,256,10000,0.0015,cosine,NVIDIA-A100,0.95,0.9,62.26,21.81,40.44,11.75,0.71925,,clip,similarity,1446.0323629621003,,,,acc1,0.57964,0.57964,0.84852,0.5796600000000001,,,,,,,,,,,,,,relaion_s3B_bs_32768_ViT-S-16_ep48_lr0.0015_b1_0.9_b2_0.95_wd0.2_w10000_gc1_n32_bs256_sigFalse_48,/p/data1/mmlaion/experiments/autoexp/jjitsev/leonardo_logs/relaion_s3B_bs_32768_ViT-S-16_ep48_lr0.0015_b1_0.9_b2_0.95_wd0.2_w10000_gc1_n32_bs256_sigFalse_epoch_48,ViT-S-16_clip,3B,5
93,1196,13823,15156,clip_ViT-S-16_s3B_relaion2b-en_globalbs65536_lr0.002_b1_0.9_b2_0.95_sched_cosine_warmup10000_gpus128,48,48,1.0,0.90625,ViT-S-16,relaion_s3B_bs_65536_ViT-S-16_ep48_lr0.002_b1_0.9_b2_0.95_wd0.2_w10000_gc1_n32_bs512_sigFalse,/p/data1/mmlaion/experiments/autoexp/jjitsev/leonardo_logs/relaion_s3B_bs_65536_ViT-S-16_ep48_lr0.002_b1_0.9_b2_0.95_wd0.2_w10000_gc1_n32_bs512_sigFalse/checkpoints/imagenet1k_epoch_48.pt_ViT-S-16_en_zeroshot_classification.json,/p/data1/mmlaion/experiments/autoexp/jjitsev/leonardo_logs/relaion_s3B_bs_65536_ViT-S-16_ep48_lr0.002_b1_0.9_b2_0.95_wd0.2_w10000_gc1_n32_bs512_sigFalse,ViT-S-16,relaion2b-en,imagenet1k,3072000000,46875,64000000,36096000000.0,11.264631344683737,48,75753.32980036298,591.8228890653357,65536,128,zeroshot_classification,512,10000,0.002,cosine,NVIDIA-A100,0.95,0.9,62.26,21.81,40.44,11.75,0.89833,,clip,similarity,1441.8728121195184,,,,acc1,0.58214,0.58214,0.844,0.58206,,,,,,,,,,,,,,relaion_s3B_bs_65536_ViT-S-16_ep48_lr0.002_b1_0.9_b2_0.95_wd0.2_w10000_gc1_n32_bs512_sigFalse_48,/p/data1/mmlaion/experiments/autoexp/jjitsev/leonardo_logs/relaion_s3B_bs_65536_ViT-S-16_ep48_lr0.002_b1_0.9_b2_0.95_wd0.2_w10000_gc1_n32_bs512_sigFalse_epoch_48,ViT-S-16_clip,3B,5
94,1197,13871,15204,clip_ViT-S-16_s3B_relaion2b-en_globalbs90112_lr0.002_b1_0.9_b2_0.95_sched_cosine_warmup6000_gpus176,48,48,1.0,0.90625,ViT-S-16,relaion_s3B_bs_90112_ViT-S-16_ep48_lr0.002_b1_0.9_b2_0.95_wd0.2_w6000_gc1_n44_bs512_sigFalse,/p/data1/mmlaion/experiments/autoexp/jjitsev/leonardo_logs/relaion_s3B_bs_90112_ViT-S-16_ep48_lr0.002_b1_0.9_b2_0.95_wd0.2_w6000_gc1_n44_bs512_sigFalse/checkpoints/imagenet1k_epoch_48.pt_ViT-S-16_en_zeroshot_classification.json,/p/data1/mmlaion/experiments/autoexp/jjitsev/leonardo_logs/relaion_s3B_bs_90112_ViT-S-16_ep48_lr0.002_b1_0.9_b2_0.95_wd0.2_w6000_gc1_n44_bs512_sigFalse,ViT-S-16,relaion2b-en,imagenet1k,3072000000,34090,64000000,36096000000.0,7.706650828091056,48,110726.87116210048,629.1299497846618,90112,176,zeroshot_classification,512,6000,0.002,cosine,NVIDIA-A100,0.95,0.9,62.26,21.81,40.44,11.75,1.0678,,clip,similarity,1356.3705457440258,,,,acc1,0.57924,0.57924,0.8419,0.5792200000000001,,,,,,,,,,,,,,relaion_s3B_bs_90112_ViT-S-16_ep48_lr0.002_b1_0.9_b2_0.95_wd0.2_w6000_gc1_n44_bs512_sigFalse_48,/p/data1/mmlaion/experiments/autoexp/jjitsev/leonardo_logs/relaion_s3B_bs_90112_ViT-S-16_ep48_lr0.002_b1_0.9_b2_0.95_wd0.2_w6000_gc1_n44_bs512_sigFalse_epoch_48,ViT-S-16_clip,3B,5
95,1256,14526,15859,clip_ViT-S-16_s640M_dfn_2b_globalbs16384_lr0.001_b1_0.9_b2_0.95_sched_cosine_warmup6000_gpus64,25,25,1.0,0.90625,ViT-S-16,dfn_s640M_bs_16384_ViT-S-16_ep25_lr0.001_b1_0.9_b2_0.95_wd0.2_w6000_gc1_n16_bs256_sigFalse,/p/data1/mmlaion/experiments/autoexp/jjitsev/logs/dfn_s640M_bs_16384_ViT-S-16_ep25_lr0.001_b1_0.9_b2_0.95_wd0.2_w6000_gc1_n16_bs256_sigFalse/checkpoints/imagenet1k_epoch_25.pt_ViT-S-16_en_zeroshot_classification.json,/p/data1/mmlaion/experiments/autoexp/jjitsev/logs/dfn_s640M_bs_16384_ViT-S-16_ep25_lr0.001_b1_0.9_b2_0.95_wd0.2_w6000_gc1_n16_bs256_sigFalse,ViT-S-16,dfn_2b,imagenet1k,640000000,39062,25600000,7520000000.0,3.6185555205115585,25,49129.48737971697,767.6482403080777,16384,64,zeroshot_classification,256,6000,0.001,cosine,NVIDIA-A100,0.95,0.9,62.26,21.81,40.44,11.75,0.98917,,clip,similarity,231.58755331273974,,,,acc1,0.60632,0.60632,0.86052,0.60616,,,,,,,,,,,,,,dfn_s640M_bs_16384_ViT-S-16_ep25_lr0.001_b1_0.9_b2_0.95_wd0.2_w6000_gc1_n16_bs256_sigFalse_25,/p/data1/mmlaion/experiments/autoexp/jjitsev/logs/dfn_s640M_bs_16384_ViT-S-16_ep25_lr0.001_b1_0.9_b2_0.95_wd0.2_w6000_gc1_n16_bs256_sigFalse_epoch_25,ViT-S-16_clip,640M,2
96,1257,14551,15884,clip_ViT-S-16_s640M_dfn_2b_globalbs16384_lr0.002_b1_0.9_b2_0.95_sched_cosine_warmup6000_gpus64,25,25,1.0,0.90625,ViT-S-16,dfn_s640M_bs_16384_ViT-S-16_ep25_lr0.002_b1_0.9_b2_0.95_wd0.2_w6000_gc1_n16_bs256_sigFalse,/p/data1/mmlaion/experiments/autoexp/jjitsev/logs/dfn_s640M_bs_16384_ViT-S-16_ep25_lr0.002_b1_0.9_b2_0.95_wd0.2_w6000_gc1_n16_bs256_sigFalse/checkpoints/imagenet1k_epoch_25.pt_ViT-S-16_en_zeroshot_classification.json,/p/data1/mmlaion/experiments/autoexp/jjitsev/logs/dfn_s640M_bs_16384_ViT-S-16_ep25_lr0.002_b1_0.9_b2_0.95_wd0.2_w6000_gc1_n16_bs256_sigFalse,ViT-S-16,dfn_2b,imagenet1k,640000000,39062,25600000,7520000000.0,3.6309193932415145,25,48962.19346226414,765.0342728478772,16384,64,zeroshot_classification,256,6000,0.002,cosine,NVIDIA-A100,0.95,0.9,62.26,21.81,40.44,11.75,0.91144,,clip,similarity,232.37884116745693,,,,acc1,0.61162,0.61162,0.86554,0.6117,,,,,,,,,,,,,,dfn_s640M_bs_16384_ViT-S-16_ep25_lr0.002_b1_0.9_b2_0.95_wd0.2_w6000_gc1_n16_bs256_sigFalse_25,/p/data1/mmlaion/experiments/autoexp/jjitsev/logs/dfn_s640M_bs_16384_ViT-S-16_ep25_lr0.002_b1_0.9_b2_0.95_wd0.2_w6000_gc1_n16_bs256_sigFalse_epoch_25,ViT-S-16_clip,640M,2
97,1258,14576,15909,clip_ViT-S-16_s640M_dfn_2b_globalbs32800_lr0.001_b1_0.9_b2_0.95_sched_cosine_warmup6000_gpus80,25,25,1.0,0.90625,ViT-S-16,dfn_s640M_bs_32800_ViT-S-16_ep25_lr0.001_b1_0.9_b2_0.95_wd0.2_w6000_gc1_n20_bs410_sigFalse,/p/data1/mmlaion/experiments/autoexp/jjitsev/logs/dfn_s640M_bs_32800_ViT-S-16_ep25_lr0.001_b1_0.9_b2_0.95_wd0.2_w6000_gc1_n20_bs410_sigFalse/checkpoints/imagenet1k_epoch_25.pt_ViT-S-16_en_zeroshot_classification.json,/p/data1/mmlaion/experiments/autoexp/jjitsev/logs/dfn_s640M_bs_32800_ViT-S-16_ep25_lr0.001_b1_0.9_b2_0.95_wd0.2_w6000_gc1_n20_bs410_sigFalse,ViT-S-16,dfn_2b,imagenet1k,640000000,19512,25600000,7520000000.0,2.935732467246778,25,60556.532232142854,756.9566529017857,32800,80,zeroshot_classification,410,6000,0.001,cosine,NVIDIA-A100,0.95,0.9,62.26,21.81,40.44,11.75,1.3383,,clip,similarity,234.85859737974224,,,,acc1,0.58954,0.58954,0.8472,0.5895199999999999,,,,,,,,,,,,,,dfn_s640M_bs_32800_ViT-S-16_ep25_lr0.001_b1_0.9_b2_0.95_wd0.2_w6000_gc1_n20_bs410_sigFalse_25,/p/data1/mmlaion/experiments/autoexp/jjitsev/logs/dfn_s640M_bs_32800_ViT-S-16_ep25_lr0.001_b1_0.9_b2_0.95_wd0.2_w6000_gc1_n20_bs410_sigFalse_epoch_25,ViT-S-16_clip,640M,2
98,1259,14601,15934,clip_ViT-S-16_s640M_dfn_2b_globalbs32800_lr0.002_b1_0.9_b2_0.95_sched_cosine_warmup6000_gpus80,25,25,1.0,0.90625,ViT-S-16,dfn_s640M_bs_32800_ViT-S-16_ep25_lr0.002_b1_0.9_b2_0.95_wd0.2_w6000_gc1_n20_bs410_sigFalse,/p/data1/mmlaion/experiments/autoexp/jjitsev/logs/dfn_s640M_bs_32800_ViT-S-16_ep25_lr0.002_b1_0.9_b2_0.95_wd0.2_w6000_gc1_n20_bs410_sigFalse/checkpoints/imagenet1k_epoch_25.pt_ViT-S-16_en_zeroshot_classification.json,/p/data1/mmlaion/experiments/autoexp/jjitsev/logs/dfn_s640M_bs_32800_ViT-S-16_ep25_lr0.002_b1_0.9_b2_0.95_wd0.2_w6000_gc1_n20_bs410_sigFalse,ViT-S-16,dfn_2b,imagenet1k,640000000,19512,25600000,7520000000.0,2.910556608936261,25,61080.33674107143,763.5042092633928,32800,80,zeroshot_classification,410,6000,0.002,cosine,NVIDIA-A100,0.95,0.9,62.26,21.81,40.44,11.75,1.2607,,clip,similarity,232.8445287149009,,,,acc1,0.60792,0.60792,0.86196,0.6078600000000001,,,,,,,,,,,,,,dfn_s640M_bs_32800_ViT-S-16_ep25_lr0.002_b1_0.9_b2_0.95_wd0.2_w6000_gc1_n20_bs410_sigFalse_25,/p/data1/mmlaion/experiments/autoexp/jjitsev/logs/dfn_s640M_bs_32800_ViT-S-16_ep25_lr0.002_b1_0.9_b2_0.95_wd0.2_w6000_gc1_n20_bs410_sigFalse_epoch_25,ViT-S-16_clip,640M,2
99,1260,14626,15959,clip_ViT-S-16_s640M_dfn_2b_globalbs45056_lr0.0015_b1_0.9_b2_0.95_sched_cosine_warmup4000_gpus128,25,25,1.0,0.90625,ViT-S-16,dfn_s640M_bs_45056_ViT-S-16_ep25_lr0.0015_b1_0.9_b2_0.95_wd0.2_w4000_gc1_n32_bs352_sigFalse,/p/data1/mmlaion/experiments/autoexp/jjitsev/logs/dfn_s640M_bs_45056_ViT-S-16_ep25_lr0.0015_b1_0.9_b2_0.95_wd0.2_w4000_gc1_n32_bs352_sigFalse/checkpoints/imagenet1k_epoch_25.pt_ViT-S-16_en_zeroshot_classification.json,/p/data1/mmlaion/experiments/autoexp/jjitsev/logs/dfn_s640M_bs_45056_ViT-S-16_ep25_lr0.0015_b1_0.9_b2_0.95_wd0.2_w4000_gc1_n32_bs352_sigFalse,ViT-S-16,dfn_2b,imagenet1k,640000000,14204,25600000,7520000000.0,1.8205837627795667,25,97648.77695402298,762.8810699533045,45056,128,zeroshot_classification,352,4000,0.0015,cosine,NVIDIA-A100,0.95,0.9,62.26,21.81,40.44,11.75,1.5702,,clip,similarity,233.03472163578454,,,,acc1,0.59816,0.59816,0.85214,0.59818,,,,,,,,,,,,,,dfn_s640M_bs_45056_ViT-S-16_ep25_lr0.0015_b1_0.9_b2_0.95_wd0.2_w4000_gc1_n32_bs352_sigFalse_25,/p/data1/mmlaion/experiments/autoexp/jjitsev/logs/dfn_s640M_bs_45056_ViT-S-16_ep25_lr0.0015_b1_0.9_b2_0.95_wd0.2_w4000_gc1_n32_bs352_sigFalse_epoch_25,ViT-S-16_clip,640M,2
100,1261,14651,15984,clip_ViT-S-16_s640M_dfn_2b_globalbs45056_lr0.0015_b1_0.9_b2_0.95_sched_cosine_warmup6000_gpus128,25,25,1.0,0.90625,ViT-S-16,dfn_s640M_bs_45056_ViT-S-16_ep25_lr0.0015_b1_0.9_b2_0.95_wd0.2_w6000_gc1_n32_bs352_sigFalse,/p/data1/mmlaion/experiments/autoexp/jjitsev/logs/dfn_s640M_bs_45056_ViT-S-16_ep25_lr0.0015_b1_0.9_b2_0.95_wd0.2_w6000_gc1_n32_bs352_sigFalse/checkpoints/imagenet1k_epoch_25.pt_ViT-S-16_en_zeroshot_classification.json,/p/data1/mmlaion/experiments/autoexp/jjitsev/logs/dfn_s640M_bs_45056_ViT-S-16_ep25_lr0.0015_b1_0.9_b2_0.95_wd0.2_w6000_gc1_n32_bs352_sigFalse,ViT-S-16,dfn_2b,imagenet1k,640000000,14204,25600000,7520000000.0,1.8115906964639252,25,98133.52327586206,766.6681505926723,45056,128,zeroshot_classification,352,6000,0.0015,cosine,NVIDIA-A100,0.95,0.9,62.26,21.81,40.44,11.75,1.5938,,clip,similarity,231.88360914738243,,,,acc1,0.59426,0.59426,0.8495,0.5942000000000001,,,,,,,,,,,,,,dfn_s640M_bs_45056_ViT-S-16_ep25_lr0.0015_b1_0.9_b2_0.95_wd0.2_w6000_gc1_n32_bs352_sigFalse_25,/p/data1/mmlaion/experiments/autoexp/jjitsev/logs/dfn_s640M_bs_45056_ViT-S-16_ep25_lr0.0015_b1_0.9_b2_0.95_wd0.2_w6000_gc1_n32_bs352_sigFalse_epoch_25,ViT-S-16_clip,640M,2
101,1262,14676,16009,clip_ViT-S-16_s640M_dfn_2b_globalbs45056_lr0.001_b1_0.9_b2_0.95_sched_cosine_warmup4000_gpus128,25,25,1.0,0.90625,ViT-S-16,dfn_s640M_bs_45056_ViT-S-16_ep25_lr0.001_b1_0.9_b2_0.95_wd0.2_w4000_gc1_n32_bs352_sigFalse,/p/data1/mmlaion/experiments/autoexp/jjitsev/logs/dfn_s640M_bs_45056_ViT-S-16_ep25_lr0.001_b1_0.9_b2_0.95_wd0.2_w4000_gc1_n32_bs352_sigFalse/checkpoints/imagenet1k_epoch_25.pt_ViT-S-16_en_zeroshot_classification.json,/p/data1/mmlaion/experiments/autoexp/jjitsev/logs/dfn_s640M_bs_45056_ViT-S-16_ep25_lr0.001_b1_0.9_b2_0.95_wd0.2_w4000_gc1_n32_bs352_sigFalse,ViT-S-16,dfn_2b,imagenet1k,640000000,14204,25600000,7520000000.0,1.8066176701558683,25,98403.65270114943,768.7785367277299,45056,128,zeroshot_classification,352,4000,0.001,cosine,NVIDIA-A100,0.95,0.9,62.26,21.81,40.44,11.75,1.6121,,clip,similarity,231.24706177995114,,,,acc1,0.58034,0.58034,0.83782,0.5803599999999999,,,,,,,,,,,,,,dfn_s640M_bs_45056_ViT-S-16_ep25_lr0.001_b1_0.9_b2_0.95_wd0.2_w4000_gc1_n32_bs352_sigFalse_25,/p/data1/mmlaion/experiments/autoexp/jjitsev/logs/dfn_s640M_bs_45056_ViT-S-16_ep25_lr0.001_b1_0.9_b2_0.95_wd0.2_w4000_gc1_n32_bs352_sigFalse_epoch_25,ViT-S-16_clip,640M,2
102,1263,14701,16034,clip_ViT-S-16_s640M_dfn_2b_globalbs45056_lr0.001_b1_0.9_b2_0.95_sched_cosine_warmup6000_gpus128,25,25,1.0,0.90625,ViT-S-16,dfn_s640M_bs_45056_ViT-S-16_ep25_lr0.001_b1_0.9_b2_0.95_wd0.2_w6000_gc1_n32_bs352_sigFalse,/p/data1/mmlaion/experiments/autoexp/jjitsev/logs/dfn_s640M_bs_45056_ViT-S-16_ep25_lr0.001_b1_0.9_b2_0.95_wd0.2_w6000_gc1_n32_bs352_sigFalse/checkpoints/imagenet1k_epoch_25.pt_ViT-S-16_en_zeroshot_classification.json,/p/data1/mmlaion/experiments/autoexp/jjitsev/logs/dfn_s640M_bs_45056_ViT-S-16_ep25_lr0.001_b1_0.9_b2_0.95_wd0.2_w6000_gc1_n32_bs352_sigFalse,ViT-S-16,dfn_2b,imagenet1k,640000000,14204,25600000,7520000000.0,1.829006885738694,25,97199.07517241378,759.3677747844827,45056,128,zeroshot_classification,352,6000,0.001,cosine,NVIDIA-A100,0.95,0.9,62.26,21.81,40.44,11.75,1.6818,,clip,similarity,234.11288137455284,,,,acc1,0.57588,0.57588,0.83406,0.57562,,,,,,,,,,,,,,dfn_s640M_bs_45056_ViT-S-16_ep25_lr0.001_b1_0.9_b2_0.95_wd0.2_w6000_gc1_n32_bs352_sigFalse_25,/p/data1/mmlaion/experiments/autoexp/jjitsev/logs/dfn_s640M_bs_45056_ViT-S-16_ep25_lr0.001_b1_0.9_b2_0.95_wd0.2_w6000_gc1_n32_bs352_sigFalse_epoch_25,ViT-S-16_clip,640M,2
103,1264,14726,16059,clip_ViT-S-16_s640M_dfn_2b_globalbs45056_lr0.002_b1_0.9_b2_0.95_sched_cosine_warmup4000_gpus128,25,25,1.0,0.90625,ViT-S-16,dfn_s640M_bs_45056_ViT-S-16_ep25_lr0.002_b1_0.9_b2_0.95_wd0.2_w4000_gc1_n32_bs352_sigFalse,/p/data1/mmlaion/experiments/autoexp/jjitsev/logs/dfn_s640M_bs_45056_ViT-S-16_ep25_lr0.002_b1_0.9_b2_0.95_wd0.2_w4000_gc1_n32_bs352_sigFalse/checkpoints/imagenet1k_epoch_25.pt_ViT-S-16_en_zeroshot_classification.json,/p/data1/mmlaion/experiments/autoexp/jjitsev/logs/dfn_s640M_bs_45056_ViT-S-16_ep25_lr0.002_b1_0.9_b2_0.95_wd0.2_w4000_gc1_n32_bs352_sigFalse,ViT-S-16,dfn_2b,imagenet1k,640000000,14204,25600000,7520000000.0,1.018018673269698,25,174631.15603448276,1364.3059065193966,45056,128,zeroshot_classification,352,4000,0.002,cosine,NVIDIA-H100,0.95,0.9,62.26,21.81,40.44,11.75,1.4727,,clip,similarity,130.30639017852135,,,,acc1,0.60194,0.60194,0.85746,0.6020800000000001,,,,,,,,,,,,,,dfn_s640M_bs_45056_ViT-S-16_ep25_lr0.002_b1_0.9_b2_0.95_wd0.2_w4000_gc1_n32_bs352_sigFalse_25,/p/data1/mmlaion/experiments/autoexp/jjitsev/logs/dfn_s640M_bs_45056_ViT-S-16_ep25_lr0.002_b1_0.9_b2_0.95_wd0.2_w4000_gc1_n32_bs352_sigFalse_epoch_25,ViT-S-16_clip,640M,2
104,1265,14751,16084,clip_ViT-S-16_s640M_dfn_2b_globalbs45056_lr0.002_b1_0.9_b2_0.95_sched_cosine_warmup6000_gpus128,25,25,1.0,0.90625,ViT-S-16,dfn_s640M_bs_45056_ViT-S-16_ep25_lr0.002_b1_0.9_b2_0.95_wd0.2_w6000_gc1_n32_bs352_sigFalse,/p/data1/mmlaion/experiments/autoexp/jjitsev/logs/dfn_s640M_bs_45056_ViT-S-16_ep25_lr0.002_b1_0.9_b2_0.95_wd0.2_w6000_gc1_n32_bs352_sigFalse/checkpoints/imagenet1k_epoch_25.pt_ViT-S-16_en_zeroshot_classification.json,/p/data1/mmlaion/experiments/autoexp/jjitsev/logs/dfn_s640M_bs_45056_ViT-S-16_ep25_lr0.002_b1_0.9_b2_0.95_wd0.2_w6000_gc1_n32_bs352_sigFalse,ViT-S-16,dfn_2b,imagenet1k,640000000,14204,25600000,7520000000.0,1.812911811770152,25,98062.01086206897,766.1094598599138,45056,128,zeroshot_classification,352,6000,0.002,cosine,NVIDIA-A100,0.95,0.9,62.26,21.81,40.44,11.75,1.4854,,clip,similarity,232.05271190657945,,,,acc1,0.59988,0.59988,0.8528,0.5998800000000001,,,,,,,,,,,,,,dfn_s640M_bs_45056_ViT-S-16_ep25_lr0.002_b1_0.9_b2_0.95_wd0.2_w6000_gc1_n32_bs352_sigFalse_25,/p/data1/mmlaion/experiments/autoexp/jjitsev/logs/dfn_s640M_bs_45056_ViT-S-16_ep25_lr0.002_b1_0.9_b2_0.95_wd0.2_w6000_gc1_n32_bs352_sigFalse_epoch_25,ViT-S-16_clip,640M,2
105,1266,14776,16109,clip_ViT-S-16_s640M_dfn_2b_globalbs8192_lr0.001_b1_0.9_b2_0.95_sched_cosine_warmup6000_gpus64,25,25,1.0,0.90625,ViT-S-16,dfn_s640M_bs_8192_ViT-S-16_ep25_lr0.001_b1_0.9_b2_0.95_wd0.2_w6000_gc1_n16_bs128_sigFalse,/p/data1/mmlaion/experiments/autoexp/jjitsev/logs/dfn_s640M_bs_8192_ViT-S-16_ep25_lr0.001_b1_0.9_b2_0.95_wd0.2_w6000_gc1_n16_bs128_sigFalse/checkpoints/imagenet1k_epoch_25.pt_ViT-S-16_en_zeroshot_classification.json,/p/data1/mmlaion/experiments/autoexp/jjitsev/logs/dfn_s640M_bs_8192_ViT-S-16_ep25_lr0.001_b1_0.9_b2_0.95_wd0.2_w6000_gc1_n16_bs128_sigFalse,ViT-S-16,dfn_2b,imagenet1k,640000000,78125,25600000,7520000000.0,4.213282591154804,25,42194.60098665048,659.2906404164138,8192,64,zeroshot_classification,128,6000,0.001,cosine,NVIDIA-A100,0.95,0.9,62.26,21.81,40.44,11.75,0.70215,,clip,similarity,269.65008583390744,,,,acc1,0.60728,0.60728,0.8628,0.60726,,,,,,,,,,,,,,dfn_s640M_bs_8192_ViT-S-16_ep25_lr0.001_b1_0.9_b2_0.95_wd0.2_w6000_gc1_n16_bs128_sigFalse_25,/p/data1/mmlaion/experiments/autoexp/jjitsev/logs/dfn_s640M_bs_8192_ViT-S-16_ep25_lr0.001_b1_0.9_b2_0.95_wd0.2_w6000_gc1_n16_bs128_sigFalse_epoch_25,ViT-S-16_clip,640M,2
106,1267,14801,16134,clip_ViT-S-16_s640M_dfn_2b_globalbs8192_lr0.002_b1_0.9_b2_0.95_sched_cosine_warmup6000_gpus64,25,25,1.0,0.90625,ViT-S-16,dfn_s640M_bs_8192_ViT-S-16_ep25_lr0.002_b1_0.9_b2_0.95_wd0.2_w6000_gc1_n16_bs128_sigFalse,/p/data1/mmlaion/experiments/autoexp/jjitsev/logs/dfn_s640M_bs_8192_ViT-S-16_ep25_lr0.002_b1_0.9_b2_0.95_wd0.2_w6000_gc1_n16_bs128_sigFalse/checkpoints/imagenet1k_epoch_25.pt_ViT-S-16_en_zeroshot_classification.json,/p/data1/mmlaion/experiments/autoexp/jjitsev/logs/dfn_s640M_bs_8192_ViT-S-16_ep25_lr0.002_b1_0.9_b2_0.95_wd0.2_w6000_gc1_n16_bs128_sigFalse,ViT-S-16,dfn_2b,imagenet1k,640000000,78125,25600000,7520000000.0,4.190386440291937,25,42425.15107160195,662.8929854937804,8192,64,zeroshot_classification,128,6000,0.002,cosine,NVIDIA-A100,0.95,0.9,62.26,21.81,40.44,11.75,0.72457,,clip,similarity,268.184732178684,,,,acc1,0.60118,0.60118,0.86186,0.6012799999999999,,,,,,,,,,,,,,dfn_s640M_bs_8192_ViT-S-16_ep25_lr0.002_b1_0.9_b2_0.95_wd0.2_w6000_gc1_n16_bs128_sigFalse_25,/p/data1/mmlaion/experiments/autoexp/jjitsev/logs/dfn_s640M_bs_8192_ViT-S-16_ep25_lr0.002_b1_0.9_b2_0.95_wd0.2_w6000_gc1_n16_bs128_sigFalse_epoch_25,ViT-S-16_clip,640M,2
107,1301,15211,16544,clip_ViT-S-32_s1.28B_datacomp_1b_globalbs16384_lr0.0015_b1_0.9_b2_0.95_sched_cosine_warmup10000_gpus64,20,20,1.0,0.90625,ViT-S-32,datacomp_s1.28B_bs_16384_ViT-S-32_ep20_lr0.0015_b1_0.9_b2_0.95_wd0.2_w10000_gc1_n16_bs256_sigFalse,/p/data1/mmlaion/experiments/autoexp/jjitsev/logs/datacomp_s1.28B_bs_16384_ViT-S-32_ep20_lr0.0015_b1_0.9_b2_0.95_wd0.2_w10000_gc1_n16_bs256_sigFalse/checkpoints/imagenet1k_epoch_20.pt_ViT-S-32_en_zeroshot_classification.json,/p/data1/mmlaion/experiments/autoexp/jjitsev/logs/datacomp_s1.28B_bs_16384_ViT-S-32_ep20_lr0.0015_b1_0.9_b2_0.95_wd0.2_w10000_gc1_n16_bs256_sigFalse,ViT-S-32,datacomp_1b,imagenet1k,1280000000,78125,64000000,7052799999.999999,4.955714734164166,20,71746.57433455433,1121.0402239774114,16384,64,zeroshot_classification,256,10000,0.0015,cosine,NVIDIA-A100,0.95,0.9,63.09,22.64,40.44,5.51,1.1189,,clip,similarity,317.16574298650664,,,,acc1,0.52712,0.52712,0.79792,0.5270199999999999,,,,,,,,,,,,,,datacomp_s1.28B_bs_16384_ViT-S-32_ep20_lr0.0015_b1_0.9_b2_0.95_wd0.2_w10000_gc1_n16_bs256_sigFalse_20,/p/data1/mmlaion/experiments/autoexp/jjitsev/logs/datacomp_s1.28B_bs_16384_ViT-S-32_ep20_lr0.0015_b1_0.9_b2_0.95_wd0.2_w10000_gc1_n16_bs256_sigFalse_epoch_20,ViT-S-32_clip,1.28B,2
108,1302,15231,16564,clip_ViT-S-32_s1.28B_datacomp_1b_globalbs16384_lr0.0015_b1_0.9_b2_0.95_sched_cosine_warmup15000_gpus64,20,20,1.0,0.90625,ViT-S-32,datacomp_s1.28B_bs_16384_ViT-S-32_ep20_lr0.0015_b1_0.9_b2_0.95_wd0.2_w15000_gc1_n16_bs256_sigFalse,/p/data1/mmlaion/experiments/autoexp/jjitsev/logs/datacomp_s1.28B_bs_16384_ViT-S-32_ep20_lr0.0015_b1_0.9_b2_0.95_wd0.2_w15000_gc1_n16_bs256_sigFalse/checkpoints/imagenet1k_epoch_20.pt_ViT-S-32_en_zeroshot_classification.json,/p/data1/mmlaion/experiments/autoexp/jjitsev/logs/datacomp_s1.28B_bs_16384_ViT-S-32_ep20_lr0.0015_b1_0.9_b2_0.95_wd0.2_w15000_gc1_n16_bs256_sigFalse,ViT-S-32,datacomp_1b,imagenet1k,1280000000,78125,64000000,7052799999.999999,4.943028789827714,20,71930.706996337,1123.9172968177656,16384,64,zeroshot_classification,256,15000,0.0015,cosine,NVIDIA-A100,0.95,0.9,63.09,22.64,40.44,5.51,1.1511,,clip,similarity,316.3538425489737,,,,acc1,0.5297,0.5297,0.8018,0.52952,,,,,,,,,,,,,,datacomp_s1.28B_bs_16384_ViT-S-32_ep20_lr0.0015_b1_0.9_b2_0.95_wd0.2_w15000_gc1_n16_bs256_sigFalse_20,/p/data1/mmlaion/experiments/autoexp/jjitsev/logs/datacomp_s1.28B_bs_16384_ViT-S-32_ep20_lr0.0015_b1_0.9_b2_0.95_wd0.2_w15000_gc1_n16_bs256_sigFalse_epoch_20,ViT-S-32_clip,1.28B,2
109,1303,15251,16584,clip_ViT-S-32_s1.28B_datacomp_1b_globalbs16384_lr0.0015_b1_0.9_b2_0.95_sched_cosine_warmup4000_gpus64,20,20,1.0,0.90625,ViT-S-32,datacomp_s1.28B_bs_16384_ViT-S-32_ep20_lr0.0015_b1_0.9_b2_0.95_wd0.2_w4000_gc1_n16_bs256_sigFalse,/p/data1/mmlaion/experiments/autoexp/jjitsev/logs/datacomp_s1.28B_bs_16384_ViT-S-32_ep20_lr0.0015_b1_0.9_b2_0.95_wd0.2_w4000_gc1_n16_bs256_sigFalse/checkpoints/imagenet1k_epoch_20.pt_ViT-S-32_en_zeroshot_classification.json,/p/data1/mmlaion/experiments/autoexp/jjitsev/logs/datacomp_s1.28B_bs_16384_ViT-S-32_ep20_lr0.0015_b1_0.9_b2_0.95_wd0.2_w4000_gc1_n16_bs256_sigFalse,ViT-S-32,datacomp_1b,imagenet1k,1280000000,78125,64000000,7052799999.999999,4.94670753565086,20,71877.21388278388,1123.081466918498,16384,64,zeroshot_classification,256,4000,0.0015,cosine,NVIDIA-A100,0.95,0.9,63.09,22.64,40.44,5.51,1.1276,,clip,similarity,316.589282281655,,,,acc1,0.53106,0.53106,0.80164,0.5310999999999999,,,,,,,,,,,,,,datacomp_s1.28B_bs_16384_ViT-S-32_ep20_lr0.0015_b1_0.9_b2_0.95_wd0.2_w4000_gc1_n16_bs256_sigFalse_20,/p/data1/mmlaion/experiments/autoexp/jjitsev/logs/datacomp_s1.28B_bs_16384_ViT-S-32_ep20_lr0.0015_b1_0.9_b2_0.95_wd0.2_w4000_gc1_n16_bs256_sigFalse_epoch_20,ViT-S-32_clip,1.28B,2
110,1304,15271,16604,clip_ViT-S-32_s1.28B_datacomp_1b_globalbs16384_lr0.001_b1_0.9_b2_0.95_sched_cosine_warmup10000_gpus64,20,20,1.0,0.90625,ViT-S-32,datacomp_s1.28B_bs_16384_ViT-S-32_ep20_lr0.001_b1_0.9_b2_0.95_wd0.2_w10000_gc1_n16_bs256_sigFalse,/p/data1/mmlaion/experiments/autoexp/jjitsev/logs/datacomp_s1.28B_bs_16384_ViT-S-32_ep20_lr0.001_b1_0.9_b2_0.95_wd0.2_w10000_gc1_n16_bs256_sigFalse/checkpoints/imagenet1k_epoch_20.pt_ViT-S-32_en_zeroshot_classification.json,/p/data1/mmlaion/experiments/autoexp/jjitsev/logs/datacomp_s1.28B_bs_16384_ViT-S-32_ep20_lr0.001_b1_0.9_b2_0.95_wd0.2_w10000_gc1_n16_bs256_sigFalse,ViT-S-32,datacomp_1b,imagenet1k,1280000000,78125,64000000,7052799999.999999,4.98602263497607,20,71310.45757020757,1114.2258995344932,16384,64,zeroshot_classification,256,10000,0.001,cosine,NVIDIA-A100,0.95,0.9,63.09,22.64,40.44,5.51,1.1123,,clip,similarity,319.1054486384685,,,,acc1,0.52976,0.52976,0.7993,0.52962,,,,,,,,,,,,,,datacomp_s1.28B_bs_16384_ViT-S-32_ep20_lr0.001_b1_0.9_b2_0.95_wd0.2_w10000_gc1_n16_bs256_sigFalse_20,/p/data1/mmlaion/experiments/autoexp/jjitsev/logs/datacomp_s1.28B_bs_16384_ViT-S-32_ep20_lr0.001_b1_0.9_b2_0.95_wd0.2_w10000_gc1_n16_bs256_sigFalse_epoch_20,ViT-S-32_clip,1.28B,2
111,1305,15291,16624,clip_ViT-S-32_s1.28B_datacomp_1b_globalbs16384_lr0.001_b1_0.9_b2_0.95_sched_cosine_warmup15000_gpus64,20,20,1.0,0.90625,ViT-S-32,datacomp_s1.28B_bs_16384_ViT-S-32_ep20_lr0.001_b1_0.9_b2_0.95_wd0.2_w15000_gc1_n16_bs256_sigFalse,/p/data1/mmlaion/experiments/autoexp/jjitsev/logs/datacomp_s1.28B_bs_16384_ViT-S-32_ep20_lr0.001_b1_0.9_b2_0.95_wd0.2_w15000_gc1_n16_bs256_sigFalse/checkpoints/imagenet1k_epoch_20.pt_ViT-S-32_en_zeroshot_classification.json,/p/data1/mmlaion/experiments/autoexp/jjitsev/logs/datacomp_s1.28B_bs_16384_ViT-S-32_ep20_lr0.001_b1_0.9_b2_0.95_wd0.2_w15000_gc1_n16_bs256_sigFalse,ViT-S-32,datacomp_1b,imagenet1k,1280000000,78125,64000000,7052799999.999999,4.9975205802175084,20,71146.39146520146,1111.6623666437729,16384,64,zeroshot_classification,256,15000,0.001,cosine,NVIDIA-A100,0.95,0.9,63.09,22.64,40.44,5.51,1.1333,,clip,similarity,319.84131713392054,,,,acc1,0.52784,0.52784,0.79774,0.52778,,,,,,,,,,,,,,datacomp_s1.28B_bs_16384_ViT-S-32_ep20_lr0.001_b1_0.9_b2_0.95_wd0.2_w15000_gc1_n16_bs256_sigFalse_20,/p/data1/mmlaion/experiments/autoexp/jjitsev/logs/datacomp_s1.28B_bs_16384_ViT-S-32_ep20_lr0.001_b1_0.9_b2_0.95_wd0.2_w15000_gc1_n16_bs256_sigFalse_epoch_20,ViT-S-32_clip,1.28B,2
112,1306,15311,16644,clip_ViT-S-32_s1.28B_datacomp_1b_globalbs16384_lr0.001_b1_0.9_b2_0.95_sched_cosine_warmup4000_gpus64,20,20,1.0,0.90625,ViT-S-32,datacomp_s1.28B_bs_16384_ViT-S-32_ep20_lr0.001_b1_0.9_b2_0.95_wd0.2_w4000_gc1_n16_bs256_sigFalse,/p/data1/mmlaion/experiments/autoexp/jjitsev/logs/datacomp_s1.28B_bs_16384_ViT-S-32_ep20_lr0.001_b1_0.9_b2_0.95_wd0.2_w4000_gc1_n16_bs256_sigFalse/checkpoints/imagenet1k_epoch_20.pt_ViT-S-32_en_zeroshot_classification.json,/p/data1/mmlaion/experiments/autoexp/jjitsev/logs/datacomp_s1.28B_bs_16384_ViT-S-32_ep20_lr0.001_b1_0.9_b2_0.95_wd0.2_w4000_gc1_n16_bs256_sigFalse,ViT-S-32,datacomp_1b,imagenet1k,1280000000,78125,64000000,7052799999.999999,4.958347337635123,20,71708.48094017094,1120.4450146901709,16384,64,zeroshot_classification,256,4000,0.001,cosine,NVIDIA-A100,0.95,0.9,63.09,22.64,40.44,5.51,1.1088,,clip,similarity,317.3342296086479,,,,acc1,0.53118,0.53118,0.8018,0.53144,,,,,,,,,,,,,,datacomp_s1.28B_bs_16384_ViT-S-32_ep20_lr0.001_b1_0.9_b2_0.95_wd0.2_w4000_gc1_n16_bs256_sigFalse_20,/p/data1/mmlaion/experiments/autoexp/jjitsev/logs/datacomp_s1.28B_bs_16384_ViT-S-32_ep20_lr0.001_b1_0.9_b2_0.95_wd0.2_w4000_gc1_n16_bs256_sigFalse_epoch_20,ViT-S-32_clip,1.28B,2
113,1307,15331,16664,clip_ViT-S-32_s1.28B_datacomp_1b_globalbs16384_lr0.002_b1_0.9_b2_0.95_sched_cosine_warmup10000_gpus64,20,20,1.0,0.90625,ViT-S-32,datacomp_s1.28B_bs_16384_ViT-S-32_ep20_lr0.002_b1_0.9_b2_0.95_wd0.2_w10000_gc1_n16_bs256_sigFalse,/p/data1/mmlaion/experiments/autoexp/jjitsev/logs/datacomp_s1.28B_bs_16384_ViT-S-32_ep20_lr0.002_b1_0.9_b2_0.95_wd0.2_w10000_gc1_n16_bs256_sigFalse/checkpoints/imagenet1k_epoch_20.pt_ViT-S-32_en_zeroshot_classification.json,/p/data1/mmlaion/experiments/autoexp/jjitsev/logs/datacomp_s1.28B_bs_16384_ViT-S-32_ep20_lr0.002_b1_0.9_b2_0.95_wd0.2_w10000_gc1_n16_bs256_sigFalse,ViT-S-32,datacomp_1b,imagenet1k,1280000000,78125,64000000,7052799999.999999,5.004199961272063,20,71051.42846153847,1110.1785697115386,16384,64,zeroshot_classification,256,10000,0.002,cosine,NVIDIA-A100,0.95,0.9,63.09,22.64,40.44,5.51,1.1494,,clip,similarity,320.268797521412,,,,acc1,0.5304,0.5304,0.79808,0.5303199999999999,,,,,,,,,,,,,,datacomp_s1.28B_bs_16384_ViT-S-32_ep20_lr0.002_b1_0.9_b2_0.95_wd0.2_w10000_gc1_n16_bs256_sigFalse_20,/p/data1/mmlaion/experiments/autoexp/jjitsev/logs/datacomp_s1.28B_bs_16384_ViT-S-32_ep20_lr0.002_b1_0.9_b2_0.95_wd0.2_w10000_gc1_n16_bs256_sigFalse_epoch_20,ViT-S-32_clip,1.28B,2
114,1308,15351,16684,clip_ViT-S-32_s1.28B_datacomp_1b_globalbs16384_lr0.002_b1_0.9_b2_0.95_sched_cosine_warmup15000_gpus64,20,20,1.0,0.90625,ViT-S-32,datacomp_s1.28B_bs_16384_ViT-S-32_ep20_lr0.002_b1_0.9_b2_0.95_wd0.2_w15000_gc1_n16_bs256_sigFalse,/p/data1/mmlaion/experiments/autoexp/jjitsev/logs/datacomp_s1.28B_bs_16384_ViT-S-32_ep20_lr0.002_b1_0.9_b2_0.95_wd0.2_w15000_gc1_n16_bs256_sigFalse/checkpoints/imagenet1k_epoch_20.pt_ViT-S-32_en_zeroshot_classification.json,/p/data1/mmlaion/experiments/autoexp/jjitsev/logs/datacomp_s1.28B_bs_16384_ViT-S-32_ep20_lr0.002_b1_0.9_b2_0.95_wd0.2_w15000_gc1_n16_bs256_sigFalse,ViT-S-32,datacomp_1b,imagenet1k,1280000000,78125,64000000,7052799999.999999,4.967660040973264,20,71574.05148962149,1118.3445545253358,16384,64,zeroshot_classification,256,15000,0.002,cosine,NVIDIA-A100,0.95,0.9,63.09,22.64,40.44,5.51,1.184,,clip,similarity,317.9302426222889,,,,acc1,0.53002,0.53002,0.79938,0.53006,,,,,,,,,,,,,,datacomp_s1.28B_bs_16384_ViT-S-32_ep20_lr0.002_b1_0.9_b2_0.95_wd0.2_w15000_gc1_n16_bs256_sigFalse_20,/p/data1/mmlaion/experiments/autoexp/jjitsev/logs/datacomp_s1.28B_bs_16384_ViT-S-32_ep20_lr0.002_b1_0.9_b2_0.95_wd0.2_w15000_gc1_n16_bs256_sigFalse_epoch_20,ViT-S-32_clip,1.28B,2
115,1309,15371,16704,clip_ViT-S-32_s1.28B_datacomp_1b_globalbs16384_lr0.002_b1_0.9_b2_0.95_sched_cosine_warmup4000_gpus64,20,20,1.0,0.90625,ViT-S-32,datacomp_s1.28B_bs_16384_ViT-S-32_ep20_lr0.002_b1_0.9_b2_0.95_wd0.2_w4000_gc1_n16_bs256_sigFalse,/p/data1/mmlaion/experiments/autoexp/jjitsev/logs/datacomp_s1.28B_bs_16384_ViT-S-32_ep20_lr0.002_b1_0.9_b2_0.95_wd0.2_w4000_gc1_n16_bs256_sigFalse/checkpoints/imagenet1k_epoch_20.pt_ViT-S-32_en_zeroshot_classification.json,/p/data1/mmlaion/experiments/autoexp/jjitsev/logs/datacomp_s1.28B_bs_16384_ViT-S-32_ep20_lr0.002_b1_0.9_b2_0.95_wd0.2_w4000_gc1_n16_bs256_sigFalse,ViT-S-32,datacomp_1b,imagenet1k,1280000000,78125,64000000,7052799999.999999,4.990499005902966,20,71246.49361416361,1113.2264627213065,16384,64,zeroshot_classification,256,4000,0.002,cosine,NVIDIA-A100,0.95,0.9,63.09,22.64,40.44,5.51,1.1609,,clip,similarity,319.3919363777898,,,,acc1,0.52628,0.52628,0.79496,0.52588,,,,,,,,,,,,,,datacomp_s1.28B_bs_16384_ViT-S-32_ep20_lr0.002_b1_0.9_b2_0.95_wd0.2_w4000_gc1_n16_bs256_sigFalse_20,/p/data1/mmlaion/experiments/autoexp/jjitsev/logs/datacomp_s1.28B_bs_16384_ViT-S-32_ep20_lr0.002_b1_0.9_b2_0.95_wd0.2_w4000_gc1_n16_bs256_sigFalse_epoch_20,ViT-S-32_clip,1.28B,2
116,1313,15451,16784,clip_ViT-S-32_s1.28B_datacomp_1b_globalbs90624_lr0.002_b1_0.9_b2_0.95_sched_cosine_warmup10000_gpus256,20,20,1.0,0.90625,ViT-S-32,datacomp_s1.28B_bs_90624_ViT-S-32_ep20_lr0.002_b1_0.9_b2_0.95_wd0.2_w10000_gc1_n64_bs354_sigFalse,/p/data1/mmlaion/experiments/autoexp/jjitsev/logs/datacomp_s1.28B_bs_90624_ViT-S-32_ep20_lr0.002_b1_0.9_b2_0.95_wd0.2_w10000_gc1_n64_bs354_sigFalse/checkpoints/imagenet1k_epoch_20.pt_ViT-S-32_en_zeroshot_classification.json,/p/data1/mmlaion/experiments/autoexp/jjitsev/logs/datacomp_s1.28B_bs_90624_ViT-S-32_ep20_lr0.002_b1_0.9_b2_0.95_wd0.2_w10000_gc1_n64_bs354_sigFalse,ViT-S-32,datacomp_1b,imagenet1k,1280000000,14124,64000000,7052799999.999999,1.4083570587036986,20,252461.2301675978,986.1766803421789,90624,256,zeroshot_classification,354,10000,0.002,cosine,NVIDIA-A100,0.95,0.9,63.09,22.64,40.44,5.51,2.4039,,clip,similarity,360.53940702814685,,,,acc1,0.50172,0.50172,0.77092,0.5016,,,,,,,,,,,,,,datacomp_s1.28B_bs_90624_ViT-S-32_ep20_lr0.002_b1_0.9_b2_0.95_wd0.2_w10000_gc1_n64_bs354_sigFalse_20,/p/data1/mmlaion/experiments/autoexp/jjitsev/logs/datacomp_s1.28B_bs_90624_ViT-S-32_ep20_lr0.002_b1_0.9_b2_0.95_wd0.2_w10000_gc1_n64_bs354_sigFalse_epoch_20,ViT-S-32_clip,1.28B,2
117,1314,15471,16804,clip_ViT-S-32_s1.28B_datacomp_1b_globalbs90624_lr0.002_b1_0.9_b2_0.95_sched_cosine_warmup4000_gpus256,20,20,1.0,0.90625,ViT-S-32,datacomp_s1.28B_bs_90624_ViT-S-32_ep20_lr0.002_b1_0.9_b2_0.95_wd0.2_w4000_gc1_n64_bs354_sigFalse,/p/data1/mmlaion/experiments/autoexp/jjitsev/logs/datacomp_s1.28B_bs_90624_ViT-S-32_ep20_lr0.002_b1_0.9_b2_0.95_wd0.2_w4000_gc1_n64_bs354_sigFalse/checkpoints/imagenet1k_epoch_20.pt_ViT-S-32_en_zeroshot_classification.json,/p/data1/mmlaion/experiments/autoexp/jjitsev/logs/datacomp_s1.28B_bs_90624_ViT-S-32_ep20_lr0.002_b1_0.9_b2_0.95_wd0.2_w4000_gc1_n64_bs354_sigFalse,ViT-S-32,datacomp_1b,imagenet1k,1280000000,14124,64000000,7052799999.999999,1.408221570085335,20,252485.52011173186,986.2715629364526,90624,256,zeroshot_classification,354,4000,0.002,cosine,NVIDIA-A100,0.95,0.9,63.09,22.64,40.44,5.51,2.2999,,clip,similarity,360.5047219418458,,,,acc1,0.51154,0.51154,0.77956,0.51128,,,,,,,,,,,,,,datacomp_s1.28B_bs_90624_ViT-S-32_ep20_lr0.002_b1_0.9_b2_0.95_wd0.2_w4000_gc1_n64_bs354_sigFalse_20,/p/data1/mmlaion/experiments/autoexp/jjitsev/logs/datacomp_s1.28B_bs_90624_ViT-S-32_ep20_lr0.002_b1_0.9_b2_0.95_wd0.2_w4000_gc1_n64_bs354_sigFalse_epoch_20,ViT-S-32_clip,1.28B,2
118,1315,15491,16824,clip_ViT-S-32_s1.28B_datacomp_1b_globalbs90624_lr0.002_b1_0.9_b2_0.95_sched_cosine_warmup6000_gpus256,20,20,1.0,0.90625,ViT-S-32,datacomp_s1.28B_bs_90624_ViT-S-32_ep20_lr0.002_b1_0.9_b2_0.95_wd0.2_w6000_gc1_n64_bs354_sigFalse,/p/data1/mmlaion/experiments/autoexp/jjitsev/logs/datacomp_s1.28B_bs_90624_ViT-S-32_ep20_lr0.002_b1_0.9_b2_0.95_wd0.2_w6000_gc1_n64_bs354_sigFalse/checkpoints/imagenet1k_epoch_20.pt_ViT-S-32_en_zeroshot_classification.json,/p/data1/mmlaion/experiments/autoexp/jjitsev/logs/datacomp_s1.28B_bs_90624_ViT-S-32_ep20_lr0.002_b1_0.9_b2_0.95_wd0.2_w6000_gc1_n64_bs354_sigFalse,ViT-S-32,datacomp_1b,imagenet1k,1280000000,14124,64000000,7052799999.999999,1.414538612848198,20,251357.97094972065,981.8670740223463,90624,256,zeroshot_classification,354,6000,0.002,cosine,NVIDIA-A100,0.95,0.9,63.09,22.64,40.44,5.51,2.4419,,clip,similarity,362.1218848891387,,,,acc1,0.50698,0.50698,0.77514,0.50686,,,,,,,,,,,,,,datacomp_s1.28B_bs_90624_ViT-S-32_ep20_lr0.002_b1_0.9_b2_0.95_wd0.2_w6000_gc1_n64_bs354_sigFalse_20,/p/data1/mmlaion/experiments/autoexp/jjitsev/logs/datacomp_s1.28B_bs_90624_ViT-S-32_ep20_lr0.002_b1_0.9_b2_0.95_wd0.2_w6000_gc1_n64_bs354_sigFalse_epoch_20,ViT-S-32_clip,1.28B,2
119,1316,15511,16844,clip_ViT-S-32_s1.28B_datacomp_1b_globalbs90624_lr0.003_b1_0.9_b2_0.95_sched_cosine_warmup10000_gpus256,20,20,1.0,0.90625,ViT-S-32,datacomp_s1.28B_bs_90624_ViT-S-32_ep20_lr0.003_b1_0.9_b2_0.95_wd0.2_w10000_gc1_n64_bs354_sigFalse,/p/data1/mmlaion/experiments/autoexp/jjitsev/logs/datacomp_s1.28B_bs_90624_ViT-S-32_ep20_lr0.003_b1_0.9_b2_0.95_wd0.2_w10000_gc1_n64_bs354_sigFalse/checkpoints/imagenet1k_epoch_20.pt_ViT-S-32_en_zeroshot_classification.json,/p/data1/mmlaion/experiments/autoexp/jjitsev/logs/datacomp_s1.28B_bs_90624_ViT-S-32_ep20_lr0.003_b1_0.9_b2_0.95_wd0.2_w10000_gc1_n64_bs354_sigFalse,ViT-S-32,datacomp_1b,imagenet1k,1280000000,14124,64000000,7052799999.999999,1.4074665411509233,20,252620.9648044693,986.8006437674582,90624,256,zeroshot_classification,354,10000,0.003,cosine,NVIDIA-A100,0.95,0.9,63.09,22.64,40.44,5.51,2.4609,,clip,similarity,360.31143453463636,,,,acc1,0.50798,0.50798,0.7747,0.50794,,,,,,,,,,,,,,datacomp_s1.28B_bs_90624_ViT-S-32_ep20_lr0.003_b1_0.9_b2_0.95_wd0.2_w10000_gc1_n64_bs354_sigFalse_20,/p/data1/mmlaion/experiments/autoexp/jjitsev/logs/datacomp_s1.28B_bs_90624_ViT-S-32_ep20_lr0.003_b1_0.9_b2_0.95_wd0.2_w10000_gc1_n64_bs354_sigFalse_epoch_20,ViT-S-32_clip,1.28B,2
120,1317,15531,16864,clip_ViT-S-32_s1.28B_datacomp_1b_globalbs90624_lr0.003_b1_0.9_b2_0.95_sched_cosine_warmup4000_gpus256,20,20,1.0,0.90625,ViT-S-32,datacomp_s1.28B_bs_90624_ViT-S-32_ep20_lr0.003_b1_0.9_b2_0.95_wd0.2_w4000_gc1_n64_bs354_sigFalse,/p/data1/mmlaion/experiments/autoexp/jjitsev/logs/datacomp_s1.28B_bs_90624_ViT-S-32_ep20_lr0.003_b1_0.9_b2_0.95_wd0.2_w4000_gc1_n64_bs354_sigFalse/checkpoints/imagenet1k_epoch_20.pt_ViT-S-32_en_zeroshot_classification.json,/p/data1/mmlaion/experiments/autoexp/jjitsev/logs/datacomp_s1.28B_bs_90624_ViT-S-32_ep20_lr0.003_b1_0.9_b2_0.95_wd0.2_w4000_gc1_n64_bs354_sigFalse,ViT-S-32,datacomp_1b,imagenet1k,1280000000,14124,64000000,7052799999.999999,1.4223487079581625,20,249977.76815642457,976.4756568610335,90624,256,zeroshot_classification,354,4000,0.003,cosine,NVIDIA-A100,0.95,0.9,63.09,22.64,40.44,5.51,2.3684,,clip,similarity,364.1212692372896,,,,acc1,0.5161,0.5161,0.78302,0.5159,,,,,,,,,,,,,,datacomp_s1.28B_bs_90624_ViT-S-32_ep20_lr0.003_b1_0.9_b2_0.95_wd0.2_w4000_gc1_n64_bs354_sigFalse_20,/p/data1/mmlaion/experiments/autoexp/jjitsev/logs/datacomp_s1.28B_bs_90624_ViT-S-32_ep20_lr0.003_b1_0.9_b2_0.95_wd0.2_w4000_gc1_n64_bs354_sigFalse_epoch_20,ViT-S-32_clip,1.28B,2
121,1318,15551,16884,clip_ViT-S-32_s1.28B_datacomp_1b_globalbs90624_lr0.003_b1_0.9_b2_0.95_sched_cosine_warmup6000_gpus256,20,20,1.0,0.90625,ViT-S-32,datacomp_s1.28B_bs_90624_ViT-S-32_ep20_lr0.003_b1_0.9_b2_0.95_wd0.2_w6000_gc1_n64_bs354_sigFalse,/p/data1/mmlaion/experiments/autoexp/jjitsev/logs/datacomp_s1.28B_bs_90624_ViT-S-32_ep20_lr0.003_b1_0.9_b2_0.95_wd0.2_w6000_gc1_n64_bs354_sigFalse/checkpoints/imagenet1k_epoch_20.pt_ViT-S-32_en_zeroshot_classification.json,/p/data1/mmlaion/experiments/autoexp/jjitsev/logs/datacomp_s1.28B_bs_90624_ViT-S-32_ep20_lr0.003_b1_0.9_b2_0.95_wd0.2_w6000_gc1_n64_bs354_sigFalse,ViT-S-32,datacomp_1b,imagenet1k,1280000000,14124,64000000,7052799999.999999,1.4106687255711652,20,252047.52122905027,984.5606298009776,90624,256,zeroshot_classification,354,6000,0.003,cosine,NVIDIA-A100,0.95,0.9,63.09,22.64,40.44,5.51,2.2957,,clip,similarity,361.1311937462183,,,,acc1,0.51344,0.51344,0.7813,0.51354,,,,,,,,,,,,,,datacomp_s1.28B_bs_90624_ViT-S-32_ep20_lr0.003_b1_0.9_b2_0.95_wd0.2_w6000_gc1_n64_bs354_sigFalse_20,/p/data1/mmlaion/experiments/autoexp/jjitsev/logs/datacomp_s1.28B_bs_90624_ViT-S-32_ep20_lr0.003_b1_0.9_b2_0.95_wd0.2_w6000_gc1_n64_bs354_sigFalse_epoch_20,ViT-S-32_clip,1.28B,2
122,1498,18037,19370,clip_ViT-S-32_s3B_datacomp_1b_globalbs90624_lr0.002_b1_0.9_b2_0.95_sched_cosine_warmup4000_gpus256,48,48,1.0,0.90625,ViT-S-32,datacomp_s3B_bs_90624_ViT-S-32_ep48_lr0.002_b1_0.9_b2_0.95_wd0.2_w4000_gc1_n64_bs354_sigFalse,/p/data1/mmlaion/experiments/autoexp/jjitsev/logs/datacomp_s3B_bs_90624_ViT-S-32_ep48_lr0.002_b1_0.9_b2_0.95_wd0.2_w4000_gc1_n64_bs354_sigFalse/checkpoints/imagenet1k_epoch_48.pt_ViT-S-32_en_zeroshot_classification.json,/p/data1/mmlaion/experiments/autoexp/jjitsev/logs/datacomp_s3B_bs_90624_ViT-S-32_ep48_lr0.002_b1_0.9_b2_0.95_wd0.2_w4000_gc1_n64_bs354_sigFalse,ViT-S-32,datacomp_1b,imagenet1k,3072000000,33898,64000000,16926720000.000002,3.5737987200776224,48,238774.87238979118,932.7143452726218,90624,256,zeroshot_classification,354,4000,0.002,cosine,NVIDIA-A100,0.95,0.9,63.09,22.64,40.44,5.51,1.8131,,clip,similarity,914.8924723398713,,,,acc1,0.55864,0.55864,0.81934,0.55874,,,,,,,,,,,,,,datacomp_s3B_bs_90624_ViT-S-32_ep48_lr0.002_b1_0.9_b2_0.95_wd0.2_w4000_gc1_n64_bs354_sigFalse_48,/p/data1/mmlaion/experiments/autoexp/jjitsev/logs/datacomp_s3B_bs_90624_ViT-S-32_ep48_lr0.002_b1_0.9_b2_0.95_wd0.2_w4000_gc1_n64_bs354_sigFalse_epoch_48,ViT-S-32_clip,3B,5
123,1499,18085,19418,clip_ViT-S-32_s3B_relaion2b-en_globalbs32768_lr0.0015_b1_0.9_b2_0.95_sched_cosine_warmup10000_gpus128,48,48,1.0,0.90625,ViT-S-32,relaion_s3B_bs_32768_ViT-S-32_ep48_lr0.0015_b1_0.9_b2_0.95_wd0.2_w10000_gc1_n32_bs256_sigFalse,/p/data1/mmlaion/experiments/autoexp/jjitsev/leonardo_logs/relaion_s3B_bs_32768_ViT-S-32_ep48_lr0.0015_b1_0.9_b2_0.95_wd0.2_w10000_gc1_n32_bs256_sigFalse/checkpoints/imagenet1k_epoch_48.pt_ViT-S-32_en_zeroshot_classification.json,/p/data1/mmlaion/experiments/autoexp/jjitsev/leonardo_logs/relaion_s3B_bs_32768_ViT-S-32_ep48_lr0.0015_b1_0.9_b2_0.95_wd0.2_w10000_gc1_n32_bs256_sigFalse,ViT-S-32,relaion2b-en,imagenet1k,3072000000,93750,64000000,16926720000.000002,9.494302425478152,48,89878.46553564549,702.1755119972304,32768,128,zeroshot_classification,256,10000,0.0015,cosine,NVIDIA-A100,0.95,0.9,63.09,22.64,40.44,5.51,0.96984,,clip,similarity,1215.2707104612034,,,,acc1,0.51852,0.51852,0.79384,0.51802,,,,,,,,,,,,,,relaion_s3B_bs_32768_ViT-S-32_ep48_lr0.0015_b1_0.9_b2_0.95_wd0.2_w10000_gc1_n32_bs256_sigFalse_48,/p/data1/mmlaion/experiments/autoexp/jjitsev/leonardo_logs/relaion_s3B_bs_32768_ViT-S-32_ep48_lr0.0015_b1_0.9_b2_0.95_wd0.2_w10000_gc1_n32_bs256_sigFalse_epoch_48,ViT-S-32_clip,3B,5
124,1500,18133,19466,clip_ViT-S-32_s3B_relaion2b-en_globalbs65536_lr0.002_b1_0.9_b2_0.95_sched_cosine_warmup10000_gpus128,48,48,1.0,0.90625,ViT-S-32,relaion_s3B_bs_65536_ViT-S-32_ep48_lr0.002_b1_0.9_b2_0.95_wd0.2_w10000_gc1_n32_bs512_sigFalse,/p/data1/mmlaion/experiments/autoexp/jjitsev/leonardo_logs/relaion_s3B_bs_65536_ViT-S-32_ep48_lr0.002_b1_0.9_b2_0.95_wd0.2_w10000_gc1_n32_bs512_sigFalse/checkpoints/imagenet1k_epoch_48.pt_ViT-S-32_en_zeroshot_classification.json,/p/data1/mmlaion/experiments/autoexp/jjitsev/leonardo_logs/relaion_s3B_bs_65536_ViT-S-32_ep48_lr0.002_b1_0.9_b2_0.95_wd0.2_w10000_gc1_n32_bs512_sigFalse,ViT-S-32,relaion2b-en,imagenet1k,3072000000,46875,64000000,16926720000.000002,9.1862800229892,48,92892.15342857143,725.7199486607143,65536,128,zeroshot_classification,512,10000,0.002,cosine,NVIDIA-A100,0.95,0.9,63.09,22.64,40.44,5.51,1.2906,,clip,similarity,1175.8438429426176,,,,acc1,0.51706,0.51706,0.78918,0.5169400000000001,,,,,,,,,,,,,,relaion_s3B_bs_65536_ViT-S-32_ep48_lr0.002_b1_0.9_b2_0.95_wd0.2_w10000_gc1_n32_bs512_sigFalse_48,/p/data1/mmlaion/experiments/autoexp/jjitsev/leonardo_logs/relaion_s3B_bs_65536_ViT-S-32_ep48_lr0.002_b1_0.9_b2_0.95_wd0.2_w10000_gc1_n32_bs512_sigFalse_epoch_48,ViT-S-32_clip,3B,5
125,1501,18181,19514,clip_ViT-S-32_s3B_relaion2b-en_globalbs90112_lr0.002_b1_0.9_b2_0.95_sched_cosine_warmup6000_gpus176,48,48,1.0,0.90625,ViT-S-32,relaion_s3B_bs_90112_ViT-S-32_ep48_lr0.002_b1_0.9_b2_0.95_wd0.2_w6000_gc1_n44_bs512_sigFalse,/p/data1/mmlaion/experiments/autoexp/jjitsev/leonardo_logs/relaion_s3B_bs_90112_ViT-S-32_ep48_lr0.002_b1_0.9_b2_0.95_wd0.2_w6000_gc1_n44_bs512_sigFalse/checkpoints/imagenet1k_epoch_48.pt_ViT-S-32_en_zeroshot_classification.json,/p/data1/mmlaion/experiments/autoexp/jjitsev/leonardo_logs/relaion_s3B_bs_90112_ViT-S-32_ep48_lr0.002_b1_0.9_b2_0.95_wd0.2_w6000_gc1_n44_bs512_sigFalse,ViT-S-32,relaion2b-en,imagenet1k,3072000000,34090,64000000,16926720000.000002,5.9235719476298945,48,144057.2244040632,818.5069568412681,90112,176,zeroshot_classification,512,6000,0.002,cosine,NVIDIA-A100,0.95,0.9,63.09,22.64,40.44,5.51,1.4315,,clip,similarity,1042.5486627828614,,,,acc1,0.5152,0.5152,0.78786,0.51506,,,,,,,,,,,,,,relaion_s3B_bs_90112_ViT-S-32_ep48_lr0.002_b1_0.9_b2_0.95_wd0.2_w6000_gc1_n44_bs512_sigFalse_48,/p/data1/mmlaion/experiments/autoexp/jjitsev/leonardo_logs/relaion_s3B_bs_90112_ViT-S-32_ep48_lr0.002_b1_0.9_b2_0.95_wd0.2_w6000_gc1_n44_bs512_sigFalse_epoch_48,ViT-S-32_clip,3B,5
126,1580,19336,20669,clip_ViT-S-32_s640M_dfn_2b_globalbs16384_lr0.001_b1_0.9_b2_0.95_sched_cosine_warmup6000_gpus64,25,25,1.0,0.90625,ViT-S-32,dfn_s640M_bs_16384_ViT-S-32_ep25_lr0.001_b1_0.9_b2_0.95_wd0.2_w6000_gc1_n16_bs256_sigFalse,/p/data1/mmlaion/experiments/autoexp/jjitsev/logs/dfn_s640M_bs_16384_ViT-S-32_ep25_lr0.001_b1_0.9_b2_0.95_wd0.2_w6000_gc1_n16_bs256_sigFalse/checkpoints/imagenet1k_epoch_25.pt_ViT-S-32_en_zeroshot_classification.json,/p/data1/mmlaion/experiments/autoexp/jjitsev/logs/dfn_s640M_bs_16384_ViT-S-32_ep25_lr0.001_b1_0.9_b2_0.95_wd0.2_w6000_gc1_n16_bs256_sigFalse,ViT-S-32,dfn_2b,imagenet1k,640000000,39062,25600000,3526400000.0,2.879993396559594,25,61728.536596698104,964.5083843234079,16384,64,zeroshot_classification,256,6000,0.001,cosine,NVIDIA-A100,0.95,0.9,63.09,22.64,40.44,5.51,1.3003,,clip,similarity,184.319577379814,,,,acc1,0.5444,0.5444,0.81232,0.5442,,,,,,,,,,,,,,dfn_s640M_bs_16384_ViT-S-32_ep25_lr0.001_b1_0.9_b2_0.95_wd0.2_w6000_gc1_n16_bs256_sigFalse_25,/p/data1/mmlaion/experiments/autoexp/jjitsev/logs/dfn_s640M_bs_16384_ViT-S-32_ep25_lr0.001_b1_0.9_b2_0.95_wd0.2_w6000_gc1_n16_bs256_sigFalse_epoch_25,ViT-S-32_clip,640M,2
127,1581,19361,20694,clip_ViT-S-32_s640M_dfn_2b_globalbs16384_lr0.002_b1_0.9_b2_0.95_sched_cosine_warmup6000_gpus64,25,25,1.0,0.90625,ViT-S-32,dfn_s640M_bs_16384_ViT-S-32_ep25_lr0.002_b1_0.9_b2_0.95_wd0.2_w6000_gc1_n16_bs256_sigFalse,/p/data1/mmlaion/experiments/autoexp/jjitsev/logs/dfn_s640M_bs_16384_ViT-S-32_ep25_lr0.002_b1_0.9_b2_0.95_wd0.2_w6000_gc1_n16_bs256_sigFalse/checkpoints/imagenet1k_epoch_25.pt_ViT-S-32_en_zeroshot_classification.json,/p/data1/mmlaion/experiments/autoexp/jjitsev/logs/dfn_s640M_bs_16384_ViT-S-32_ep25_lr0.002_b1_0.9_b2_0.95_wd0.2_w6000_gc1_n16_bs256_sigFalse,ViT-S-32,dfn_2b,imagenet1k,640000000,39062,25600000,3526400000.0,2.851335786690851,25,62348.944872641514,974.2022636350237,16384,64,zeroshot_classification,256,6000,0.002,cosine,NVIDIA-A100,0.95,0.9,63.09,22.64,40.44,5.51,1.2665,,clip,similarity,182.48549034821446,,,,acc1,0.54586,0.54586,0.81478,0.5456199999999999,,,,,,,,,,,,,,dfn_s640M_bs_16384_ViT-S-32_ep25_lr0.002_b1_0.9_b2_0.95_wd0.2_w6000_gc1_n16_bs256_sigFalse_25,/p/data1/mmlaion/experiments/autoexp/jjitsev/logs/dfn_s640M_bs_16384_ViT-S-32_ep25_lr0.002_b1_0.9_b2_0.95_wd0.2_w6000_gc1_n16_bs256_sigFalse_epoch_25,ViT-S-32_clip,640M,2
128,1582,19386,20719,clip_ViT-S-32_s640M_dfn_2b_globalbs32800_lr0.001_b1_0.9_b2_0.95_sched_cosine_warmup6000_gpus80,25,25,1.0,0.90625,ViT-S-32,dfn_s640M_bs_32800_ViT-S-32_ep25_lr0.001_b1_0.9_b2_0.95_wd0.2_w6000_gc1_n20_bs410_sigFalse,/p/data1/mmlaion/experiments/autoexp/jjitsev/logs/dfn_s640M_bs_32800_ViT-S-32_ep25_lr0.001_b1_0.9_b2_0.95_wd0.2_w6000_gc1_n20_bs410_sigFalse/checkpoints/imagenet1k_epoch_25.pt_ViT-S-32_en_zeroshot_classification.json,/p/data1/mmlaion/experiments/autoexp/jjitsev/logs/dfn_s640M_bs_32800_ViT-S-32_ep25_lr0.001_b1_0.9_b2_0.95_wd0.2_w6000_gc1_n20_bs410_sigFalse,ViT-S-32,dfn_2b,imagenet1k,640000000,19512,25600000,3526400000.0,2.3719691905557188,25,74949.44642857143,936.868080357143,32800,80,zeroshot_classification,410,6000,0.001,cosine,NVIDIA-A100,0.95,0.9,63.09,22.64,40.44,5.51,1.8231,,clip,similarity,189.7575352444575,,,,acc1,0.52374,0.52374,0.79242,0.52368,,,,,,,,,,,,,,dfn_s640M_bs_32800_ViT-S-32_ep25_lr0.001_b1_0.9_b2_0.95_wd0.2_w6000_gc1_n20_bs410_sigFalse_25,/p/data1/mmlaion/experiments/autoexp/jjitsev/logs/dfn_s640M_bs_32800_ViT-S-32_ep25_lr0.001_b1_0.9_b2_0.95_wd0.2_w6000_gc1_n20_bs410_sigFalse_epoch_25,ViT-S-32_clip,640M,2
129,1583,19411,20744,clip_ViT-S-32_s640M_dfn_2b_globalbs32800_lr0.002_b1_0.9_b2_0.95_sched_cosine_warmup6000_gpus80,25,25,1.0,0.90625,ViT-S-32,dfn_s640M_bs_32800_ViT-S-32_ep25_lr0.002_b1_0.9_b2_0.95_wd0.2_w6000_gc1_n20_bs410_sigFalse,/p/data1/mmlaion/experiments/autoexp/jjitsev/logs/dfn_s640M_bs_32800_ViT-S-32_ep25_lr0.002_b1_0.9_b2_0.95_wd0.2_w6000_gc1_n20_bs410_sigFalse/checkpoints/imagenet1k_epoch_25.pt_ViT-S-32_en_zeroshot_classification.json,/p/data1/mmlaion/experiments/autoexp/jjitsev/logs/dfn_s640M_bs_32800_ViT-S-32_ep25_lr0.002_b1_0.9_b2_0.95_wd0.2_w6000_gc1_n20_bs410_sigFalse,ViT-S-32,dfn_2b,imagenet1k,640000000,19512,25600000,3526400000.0,2.2592172091166893,25,78689.98919642856,983.624864955357,32800,80,zeroshot_classification,410,6000,0.002,cosine,NVIDIA-A100,0.95,0.9,63.09,22.64,40.44,5.51,1.7367,,clip,similarity,180.73737672933515,,,,acc1,0.54106,0.54106,0.80638,0.54102,,,,,,,,,,,,,,dfn_s640M_bs_32800_ViT-S-32_ep25_lr0.002_b1_0.9_b2_0.95_wd0.2_w6000_gc1_n20_bs410_sigFalse_25,/p/data1/mmlaion/experiments/autoexp/jjitsev/logs/dfn_s640M_bs_32800_ViT-S-32_ep25_lr0.002_b1_0.9_b2_0.95_wd0.2_w6000_gc1_n20_bs410_sigFalse_epoch_25,ViT-S-32_clip,640M,2
130,1584,19436,20769,clip_ViT-S-32_s640M_dfn_2b_globalbs45056_lr0.0015_b1_0.9_b2_0.95_sched_cosine_warmup4000_gpus128,25,25,1.0,0.90625,ViT-S-32,dfn_s640M_bs_45056_ViT-S-32_ep25_lr0.0015_b1_0.9_b2_0.95_wd0.2_w4000_gc1_n32_bs352_sigFalse,/p/data1/mmlaion/experiments/autoexp/jjitsev/logs/dfn_s640M_bs_45056_ViT-S-32_ep25_lr0.0015_b1_0.9_b2_0.95_wd0.2_w4000_gc1_n32_bs352_sigFalse/checkpoints/imagenet1k_epoch_25.pt_ViT-S-32_en_zeroshot_classification.json,/p/data1/mmlaion/experiments/autoexp/jjitsev/logs/dfn_s640M_bs_45056_ViT-S-32_ep25_lr0.0015_b1_0.9_b2_0.95_wd0.2_w4000_gc1_n32_bs352_sigFalse,ViT-S-32,dfn_2b,imagenet1k,640000000,14204,25600000,3526400000.0,1.429459282103429,25,124367.15057471264,971.6183638649425,45056,128,zeroshot_classification,352,4000,0.0015,cosine,NVIDIA-A100,0.95,0.9,63.09,22.64,40.44,5.51,1.9065,,clip,similarity,182.97078810923892,,,,acc1,0.52752,0.52752,0.79672,0.52788,,,,,,,,,,,,,,dfn_s640M_bs_45056_ViT-S-32_ep25_lr0.0015_b1_0.9_b2_0.95_wd0.2_w4000_gc1_n32_bs352_sigFalse_25,/p/data1/mmlaion/experiments/autoexp/jjitsev/logs/dfn_s640M_bs_45056_ViT-S-32_ep25_lr0.0015_b1_0.9_b2_0.95_wd0.2_w4000_gc1_n32_bs352_sigFalse_epoch_25,ViT-S-32_clip,640M,2
131,1585,19461,20794,clip_ViT-S-32_s640M_dfn_2b_globalbs45056_lr0.0015_b1_0.9_b2_0.95_sched_cosine_warmup6000_gpus128,25,25,1.0,0.90625,ViT-S-32,dfn_s640M_bs_45056_ViT-S-32_ep25_lr0.0015_b1_0.9_b2_0.95_wd0.2_w6000_gc1_n32_bs352_sigFalse,/p/data1/mmlaion/experiments/autoexp/jjitsev/logs/dfn_s640M_bs_45056_ViT-S-32_ep25_lr0.0015_b1_0.9_b2_0.95_wd0.2_w6000_gc1_n32_bs352_sigFalse/checkpoints/imagenet1k_epoch_25.pt_ViT-S-32_en_zeroshot_classification.json,/p/data1/mmlaion/experiments/autoexp/jjitsev/logs/dfn_s640M_bs_45056_ViT-S-32_ep25_lr0.0015_b1_0.9_b2_0.95_wd0.2_w6000_gc1_n32_bs352_sigFalse,ViT-S-32,dfn_2b,imagenet1k,640000000,14204,25600000,3526400000.0,1.4392478165094995,25,123521.3114367816,965.0102455998563,45056,128,zeroshot_classification,352,6000,0.0015,cosine,NVIDIA-A100,0.95,0.9,63.09,22.64,40.44,5.51,2.0485,,clip,similarity,184.22372051321594,,,,acc1,0.52398,0.52398,0.79302,0.5235,,,,,,,,,,,,,,dfn_s640M_bs_45056_ViT-S-32_ep25_lr0.0015_b1_0.9_b2_0.95_wd0.2_w6000_gc1_n32_bs352_sigFalse_25,/p/data1/mmlaion/experiments/autoexp/jjitsev/logs/dfn_s640M_bs_45056_ViT-S-32_ep25_lr0.0015_b1_0.9_b2_0.95_wd0.2_w6000_gc1_n32_bs352_sigFalse_epoch_25,ViT-S-32_clip,640M,2
132,1586,19486,20819,clip_ViT-S-32_s640M_dfn_2b_globalbs45056_lr0.001_b1_0.9_b2_0.95_sched_cosine_warmup4000_gpus128,25,25,1.0,0.90625,ViT-S-32,dfn_s640M_bs_45056_ViT-S-32_ep25_lr0.001_b1_0.9_b2_0.95_wd0.2_w4000_gc1_n32_bs352_sigFalse,/p/data1/mmlaion/experiments/autoexp/jjitsev/logs/dfn_s640M_bs_45056_ViT-S-32_ep25_lr0.001_b1_0.9_b2_0.95_wd0.2_w4000_gc1_n32_bs352_sigFalse/checkpoints/imagenet1k_epoch_25.pt_ViT-S-32_en_zeroshot_classification.json,/p/data1/mmlaion/experiments/autoexp/jjitsev/logs/dfn_s640M_bs_45056_ViT-S-32_ep25_lr0.001_b1_0.9_b2_0.95_wd0.2_w4000_gc1_n32_bs352_sigFalse,ViT-S-32,dfn_2b,imagenet1k,640000000,14204,25600000,3526400000.0,1.3935793954396845,25,127569.17787356321,996.6342021372126,45056,128,zeroshot_classification,352,4000,0.001,cosine,NVIDIA-A100,0.95,0.9,63.09,22.64,40.44,5.51,2.0763,,clip,similarity,178.3781626162796,,,,acc1,0.51298,0.51298,0.78198,0.51268,,,,,,,,,,,,,,dfn_s640M_bs_45056_ViT-S-32_ep25_lr0.001_b1_0.9_b2_0.95_wd0.2_w4000_gc1_n32_bs352_sigFalse_25,/p/data1/mmlaion/experiments/autoexp/jjitsev/logs/dfn_s640M_bs_45056_ViT-S-32_ep25_lr0.001_b1_0.9_b2_0.95_wd0.2_w4000_gc1_n32_bs352_sigFalse_epoch_25,ViT-S-32_clip,640M,2
133,1587,19511,20844,clip_ViT-S-32_s640M_dfn_2b_globalbs45056_lr0.001_b1_0.9_b2_0.95_sched_cosine_warmup6000_gpus128,25,25,1.0,0.90625,ViT-S-32,dfn_s640M_bs_45056_ViT-S-32_ep25_lr0.001_b1_0.9_b2_0.95_wd0.2_w6000_gc1_n32_bs352_sigFalse,/p/data1/mmlaion/experiments/autoexp/jjitsev/logs/dfn_s640M_bs_45056_ViT-S-32_ep25_lr0.001_b1_0.9_b2_0.95_wd0.2_w6000_gc1_n32_bs352_sigFalse/checkpoints/imagenet1k_epoch_25.pt_ViT-S-32_en_zeroshot_classification.json,/p/data1/mmlaion/experiments/autoexp/jjitsev/logs/dfn_s640M_bs_45056_ViT-S-32_ep25_lr0.001_b1_0.9_b2_0.95_wd0.2_w6000_gc1_n32_bs352_sigFalse,ViT-S-32,dfn_2b,imagenet1k,640000000,14204,25600000,3526400000.0,1.4383812919454433,25,123595.72442528734,965.5915970725573,45056,128,zeroshot_classification,352,6000,0.001,cosine,NVIDIA-A100,0.95,0.9,63.09,22.64,40.44,5.51,2.14,,clip,similarity,184.11280536901674,,,,acc1,0.51092,0.51092,0.77724,0.5107,,,,,,,,,,,,,,dfn_s640M_bs_45056_ViT-S-32_ep25_lr0.001_b1_0.9_b2_0.95_wd0.2_w6000_gc1_n32_bs352_sigFalse_25,/p/data1/mmlaion/experiments/autoexp/jjitsev/logs/dfn_s640M_bs_45056_ViT-S-32_ep25_lr0.001_b1_0.9_b2_0.95_wd0.2_w6000_gc1_n32_bs352_sigFalse_epoch_25,ViT-S-32_clip,640M,2
134,1588,19536,20869,clip_ViT-S-32_s640M_dfn_2b_globalbs45056_lr0.002_b1_0.9_b2_0.95_sched_cosine_warmup4000_gpus128,25,25,1.0,0.90625,ViT-S-32,dfn_s640M_bs_45056_ViT-S-32_ep25_lr0.002_b1_0.9_b2_0.95_wd0.2_w4000_gc1_n32_bs352_sigFalse,/p/data1/mmlaion/experiments/autoexp/jjitsev/logs/dfn_s640M_bs_45056_ViT-S-32_ep25_lr0.002_b1_0.9_b2_0.95_wd0.2_w4000_gc1_n32_bs352_sigFalse/checkpoints/imagenet1k_epoch_25.pt_ViT-S-32_en_zeroshot_classification.json,/p/data1/mmlaion/experiments/autoexp/jjitsev/logs/dfn_s640M_bs_45056_ViT-S-32_ep25_lr0.002_b1_0.9_b2_0.95_wd0.2_w4000_gc1_n32_bs352_sigFalse,ViT-S-32,dfn_2b,imagenet1k,640000000,14204,25600000,3526400000.0,1.414621097540056,25,125671.65729885056,981.80982264727,45056,128,zeroshot_classification,352,4000,0.002,cosine,NVIDIA-A100,0.95,0.9,63.09,22.64,40.44,5.51,1.9797,,clip,similarity,181.07150048512716,,,,acc1,0.53414,0.53414,0.79794,0.53398,,,,,,,,,,,,,,dfn_s640M_bs_45056_ViT-S-32_ep25_lr0.002_b1_0.9_b2_0.95_wd0.2_w4000_gc1_n32_bs352_sigFalse_25,/p/data1/mmlaion/experiments/autoexp/jjitsev/logs/dfn_s640M_bs_45056_ViT-S-32_ep25_lr0.002_b1_0.9_b2_0.95_wd0.2_w4000_gc1_n32_bs352_sigFalse_epoch_25,ViT-S-32_clip,640M,2
135,1589,19561,20894,clip_ViT-S-32_s640M_dfn_2b_globalbs45056_lr0.002_b1_0.9_b2_0.95_sched_cosine_warmup6000_gpus128,25,25,1.0,0.90625,ViT-S-32,dfn_s640M_bs_45056_ViT-S-32_ep25_lr0.002_b1_0.9_b2_0.95_wd0.2_w6000_gc1_n32_bs352_sigFalse,/p/data1/mmlaion/experiments/autoexp/jjitsev/logs/dfn_s640M_bs_45056_ViT-S-32_ep25_lr0.002_b1_0.9_b2_0.95_wd0.2_w6000_gc1_n32_bs352_sigFalse/checkpoints/imagenet1k_epoch_25.pt_ViT-S-32_en_zeroshot_classification.json,/p/data1/mmlaion/experiments/autoexp/jjitsev/logs/dfn_s640M_bs_45056_ViT-S-32_ep25_lr0.002_b1_0.9_b2_0.95_wd0.2_w6000_gc1_n32_bs352_sigFalse,ViT-S-32,dfn_2b,imagenet1k,640000000,14204,25600000,3526400000.0,1.3958272697385918,25,127363.73735632184,995.0291980962644,45056,128,zeroshot_classification,352,6000,0.002,cosine,NVIDIA-A100,0.95,0.9,63.09,22.64,40.44,5.51,1.9219,,clip,similarity,178.66589052653976,,,,acc1,0.53198,0.53198,0.79818,0.53162,,,,,,,,,,,,,,dfn_s640M_bs_45056_ViT-S-32_ep25_lr0.002_b1_0.9_b2_0.95_wd0.2_w6000_gc1_n32_bs352_sigFalse_25,/p/data1/mmlaion/experiments/autoexp/jjitsev/logs/dfn_s640M_bs_45056_ViT-S-32_ep25_lr0.002_b1_0.9_b2_0.95_wd0.2_w6000_gc1_n32_bs352_sigFalse_epoch_25,ViT-S-32_clip,640M,2
136,1590,19586,20919,clip_ViT-S-32_s640M_dfn_2b_globalbs8192_lr0.001_b1_0.9_b2_0.95_sched_cosine_warmup6000_gpus64,25,25,1.0,0.90625,ViT-S-32,dfn_s640M_bs_8192_ViT-S-32_ep25_lr0.001_b1_0.9_b2_0.95_wd0.2_w6000_gc1_n16_bs128_sigFalse,/p/data1/mmlaion/experiments/autoexp/jjitsev/logs/dfn_s640M_bs_8192_ViT-S-32_ep25_lr0.001_b1_0.9_b2_0.95_wd0.2_w6000_gc1_n16_bs128_sigFalse/checkpoints/imagenet1k_epoch_25.pt_ViT-S-32_en_zeroshot_classification.json,/p/data1/mmlaion/experiments/autoexp/jjitsev/logs/dfn_s640M_bs_8192_ViT-S-32_ep25_lr0.001_b1_0.9_b2_0.95_wd0.2_w6000_gc1_n16_bs128_sigFalse,ViT-S-32,dfn_2b,imagenet1k,640000000,78125,25600000,3526400000.0,3.6970514457040347,25,48086.368390776704,751.349506105886,8192,64,zeroshot_classification,128,6000,0.001,cosine,NVIDIA-A100,0.95,0.9,63.09,22.64,40.44,5.51,0.92382,,clip,similarity,236.61129252505822,,,,acc1,0.5407,0.5407,0.81444,0.5406,,,,,,,,,,,,,,dfn_s640M_bs_8192_ViT-S-32_ep25_lr0.001_b1_0.9_b2_0.95_wd0.2_w6000_gc1_n16_bs128_sigFalse_25,/p/data1/mmlaion/experiments/autoexp/jjitsev/logs/dfn_s640M_bs_8192_ViT-S-32_ep25_lr0.001_b1_0.9_b2_0.95_wd0.2_w6000_gc1_n16_bs128_sigFalse_epoch_25,ViT-S-32_clip,640M,2
137,1591,19611,20944,clip_ViT-S-32_s640M_dfn_2b_globalbs8192_lr0.002_b1_0.9_b2_0.95_sched_cosine_warmup6000_gpus64,25,25,1.0,0.90625,ViT-S-32,dfn_s640M_bs_8192_ViT-S-32_ep25_lr0.002_b1_0.9_b2_0.95_wd0.2_w6000_gc1_n16_bs128_sigFalse,/p/data1/mmlaion/experiments/autoexp/jjitsev/logs/dfn_s640M_bs_8192_ViT-S-32_ep25_lr0.002_b1_0.9_b2_0.95_wd0.2_w6000_gc1_n16_bs128_sigFalse/checkpoints/imagenet1k_epoch_25.pt_ViT-S-32_en_zeroshot_classification.json,/p/data1/mmlaion/experiments/autoexp/jjitsev/logs/dfn_s640M_bs_8192_ViT-S-32_ep25_lr0.002_b1_0.9_b2_0.95_wd0.2_w6000_gc1_n16_bs128_sigFalse,ViT-S-32,dfn_2b,imagenet1k,640000000,78125,25600000,3526400000.0,3.6900095622029236,25,48178.13471237864,752.7833548809162,8192,64,zeroshot_classification,128,6000,0.002,cosine,NVIDIA-A100,0.95,0.9,63.09,22.64,40.44,5.51,1.0191,,clip,similarity,236.1606119809871,,,,acc1,0.5299,0.5299,0.8034,0.52946,,,,,,,,,,,,,,dfn_s640M_bs_8192_ViT-S-32_ep25_lr0.002_b1_0.9_b2_0.95_wd0.2_w6000_gc1_n16_bs128_sigFalse_25,/p/data1/mmlaion/experiments/autoexp/jjitsev/logs/dfn_s640M_bs_8192_ViT-S-32_ep25_lr0.002_b1_0.9_b2_0.95_wd0.2_w6000_gc1_n16_bs128_sigFalse_epoch_25,ViT-S-32_clip,640M,2
138,2725,31642,32975,mammut_ViT-M-32_s1.28B_datacomp_1b_globalbs90624_lr0.001_b1_0.9_b2_0.95_sched_cosine_warmup10000_gpus256,20,20,1.0,0.90625,ViT-M-32,datacomp_s1.28B_bs_90624_mammut_ViT-M-32_ep20_lr0.001_b1_0.9_b2_0.95_wd0.2_w10000_gc1_n64_bs354_sigFalse,/p/data1/mmlaion/experiments/autoexp/jjitsev/logs/datacomp_s1.28B_bs_90624_mammut_ViT-M-32_ep20_lr0.001_b1_0.9_b2_0.95_wd0.2_w10000_gc1_n64_bs354_sigFalse/checkpoints/imagenet1k_epoch_20.pt_mammut_ViT-M-32_en_zeroshot_classification.json,/p/data1/mmlaion/experiments/autoexp/jjitsev/logs/datacomp_s1.28B_bs_90624_mammut_ViT-M-32_ep20_lr0.001_b1_0.9_b2_0.95_wd0.2_w10000_gc1_n64_bs354_sigFalse,mammut_ViT-M-32,datacomp_1b,imagenet1k,1280000000,14124,64000000,28288000000.0,2.8769348429004222,20,123588.32402234637,482.7668907122905,90624,256,zeroshot_classification,354,10000,0.001,cosine,NVIDIA-A100,0.95,0.9,134.73,39.69,94.78,22.1,2.252,3.3496,mammut,similarity,736.4953197825081,,,,acc1,0.53848,0.53848,0.80362,0.5383,,,,,,,,,,,,,,datacomp_s1.28B_bs_90624_mammut_ViT-M-32_ep20_lr0.001_b1_0.9_b2_0.95_wd0.2_w10000_gc1_n64_bs354_sigFalse_20,/p/data1/mmlaion/experiments/autoexp/jjitsev/logs/datacomp_s1.28B_bs_90624_mammut_ViT-M-32_ep20_lr0.001_b1_0.9_b2_0.95_wd0.2_w10000_gc1_n64_bs354_sigFalse_epoch_20,ViT-M-32_mammut,1.28B,2
139,2726,31662,32995,mammut_ViT-M-32_s1.28B_datacomp_1b_globalbs90624_lr0.001_b1_0.9_b2_0.95_sched_cosine_warmup4000_gpus256,20,20,1.0,0.90625,ViT-M-32,datacomp_s1.28B_bs_90624_mammut_ViT-M-32_ep20_lr0.001_b1_0.9_b2_0.95_wd0.2_w4000_gc1_n64_bs354_sigFalse,/p/data1/mmlaion/experiments/autoexp/jjitsev/logs/datacomp_s1.28B_bs_90624_mammut_ViT-M-32_ep20_lr0.001_b1_0.9_b2_0.95_wd0.2_w4000_gc1_n64_bs354_sigFalse/checkpoints/imagenet1k_epoch_20.pt_mammut_ViT-M-32_en_zeroshot_classification.json,/p/data1/mmlaion/experiments/autoexp/jjitsev/logs/datacomp_s1.28B_bs_90624_mammut_ViT-M-32_ep20_lr0.001_b1_0.9_b2_0.95_wd0.2_w4000_gc1_n64_bs354_sigFalse,mammut_ViT-M-32,datacomp_1b,imagenet1k,1280000000,14124,64000000,28288000000.0,2.882129208053241,20,123365.58491620111,481.8968160789106,90624,256,zeroshot_classification,354,4000,0.001,cosine,NVIDIA-A100,0.95,0.9,134.73,39.69,94.78,22.1,2.1341,3.3099,mammut,similarity,737.8250772616296,,,,acc1,0.54888,0.54888,0.81232,0.54874,,,,,,,,,,,,,,datacomp_s1.28B_bs_90624_mammut_ViT-M-32_ep20_lr0.001_b1_0.9_b2_0.95_wd0.2_w4000_gc1_n64_bs354_sigFalse_20,/p/data1/mmlaion/experiments/autoexp/jjitsev/logs/datacomp_s1.28B_bs_90624_mammut_ViT-M-32_ep20_lr0.001_b1_0.9_b2_0.95_wd0.2_w4000_gc1_n64_bs354_sigFalse_epoch_20,ViT-M-32_mammut,1.28B,2
140,2727,31682,33015,mammut_ViT-M-32_s1.28B_datacomp_1b_globalbs90624_lr0.001_b1_0.9_b2_0.95_sched_cosine_warmup6000_gpus256,20,20,1.0,0.90625,ViT-M-32,datacomp_s1.28B_bs_90624_mammut_ViT-M-32_ep20_lr0.001_b1_0.9_b2_0.95_wd0.2_w6000_gc1_n64_bs354_sigFalse,/p/data1/mmlaion/experiments/autoexp/jjitsev/logs/datacomp_s1.28B_bs_90624_mammut_ViT-M-32_ep20_lr0.001_b1_0.9_b2_0.95_wd0.2_w6000_gc1_n64_bs354_sigFalse/checkpoints/imagenet1k_epoch_20.pt_mammut_ViT-M-32_en_zeroshot_classification.json,/p/data1/mmlaion/experiments/autoexp/jjitsev/logs/datacomp_s1.28B_bs_90624_mammut_ViT-M-32_ep20_lr0.001_b1_0.9_b2_0.95_wd0.2_w6000_gc1_n64_bs354_sigFalse,mammut_ViT-M-32,datacomp_1b,imagenet1k,1280000000,14124,64000000,28288000000.0,2.876457260427455,20,123608.843575419,482.84704521648047,90624,256,zeroshot_classification,354,6000,0.001,cosine,NVIDIA-A100,0.95,0.9,134.73,39.69,94.78,22.1,2.1091,3.3743,mammut,similarity,736.3730586694285,,,,acc1,0.54844,0.54844,0.81002,0.5486800000000001,,,,,,,,,,,,,,datacomp_s1.28B_bs_90624_mammut_ViT-M-32_ep20_lr0.001_b1_0.9_b2_0.95_wd0.2_w6000_gc1_n64_bs354_sigFalse_20,/p/data1/mmlaion/experiments/autoexp/jjitsev/logs/datacomp_s1.28B_bs_90624_mammut_ViT-M-32_ep20_lr0.001_b1_0.9_b2_0.95_wd0.2_w6000_gc1_n64_bs354_sigFalse_epoch_20,ViT-M-32_mammut,1.28B,2
141,2728,31702,33035,mammut_ViT-M-32_s1.28B_datacomp_1b_globalbs90624_lr0.002_b1_0.9_b2_0.95_sched_cosine_warmup10000_gpus256,20,20,1.0,0.90625,ViT-M-32,datacomp_s1.28B_bs_90624_mammut_ViT-M-32_ep20_lr0.002_b1_0.9_b2_0.95_wd0.2_w10000_gc1_n64_bs354_sigFalse,/p/data1/mmlaion/experiments/autoexp/jjitsev/logs/datacomp_s1.28B_bs_90624_mammut_ViT-M-32_ep20_lr0.002_b1_0.9_b2_0.95_wd0.2_w10000_gc1_n64_bs354_sigFalse/checkpoints/imagenet1k_epoch_20.pt_mammut_ViT-M-32_en_zeroshot_classification.json,/p/data1/mmlaion/experiments/autoexp/jjitsev/logs/datacomp_s1.28B_bs_90624_mammut_ViT-M-32_ep20_lr0.002_b1_0.9_b2_0.95_wd0.2_w10000_gc1_n64_bs354_sigFalse,mammut_ViT-M-32,datacomp_1b,imagenet1k,1280000000,14124,64000000,28288000000.0,2.8717262416101925,20,123812.48268156424,483.64251047486033,90624,256,zeroshot_classification,354,10000,0.002,cosine,NVIDIA-A100,0.95,0.9,134.73,39.69,94.78,22.1,2.0096,3.2861,mammut,similarity,735.1619178522093,,,,acc1,0.56312,0.56312,0.82204,0.56304,,,,,,,,,,,,,,datacomp_s1.28B_bs_90624_mammut_ViT-M-32_ep20_lr0.002_b1_0.9_b2_0.95_wd0.2_w10000_gc1_n64_bs354_sigFalse_20,/p/data1/mmlaion/experiments/autoexp/jjitsev/logs/datacomp_s1.28B_bs_90624_mammut_ViT-M-32_ep20_lr0.002_b1_0.9_b2_0.95_wd0.2_w10000_gc1_n64_bs354_sigFalse_epoch_20,ViT-M-32_mammut,1.28B,2
142,2729,31722,33055,mammut_ViT-M-32_s1.28B_datacomp_1b_globalbs90624_lr0.002_b1_0.9_b2_0.95_sched_cosine_warmup4000_gpus256,20,20,1.0,0.90625,ViT-M-32,datacomp_s3B_bs_90624_mammut_ViT-M-32_ep48_lr0.002_b1_0.9_b2_0.95_wd0.2_w4000_gc1_n64_bs354_sigFalse,/p/data1/mmlaion/experiments/autoexp/jjitsev/logs/datacomp_s3B_bs_90624_mammut_ViT-M-32_ep48_lr0.002_b1_0.9_b2_0.95_wd0.2_w4000_gc1_n64_bs354_sigFalse/checkpoints/imagenet1k_epoch_20.pt_mammut_ViT-M-32_en_zeroshot_classification.json,/p/data1/mmlaion/experiments/autoexp/jjitsev/logs/datacomp_s3B_bs_90624_mammut_ViT-M-32_ep48_lr0.002_b1_0.9_b2_0.95_wd0.2_w4000_gc1_n64_bs354_sigFalse,mammut_ViT-M-32,datacomp_1b,imagenet1k,1280000000,14124,64000000,28288000000.0,2.902575678501367,48,122496.5668213457,478.5022141458816,90624,256,zeroshot_classification,354,4000,0.002,cosine,NVIDIA-A100,0.95,0.9,134.73,39.69,94.78,22.1,1.4392,3.0936,mammut,similarity,743.05937369635,,,,acc1,0.48486,0.5707,0.76236,0.4847,,,,,,,,,,,,,,datacomp_s3B_bs_90624_mammut_ViT-M-32_ep48_lr0.002_b1_0.9_b2_0.95_wd0.2_w4000_gc1_n64_bs354_sigFalse_20,/p/data1/mmlaion/experiments/autoexp/jjitsev/logs/datacomp_s3B_bs_90624_mammut_ViT-M-32_ep48_lr0.002_b1_0.9_b2_0.95_wd0.2_w4000_gc1_n64_bs354_sigFalse_epoch_20,ViT-M-32_mammut,1.28B,2
143,2730,31742,33075,mammut_ViT-M-32_s1.28B_datacomp_1b_globalbs90624_lr0.002_b1_0.9_b2_0.95_sched_cosine_warmup6000_gpus256,20,20,1.0,0.90625,ViT-M-32,datacomp_s1.28B_bs_90624_mammut_ViT-M-32_ep20_lr0.002_b1_0.9_b2_0.95_wd0.2_w6000_gc1_n64_bs354_sigFalse,/p/data1/mmlaion/experiments/autoexp/jjitsev/logs/datacomp_s1.28B_bs_90624_mammut_ViT-M-32_ep20_lr0.002_b1_0.9_b2_0.95_wd0.2_w6000_gc1_n64_bs354_sigFalse/checkpoints/imagenet1k_epoch_20.pt_mammut_ViT-M-32_en_zeroshot_classification.json,/p/data1/mmlaion/experiments/autoexp/jjitsev/logs/datacomp_s1.28B_bs_90624_mammut_ViT-M-32_ep20_lr0.002_b1_0.9_b2_0.95_wd0.2_w6000_gc1_n64_bs354_sigFalse,mammut_ViT-M-32,datacomp_1b,imagenet1k,1280000000,14124,64000000,28288000000.0,2.8696795794286984,20,123900.78603351954,483.9874454434357,90624,256,zeroshot_classification,354,6000,0.002,cosine,NVIDIA-A100,0.95,0.9,134.73,39.69,94.78,22.1,1.8387,3.2248,mammut,similarity,734.6379723337468,,,,acc1,0.5687,0.5687,0.82732,0.56874,,,,,,,,,,,,,,datacomp_s1.28B_bs_90624_mammut_ViT-M-32_ep20_lr0.002_b1_0.9_b2_0.95_wd0.2_w6000_gc1_n64_bs354_sigFalse_20,/p/data1/mmlaion/experiments/autoexp/jjitsev/logs/datacomp_s1.28B_bs_90624_mammut_ViT-M-32_ep20_lr0.002_b1_0.9_b2_0.95_wd0.2_w6000_gc1_n64_bs354_sigFalse_epoch_20,ViT-M-32_mammut,1.28B,2
144,2731,31762,33095,mammut_ViT-M-32_s1.28B_relaion2b-en_globalbs16384_lr0.001_b1_0.9_b2_0.95_sched_cosine_warmup6000_gpus64,20,20,1.0,0.90625,ViT-M-32,relaion_s1.28B_bs_16384_mammut_ViT-M-32_ep20_lr0.001_b1_0.9_b2_0.95_wd0.2_w6000_gc1_n16_bs256_sigFalse,/p/data1/mmlaion/experiments/autoexp/jjitsev/leonardo_logs/relaion_s1.28B_bs_16384_mammut_ViT-M-32_ep20_lr0.001_b1_0.9_b2_0.95_wd0.2_w6000_gc1_n16_bs256_sigFalse/checkpoints/imagenet1k_epoch_20.pt_mammut_ViT-M-32_en_zeroshot_classification.json,/p/data1/mmlaion/experiments/autoexp/jjitsev/leonardo_logs/relaion_s1.28B_bs_16384_mammut_ViT-M-32_ep20_lr0.001_b1_0.9_b2_0.95_wd0.2_w6000_gc1_n16_bs256_sigFalse,mammut_ViT-M-32,relaion2b-en,imagenet1k,1280000000,78125,64000000,28288000000.0,12.246921159147156,20,29032.240098156683,453.62875153369816,16384,64,zeroshot_classification,256,6000,0.001,cosine,NVIDIA-A100,0.95,0.9,134.73,39.69,94.78,22.1,0.75553,2.9723,mammut,similarity,783.802954185418,,,,acc1,0.51726,0.51726,0.79886,0.5171,,,,,,,,,,,,,,relaion_s1.28B_bs_16384_mammut_ViT-M-32_ep20_lr0.001_b1_0.9_b2_0.95_wd0.2_w6000_gc1_n16_bs256_sigFalse_20,/p/data1/mmlaion/experiments/autoexp/jjitsev/leonardo_logs/relaion_s1.28B_bs_16384_mammut_ViT-M-32_ep20_lr0.001_b1_0.9_b2_0.95_wd0.2_w6000_gc1_n16_bs256_sigFalse_epoch_20,ViT-M-32_mammut,1.28B,2
145,2732,31782,33115,mammut_ViT-M-32_s1.28B_relaion2b-en_globalbs32768_lr0.0015_b1_0.9_b2_0.95_sched_cosine_warmup6000_gpus64,20,20,1.0,0.90625,ViT-M-32,relaion_s1.28B_bs_32768_mammut_ViT-M-32_ep20_lr0.0015_b1_0.9_b2_0.95_wd0.2_w6000_gc1_n16_bs512_sigFalse,/p/data1/mmlaion/experiments/autoexp/jjitsev/leonardo_logs/relaion_s1.28B_bs_32768_mammut_ViT-M-32_ep20_lr0.0015_b1_0.9_b2_0.95_wd0.2_w6000_gc1_n16_bs512_sigFalse/checkpoints/imagenet1k_epoch_20.pt_mammut_ViT-M-32_en_zeroshot_classification.json,/p/data1/mmlaion/experiments/autoexp/jjitsev/leonardo_logs/relaion_s1.28B_bs_32768_mammut_ViT-M-32_ep20_lr0.0015_b1_0.9_b2_0.95_wd0.2_w6000_gc1_n16_bs512_sigFalse,mammut_ViT-M-32,relaion2b-en,imagenet1k,1280000000,39062,64000000,28288000000.0,10.687745723883628,20,33267.59119661734,519.8061124471459,32768,64,zeroshot_classification,512,6000,0.0015,cosine,NVIDIA-A100,0.95,0.9,134.73,39.69,94.78,22.1,0.96883,3.0382,mammut,similarity,684.0157263285522,,,,acc1,0.52234,0.52234,0.80124,0.5221600000000001,,,,,,,,,,,,,,relaion_s1.28B_bs_32768_mammut_ViT-M-32_ep20_lr0.0015_b1_0.9_b2_0.95_wd0.2_w6000_gc1_n16_bs512_sigFalse_20,/p/data1/mmlaion/experiments/autoexp/jjitsev/leonardo_logs/relaion_s1.28B_bs_32768_mammut_ViT-M-32_ep20_lr0.0015_b1_0.9_b2_0.95_wd0.2_w6000_gc1_n16_bs512_sigFalse_epoch_20,ViT-M-32_mammut,1.28B,2
146,2733,31802,33135,mammut_ViT-M-32_s1.28B_relaion2b-en_globalbs65536_lr0.002_b1_0.9_b2_0.95_sched_cosine_warmup6000_gpus128,20,20,1.0,0.90625,ViT-M-32,relaion_s1.28B_bs_65536_mammut_ViT-M-32_ep20_lr0.002_b1_0.9_b2_0.95_wd0.2_w6000_gc1_n32_bs512_sigFalse,/p/data1/mmlaion/experiments/autoexp/jjitsev/leonardo_logs/relaion_s1.28B_bs_65536_mammut_ViT-M-32_ep20_lr0.002_b1_0.9_b2_0.95_wd0.2_w6000_gc1_n32_bs512_sigFalse/checkpoints/imagenet1k_epoch_20.pt_mammut_ViT-M-32_en_zeroshot_classification.json,/p/data1/mmlaion/experiments/autoexp/jjitsev/leonardo_logs/relaion_s1.28B_bs_65536_mammut_ViT-M-32_ep20_lr0.002_b1_0.9_b2_0.95_wd0.2_w6000_gc1_n32_bs512_sigFalse,mammut_ViT-M-32,relaion2b-en,imagenet1k,1280000000,19531,64000000,28288000000.0,6.552888967177961,20,54259.35909130436,423.9012429008153,65536,128,zeroshot_classification,512,6000,0.002,cosine,NVIDIA-A100,0.95,0.9,134.73,39.69,94.78,22.1,1.3494,3.0663,mammut,similarity,838.769787798779,,,,acc1,0.521,0.521,0.7963,0.52092,,,,,,,,,,,,,,relaion_s1.28B_bs_65536_mammut_ViT-M-32_ep20_lr0.002_b1_0.9_b2_0.95_wd0.2_w6000_gc1_n32_bs512_sigFalse_20,/p/data1/mmlaion/experiments/autoexp/jjitsev/leonardo_logs/relaion_s1.28B_bs_65536_mammut_ViT-M-32_ep20_lr0.002_b1_0.9_b2_0.95_wd0.2_w6000_gc1_n32_bs512_sigFalse_epoch_20,ViT-M-32_mammut,1.28B,2
147,2734,31822,33155,mammut_ViT-M-32_s1.28B_relaion2b-en_globalbs90112_lr0.002_b1_0.9_b2_0.95_sched_cosine_warmup6000_gpus176,20,20,1.0,0.90625,ViT-M-32,relaion_s1.28B_bs_90112_mammut_ViT-M-32_ep20_lr0.002_b1_0.9_b2_0.95_wd0.2_w6000_gc1_n44_bs512_sigFalse,/p/data1/mmlaion/experiments/autoexp/jjitsev/leonardo_logs/relaion_s1.28B_bs_90112_mammut_ViT-M-32_ep20_lr0.002_b1_0.9_b2_0.95_wd0.2_w6000_gc1_n44_bs512_sigFalse/checkpoints/imagenet1k_epoch_20.pt_mammut_ViT-M-32_en_zeroshot_classification.json,/p/data1/mmlaion/experiments/autoexp/jjitsev/leonardo_logs/relaion_s1.28B_bs_90112_mammut_ViT-M-32_ep20_lr0.002_b1_0.9_b2_0.95_wd0.2_w6000_gc1_n44_bs512_sigFalse,mammut_ViT-M-32,relaion2b-en,imagenet1k,1280000000,14204,64000000,28288000000.0,5.196835811833391,20,68417.70039106146,388.7369340401219,90112,176,zeroshot_classification,512,6000,0.002,cosine,NVIDIA-A100,0.95,0.9,134.73,39.69,94.78,22.1,1.5295,3.1271,mammut,similarity,914.6431028826768,,,,acc1,0.51442,0.51442,0.78744,0.51422,,,,,,,,,,,,,,relaion_s1.28B_bs_90112_mammut_ViT-M-32_ep20_lr0.002_b1_0.9_b2_0.95_wd0.2_w6000_gc1_n44_bs512_sigFalse_20,/p/data1/mmlaion/experiments/autoexp/jjitsev/leonardo_logs/relaion_s1.28B_bs_90112_mammut_ViT-M-32_ep20_lr0.002_b1_0.9_b2_0.95_wd0.2_w6000_gc1_n44_bs512_sigFalse_epoch_20,ViT-M-32_mammut,1.28B,2
148,2869,33654,34987,mammut_ViT-M-32_s300M_dfn_2b_globalbs16384_lr0.0015_b1_0.9_b2_0.95_sched_cosine_warmup4000_gpus64,24,24,1.0,0.90625,ViT-M-32,dfn_s300M_bs_16384_mammut_ViT-M-32_ep24_lr0.0015_b1_0.9_b2_0.95_wd0.2_w4000_gc1_n16_bs256_sigFalse,/p/data1/mmlaion/experiments/autoexp/jjitsev/logs/dfn_s300M_bs_16384_mammut_ViT-M-32_ep24_lr0.0015_b1_0.9_b2_0.95_wd0.2_w4000_gc1_n16_bs256_sigFalse/checkpoints/imagenet1k_epoch_24.pt_mammut_ViT-M-32_en_zeroshot_classification.json,/p/data1/mmlaion/experiments/autoexp/jjitsev/logs/dfn_s300M_bs_16384_mammut_ViT-M-32_ep24_lr0.0015_b1_0.9_b2_0.95_wd0.2_w4000_gc1_n16_bs256_sigFalse,mammut_ViT-M-32,dfn_2b,imagenet1k,307200000,18750,12800000,6789120000.000001,2.876001190037249,24,29670.82685116279,463.6066695494186,16384,64,zeroshot_classification,256,4000,0.0015,cosine,NVIDIA-A100,0.95,0.9,134.73,39.69,94.78,22.1,1.3571,3.2183,mammut,similarity,184.06407616238394,,,,acc1,0.53358,0.53358,0.80648,0.5334599999999999,,,,,,,,,,,,,,dfn_s300M_bs_16384_mammut_ViT-M-32_ep24_lr0.0015_b1_0.9_b2_0.95_wd0.2_w4000_gc1_n16_bs256_sigFalse_24,/p/data1/mmlaion/experiments/autoexp/jjitsev/logs/dfn_s300M_bs_16384_mammut_ViT-M-32_ep24_lr0.0015_b1_0.9_b2_0.95_wd0.2_w4000_gc1_n16_bs256_sigFalse_epoch_24,ViT-M-32_mammut,300M,2
149,2870,33678,35011,mammut_ViT-M-32_s300M_dfn_2b_globalbs16384_lr0.002_b1_0.9_b2_0.95_sched_cosine_warmup4000_gpus64,24,24,1.0,0.90625,ViT-M-32,dfn_s300M_bs_16384_mammut_ViT-M-32_ep24_lr0.002_b1_0.9_b2_0.95_wd0.2_w4000_gc1_n16_bs256_sigFalse,/p/data1/mmlaion/experiments/autoexp/jjitsev/logs/dfn_s300M_bs_16384_mammut_ViT-M-32_ep24_lr0.002_b1_0.9_b2_0.95_wd0.2_w4000_gc1_n16_bs256_sigFalse/checkpoints/imagenet1k_epoch_24.pt_mammut_ViT-M-32_en_zeroshot_classification.json,/p/data1/mmlaion/experiments/autoexp/jjitsev/logs/dfn_s300M_bs_16384_mammut_ViT-M-32_ep24_lr0.002_b1_0.9_b2_0.95_wd0.2_w4000_gc1_n16_bs256_sigFalse,mammut_ViT-M-32,dfn_2b,imagenet1k,307200000,18750,12800000,6789120000.000001,2.870979695501341,24,29722.722688372094,464.41754200581397,16384,64,zeroshot_classification,256,4000,0.002,cosine,NVIDIA-A100,0.95,0.9,134.73,39.69,94.78,22.1,1.3914,3.264,mammut,similarity,183.74270051208583,,,,acc1,0.53726,0.53726,0.80954,0.5371800000000001,,,,,,,,,,,,,,dfn_s300M_bs_16384_mammut_ViT-M-32_ep24_lr0.002_b1_0.9_b2_0.95_wd0.2_w4000_gc1_n16_bs256_sigFalse_24,/p/data1/mmlaion/experiments/autoexp/jjitsev/logs/dfn_s300M_bs_16384_mammut_ViT-M-32_ep24_lr0.002_b1_0.9_b2_0.95_wd0.2_w4000_gc1_n16_bs256_sigFalse_epoch_24,ViT-M-32_mammut,300M,2
150,2871,33702,35035,mammut_ViT-M-32_s300M_dfn_2b_globalbs32768_lr0.0015_b1_0.9_b2_0.95_sched_cosine_warmup4000_gpus64,24,24,1.0,0.90625,ViT-M-32,dfn_s300M_bs_32768_mammut_ViT-M-32_ep24_lr0.0015_b1_0.9_b2_0.95_wd0.2_w4000_gc1_n16_bs512_sigFalse,/p/data1/mmlaion/experiments/autoexp/jjitsev/logs/dfn_s300M_bs_32768_mammut_ViT-M-32_ep24_lr0.0015_b1_0.9_b2_0.95_wd0.2_w4000_gc1_n16_bs512_sigFalse/checkpoints/imagenet1k_epoch_24.pt_mammut_ViT-M-32_en_zeroshot_classification.json,/p/data1/mmlaion/experiments/autoexp/jjitsev/logs/dfn_s300M_bs_32768_mammut_ViT-M-32_ep24_lr0.0015_b1_0.9_b2_0.95_wd0.2_w4000_gc1_n16_bs512_sigFalse,mammut_ViT-M-32,dfn_2b,imagenet1k,307200000,9375,12800000,6789120000.000001,2.6270163527594255,24,32482.985210084033,507.546643907563,32768,64,zeroshot_classification,512,4000,0.0015,cosine,NVIDIA-A100,0.95,0.9,134.73,39.69,94.78,22.1,1.9359,3.3021,mammut,similarity,168.12904657660323,,,,acc1,0.514,0.514,0.78482,0.5138400000000001,,,,,,,,,,,,,,dfn_s300M_bs_32768_mammut_ViT-M-32_ep24_lr0.0015_b1_0.9_b2_0.95_wd0.2_w4000_gc1_n16_bs512_sigFalse_24,/p/data1/mmlaion/experiments/autoexp/jjitsev/logs/dfn_s300M_bs_32768_mammut_ViT-M-32_ep24_lr0.0015_b1_0.9_b2_0.95_wd0.2_w4000_gc1_n16_bs512_sigFalse_epoch_24,ViT-M-32_mammut,300M,2
151,2872,33726,35059,mammut_ViT-M-32_s300M_dfn_2b_globalbs32768_lr0.002_b1_0.9_b2_0.95_sched_cosine_warmup4000_gpus64,24,24,1.0,0.90625,ViT-M-32,dfn_s300M_bs_32768_mammut_ViT-M-32_ep24_lr0.002_b1_0.9_b2_0.95_wd0.2_w4000_gc1_n16_bs512_sigFalse,/p/data1/mmlaion/experiments/autoexp/jjitsev/logs/dfn_s300M_bs_32768_mammut_ViT-M-32_ep24_lr0.002_b1_0.9_b2_0.95_wd0.2_w4000_gc1_n16_bs512_sigFalse/checkpoints/imagenet1k_epoch_24.pt_mammut_ViT-M-32_en_zeroshot_classification.json,/p/data1/mmlaion/experiments/autoexp/jjitsev/logs/dfn_s300M_bs_32768_mammut_ViT-M-32_ep24_lr0.002_b1_0.9_b2_0.95_wd0.2_w4000_gc1_n16_bs512_sigFalse,mammut_ViT-M-32,dfn_2b,imagenet1k,307200000,9375,12800000,6789120000.000001,2.6094914682661874,24,32701.13521008404,510.95523765756315,32768,64,zeroshot_classification,512,4000,0.002,cosine,NVIDIA-A100,0.95,0.9,134.73,39.69,94.78,22.1,1.8255,3.158,mammut,similarity,167.007453969036,,,,acc1,0.51854,0.51854,0.79162,0.51862,,,,,,,,,,,,,,dfn_s300M_bs_32768_mammut_ViT-M-32_ep24_lr0.002_b1_0.9_b2_0.95_wd0.2_w4000_gc1_n16_bs512_sigFalse_24,/p/data1/mmlaion/experiments/autoexp/jjitsev/logs/dfn_s300M_bs_32768_mammut_ViT-M-32_ep24_lr0.002_b1_0.9_b2_0.95_wd0.2_w4000_gc1_n16_bs512_sigFalse_epoch_24,ViT-M-32_mammut,300M,2
152,2913,34304,35637,mammut_ViT-M-32_s3B_datacomp_1b_globalbs90624_lr0.002_b1_0.9_b2_0.95_sched_cosine_warmup4000_gpus256,48,48,1.0,0.90625,ViT-M-32,datacomp_s3B_bs_90624_mammut_ViT-M-32_ep48_lr0.002_b1_0.9_b2_0.95_wd0.2_w4000_gc1_n64_bs354_sigFalse,/p/data1/mmlaion/experiments/autoexp/jjitsev/logs/datacomp_s3B_bs_90624_mammut_ViT-M-32_ep48_lr0.002_b1_0.9_b2_0.95_wd0.2_w4000_gc1_n64_bs354_sigFalse/checkpoints/imagenet1k_epoch_48.pt_mammut_ViT-M-32_en_zeroshot_classification.json,/p/data1/mmlaion/experiments/autoexp/jjitsev/logs/datacomp_s3B_bs_90624_mammut_ViT-M-32_ep48_lr0.002_b1_0.9_b2_0.95_wd0.2_w4000_gc1_n64_bs354_sigFalse,mammut_ViT-M-32,datacomp_1b,imagenet1k,3072000000,33898,64000000,67891200000.000015,6.966181628403282,48,122496.5668213457,478.5022141458816,90624,256,zeroshot_classification,354,4000,0.002,cosine,NVIDIA-A100,0.95,0.9,134.73,39.69,94.78,22.1,1.4392,3.0936,mammut,similarity,1783.3424968712402,,,,acc1,0.61362,0.61362,0.85932,0.61342,,,,,,,,,,,,,,datacomp_s3B_bs_90624_mammut_ViT-M-32_ep48_lr0.002_b1_0.9_b2_0.95_wd0.2_w4000_gc1_n64_bs354_sigFalse_48,/p/data1/mmlaion/experiments/autoexp/jjitsev/logs/datacomp_s3B_bs_90624_mammut_ViT-M-32_ep48_lr0.002_b1_0.9_b2_0.95_wd0.2_w4000_gc1_n64_bs354_sigFalse_epoch_48,ViT-M-32_mammut,3B,5
153,2914,34352,35685,mammut_ViT-M-32_s3B_relaion2b-en_globalbs32768_lr0.0015_b1_0.9_b2_0.95_sched_cosine_warmup10000_gpus128,48,48,1.0,0.90625,ViT-M-32,relaion_s3B_bs_32768_mammut_ViT-M-32_ep48_lr0.0015_b1_0.9_b2_0.95_wd0.2_w10000_gc1_n32_bs256_sigFalse,/p/data1/mmlaion/experiments/autoexp/jjitsev/leonardo_logs/relaion_s3B_bs_32768_mammut_ViT-M-32_ep48_lr0.0015_b1_0.9_b2_0.95_wd0.2_w10000_gc1_n32_bs256_sigFalse/checkpoints/imagenet1k_epoch_48.pt_mammut_ViT-M-32_en_zeroshot_classification.json,/p/data1/mmlaion/experiments/autoexp/jjitsev/leonardo_logs/relaion_s3B_bs_32768_mammut_ViT-M-32_ep48_lr0.0015_b1_0.9_b2_0.95_wd0.2_w10000_gc1_n32_bs256_sigFalse,mammut_ViT-M-32,relaion2b-en,imagenet1k,3072000000,93750,64000000,67891200000.000015,16.450071375807227,48,51874.1416884253,405.26673194082264,32768,128,zeroshot_classification,256,10000,0.0015,cosine,NVIDIA-A100,0.95,0.9,134.73,39.69,94.78,22.1,0.78009,2.9306,mammut,similarity,2105.609136103325,,,,acc1,0.55752,0.55752,0.83024,0.5574000000000001,,,,,,,,,,,,,,relaion_s3B_bs_32768_mammut_ViT-M-32_ep48_lr0.0015_b1_0.9_b2_0.95_wd0.2_w10000_gc1_n32_bs256_sigFalse_48,/p/data1/mmlaion/experiments/autoexp/jjitsev/leonardo_logs/relaion_s3B_bs_32768_mammut_ViT-M-32_ep48_lr0.0015_b1_0.9_b2_0.95_wd0.2_w10000_gc1_n32_bs256_sigFalse_epoch_48,ViT-M-32_mammut,3B,5
154,2915,34400,35733,mammut_ViT-M-32_s3B_relaion2b-en_globalbs65536_lr0.002_b1_0.9_b2_0.95_sched_cosine_warmup10000_gpus128,48,48,1.0,0.90625,ViT-M-32,relaion_s3B_bs_65536_mammut_ViT-M-32_ep48_lr0.002_b1_0.9_b2_0.95_wd0.2_w10000_gc1_n32_bs512_sigFalse,/p/data1/mmlaion/experiments/autoexp/jjitsev/leonardo_logs/relaion_s3B_bs_65536_mammut_ViT-M-32_ep48_lr0.002_b1_0.9_b2_0.95_wd0.2_w10000_gc1_n32_bs512_sigFalse/checkpoints/imagenet1k_epoch_48.pt_mammut_ViT-M-32_en_zeroshot_classification.json,/p/data1/mmlaion/experiments/autoexp/jjitsev/leonardo_logs/relaion_s3B_bs_65536_mammut_ViT-M-32_ep48_lr0.002_b1_0.9_b2_0.95_wd0.2_w10000_gc1_n32_bs512_sigFalse,mammut_ViT-M-32,relaion2b-en,imagenet1k,3072000000,46875,64000000,67891200000.000015,14.956506156537577,48,57054.323008474574,445.7368985037076,65536,128,zeroshot_classification,512,10000,0.002,cosine,NVIDIA-A100,0.95,0.9,134.73,39.69,94.78,22.1,1.0081,2.9515,mammut,similarity,1914.4327880368098,,,,acc1,0.55814,0.55814,0.82478,0.55802,,,,,,,,,,,,,,relaion_s3B_bs_65536_mammut_ViT-M-32_ep48_lr0.002_b1_0.9_b2_0.95_wd0.2_w10000_gc1_n32_bs512_sigFalse_48,/p/data1/mmlaion/experiments/autoexp/jjitsev/leonardo_logs/relaion_s3B_bs_65536_mammut_ViT-M-32_ep48_lr0.002_b1_0.9_b2_0.95_wd0.2_w10000_gc1_n32_bs512_sigFalse_epoch_48,ViT-M-32_mammut,3B,5
155,2916,34448,35781,mammut_ViT-M-32_s3B_relaion2b-en_globalbs90112_lr0.002_b1_0.9_b2_0.95_sched_cosine_warmup6000_gpus176,48,48,1.0,0.90625,ViT-M-32,relaion_s3B_bs_90112_mammut_ViT-M-32_ep48_lr0.002_b1_0.9_b2_0.95_wd0.2_w6000_gc1_n44_bs512_sigFalse,/p/data1/mmlaion/experiments/autoexp/jjitsev/leonardo_logs/relaion_s3B_bs_90112_mammut_ViT-M-32_ep48_lr0.002_b1_0.9_b2_0.95_wd0.2_w6000_gc1_n44_bs512_sigFalse/checkpoints/imagenet1k_epoch_48.pt_mammut_ViT-M-32_en_zeroshot_classification.json,/p/data1/mmlaion/experiments/autoexp/jjitsev/leonardo_logs/relaion_s3B_bs_90112_mammut_ViT-M-32_ep48_lr0.002_b1_0.9_b2_0.95_wd0.2_w6000_gc1_n44_bs512_sigFalse,mammut_ViT-M-32,relaion2b-en,imagenet1k,3072000000,34090,64000000,67891200000.000015,11.973747931839066,48,71267.02,404.92625000000004,90112,176,zeroshot_classification,512,6000,0.002,cosine,NVIDIA-A100,0.95,0.9,134.73,39.69,94.78,22.1,1.1246,2.9766,mammut,similarity,2107.3796360036754,,,,acc1,0.56074,0.56074,0.82558,0.56076,,,,,,,,,,,,,,relaion_s3B_bs_90112_mammut_ViT-M-32_ep48_lr0.002_b1_0.9_b2_0.95_wd0.2_w6000_gc1_n44_bs512_sigFalse_48,/p/data1/mmlaion/experiments/autoexp/jjitsev/leonardo_logs/relaion_s3B_bs_90112_mammut_ViT-M-32_ep48_lr0.002_b1_0.9_b2_0.95_wd0.2_w6000_gc1_n44_bs512_sigFalse_epoch_48,ViT-M-32_mammut,3B,5
156,2981,35175,36508,mammut_ViT-M-32_s640M_datacomp_1b_globalbs16384_lr0.0015_b1_0.9_b2_0.95_sched_cosine_warmup10000_gpus64,25,25,1.0,0.90625,ViT-M-32,datacomp_s640M_bs_16384_mammut_ViT-M-32_ep25_lr0.0015_b1_0.9_b2_0.95_wd0.2_w10000_gc1_n16_bs256_sigFalse,/p/data1/mmlaion/experiments/autoexp/jjitsev/logs/datacomp_s640M_bs_16384_mammut_ViT-M-32_ep25_lr0.0015_b1_0.9_b2_0.95_wd0.2_w10000_gc1_n16_bs256_sigFalse/checkpoints/imagenet1k_epoch_25.pt_mammut_ViT-M-32_en_zeroshot_classification.json,/p/data1/mmlaion/experiments/autoexp/jjitsev/logs/datacomp_s640M_bs_16384_mammut_ViT-M-32_ep25_lr0.0015_b1_0.9_b2_0.95_wd0.2_w10000_gc1_n16_bs256_sigFalse,mammut_ViT-M-32,datacomp_1b,imagenet1k,640000000,39062,25600000,14144000000.0,5.71916427992343,25,31084.572688679247,485.69644826061324,16384,64,zeroshot_classification,256,10000,0.0015,cosine,NVIDIA-A100,0.95,0.9,134.73,39.69,94.78,22.1,1.0793,3.2511,mammut,similarity,366.02651391509954,,,,acc1,0.54636,0.54636,0.81518,0.546,,,,,,,,,,,,,,datacomp_s640M_bs_16384_mammut_ViT-M-32_ep25_lr0.0015_b1_0.9_b2_0.95_wd0.2_w10000_gc1_n16_bs256_sigFalse_25,/p/data1/mmlaion/experiments/autoexp/jjitsev/logs/datacomp_s640M_bs_16384_mammut_ViT-M-32_ep25_lr0.0015_b1_0.9_b2_0.95_wd0.2_w10000_gc1_n16_bs256_sigFalse_epoch_25,ViT-M-32_mammut,640M,2
157,2982,35200,36533,mammut_ViT-M-32_s640M_datacomp_1b_globalbs16384_lr0.0015_b1_0.9_b2_0.95_sched_cosine_warmup4000_gpus64,25,25,1.0,0.90625,ViT-M-32,datacomp_s640M_bs_16384_mammut_ViT-M-32_ep25_lr0.0015_b1_0.9_b2_0.95_wd0.2_w4000_gc1_n16_bs256_sigFalse,/p/data1/mmlaion/experiments/autoexp/jjitsev/logs/datacomp_s640M_bs_16384_mammut_ViT-M-32_ep25_lr0.0015_b1_0.9_b2_0.95_wd0.2_w4000_gc1_n16_bs256_sigFalse/checkpoints/imagenet1k_epoch_25.pt_mammut_ViT-M-32_en_zeroshot_classification.json,/p/data1/mmlaion/experiments/autoexp/jjitsev/logs/datacomp_s640M_bs_16384_mammut_ViT-M-32_ep25_lr0.0015_b1_0.9_b2_0.95_wd0.2_w4000_gc1_n16_bs256_sigFalse,mammut_ViT-M-32,datacomp_1b,imagenet1k,640000000,39062,25600000,14144000000.0,5.747063681975396,25,30933.67110849057,483.33861107016514,16384,64,zeroshot_classification,256,4000,0.0015,cosine,NVIDIA-A100,0.95,0.9,134.73,39.69,94.78,22.1,1.1031,3.2539,mammut,similarity,367.81207564642534,,,,acc1,0.55098,0.55098,0.81968,0.5513799999999999,,,,,,,,,,,,,,datacomp_s640M_bs_16384_mammut_ViT-M-32_ep25_lr0.0015_b1_0.9_b2_0.95_wd0.2_w4000_gc1_n16_bs256_sigFalse_25,/p/data1/mmlaion/experiments/autoexp/jjitsev/logs/datacomp_s640M_bs_16384_mammut_ViT-M-32_ep25_lr0.0015_b1_0.9_b2_0.95_wd0.2_w4000_gc1_n16_bs256_sigFalse_epoch_25,ViT-M-32_mammut,640M,2
158,2983,35225,36558,mammut_ViT-M-32_s640M_datacomp_1b_globalbs16384_lr0.001_b1_0.9_b2_0.95_sched_cosine_warmup10000_gpus64,25,25,1.0,0.90625,ViT-M-32,datacomp_s640M_bs_16384_mammut_ViT-M-32_ep25_lr0.001_b1_0.9_b2_0.95_wd0.2_w10000_gc1_n16_bs256_sigFalse,/p/data1/mmlaion/experiments/autoexp/jjitsev/logs/datacomp_s640M_bs_16384_mammut_ViT-M-32_ep25_lr0.001_b1_0.9_b2_0.95_wd0.2_w10000_gc1_n16_bs256_sigFalse/checkpoints/imagenet1k_epoch_25.pt_mammut_ViT-M-32_en_zeroshot_classification.json,/p/data1/mmlaion/experiments/autoexp/jjitsev/logs/datacomp_s640M_bs_16384_mammut_ViT-M-32_ep25_lr0.001_b1_0.9_b2_0.95_wd0.2_w10000_gc1_n16_bs256_sigFalse,mammut_ViT-M-32,datacomp_1b,imagenet1k,640000000,39062,25600000,14144000000.0,5.7492027158598695,25,30922.162004716985,483.1587813237029,16384,64,zeroshot_classification,256,10000,0.001,cosine,NVIDIA-A100,0.95,0.9,134.73,39.69,94.78,22.1,1.132,3.2598,mammut,similarity,367.94897381503165,,,,acc1,0.5419,0.5419,0.8102,0.5414800000000001,,,,,,,,,,,,,,datacomp_s640M_bs_16384_mammut_ViT-M-32_ep25_lr0.001_b1_0.9_b2_0.95_wd0.2_w10000_gc1_n16_bs256_sigFalse_25,/p/data1/mmlaion/experiments/autoexp/jjitsev/logs/datacomp_s640M_bs_16384_mammut_ViT-M-32_ep25_lr0.001_b1_0.9_b2_0.95_wd0.2_w10000_gc1_n16_bs256_sigFalse_epoch_25,ViT-M-32_mammut,640M,2
159,2984,35250,36583,mammut_ViT-M-32_s640M_datacomp_1b_globalbs16384_lr0.001_b1_0.9_b2_0.95_sched_cosine_warmup4000_gpus64,25,25,1.0,0.90625,ViT-M-32,datacomp_s640M_bs_16384_mammut_ViT-M-32_ep25_lr0.001_b1_0.9_b2_0.95_wd0.2_w4000_gc1_n16_bs256_sigFalse,/p/data1/mmlaion/experiments/autoexp/jjitsev/logs/datacomp_s640M_bs_16384_mammut_ViT-M-32_ep25_lr0.001_b1_0.9_b2_0.95_wd0.2_w4000_gc1_n16_bs256_sigFalse/checkpoints/imagenet1k_epoch_25.pt_mammut_ViT-M-32_en_zeroshot_classification.json,/p/data1/mmlaion/experiments/autoexp/jjitsev/logs/datacomp_s640M_bs_16384_mammut_ViT-M-32_ep25_lr0.001_b1_0.9_b2_0.95_wd0.2_w4000_gc1_n16_bs256_sigFalse,mammut_ViT-M-32,datacomp_1b,imagenet1k,640000000,39062,25600000,14144000000.0,5.75489488817628,25,30891.576863207545,482.6808884876179,16384,64,zeroshot_classification,256,4000,0.001,cosine,NVIDIA-A100,0.95,0.9,134.73,39.69,94.78,22.1,1.0945,3.2152,mammut,similarity,368.31327284328194,,,,acc1,0.54394,0.54394,0.81136,0.5438999999999999,,,,,,,,,,,,,,datacomp_s640M_bs_16384_mammut_ViT-M-32_ep25_lr0.001_b1_0.9_b2_0.95_wd0.2_w4000_gc1_n16_bs256_sigFalse_25,/p/data1/mmlaion/experiments/autoexp/jjitsev/logs/datacomp_s640M_bs_16384_mammut_ViT-M-32_ep25_lr0.001_b1_0.9_b2_0.95_wd0.2_w4000_gc1_n16_bs256_sigFalse_epoch_25,ViT-M-32_mammut,640M,2
160,2985,35275,36608,mammut_ViT-M-32_s640M_datacomp_1b_globalbs16384_lr0.002_b1_0.9_b2_0.95_sched_cosine_warmup10000_gpus64,25,25,1.0,0.90625,ViT-M-32,datacomp_s640M_bs_16384_mammut_ViT-M-32_ep25_lr0.002_b1_0.9_b2_0.95_wd0.2_w10000_gc1_n16_bs256_sigFalse,/p/data1/mmlaion/experiments/autoexp/jjitsev/logs/datacomp_s640M_bs_16384_mammut_ViT-M-32_ep25_lr0.002_b1_0.9_b2_0.95_wd0.2_w10000_gc1_n16_bs256_sigFalse/checkpoints/imagenet1k_epoch_25.pt_mammut_ViT-M-32_en_zeroshot_classification.json,/p/data1/mmlaion/experiments/autoexp/jjitsev/logs/datacomp_s640M_bs_16384_mammut_ViT-M-32_ep25_lr0.002_b1_0.9_b2_0.95_wd0.2_w10000_gc1_n16_bs256_sigFalse,mammut_ViT-M-32,datacomp_1b,imagenet1k,640000000,39062,25600000,14144000000.0,5.751263863017686,25,30911.080070754717,482.98562610554245,16384,64,zeroshot_classification,256,10000,0.002,cosine,NVIDIA-A100,0.95,0.9,134.73,39.69,94.78,22.1,1.117,3.2219,mammut,similarity,368.08088723313193,,,,acc1,0.5439,0.5439,0.81274,0.5440400000000001,,,,,,,,,,,,,,datacomp_s640M_bs_16384_mammut_ViT-M-32_ep25_lr0.002_b1_0.9_b2_0.95_wd0.2_w10000_gc1_n16_bs256_sigFalse_25,/p/data1/mmlaion/experiments/autoexp/jjitsev/logs/datacomp_s640M_bs_16384_mammut_ViT-M-32_ep25_lr0.002_b1_0.9_b2_0.95_wd0.2_w10000_gc1_n16_bs256_sigFalse_epoch_25,ViT-M-32_mammut,640M,2
161,2986,35300,36633,mammut_ViT-M-32_s640M_datacomp_1b_globalbs16384_lr0.002_b1_0.9_b2_0.95_sched_cosine_warmup4000_gpus64,25,25,1.0,0.90625,ViT-M-32,datacomp_s640M_bs_16384_mammut_ViT-M-32_ep25_lr0.002_b1_0.9_b2_0.95_wd0.2_w4000_gc1_n16_bs256_sigFalse,/p/data1/mmlaion/experiments/autoexp/jjitsev/logs/datacomp_s640M_bs_16384_mammut_ViT-M-32_ep25_lr0.002_b1_0.9_b2_0.95_wd0.2_w4000_gc1_n16_bs256_sigFalse/checkpoints/imagenet1k_epoch_25.pt_mammut_ViT-M-32_en_zeroshot_classification.json,/p/data1/mmlaion/experiments/autoexp/jjitsev/logs/datacomp_s640M_bs_16384_mammut_ViT-M-32_ep25_lr0.002_b1_0.9_b2_0.95_wd0.2_w4000_gc1_n16_bs256_sigFalse,mammut_ViT-M-32,datacomp_1b,imagenet1k,640000000,39062,25600000,14144000000.0,5.740326914278086,25,30969.974433962263,483.90585053066036,16384,64,zeroshot_classification,256,4000,0.002,cosine,NVIDIA-A100,0.95,0.9,134.73,39.69,94.78,22.1,1.0486,3.2299,mammut,similarity,367.3809225137975,,,,acc1,0.54804,0.54804,0.81374,0.5478,,,,,,,,,,,,,,datacomp_s640M_bs_16384_mammut_ViT-M-32_ep25_lr0.002_b1_0.9_b2_0.95_wd0.2_w4000_gc1_n16_bs256_sigFalse_25,/p/data1/mmlaion/experiments/autoexp/jjitsev/logs/datacomp_s640M_bs_16384_mammut_ViT-M-32_ep25_lr0.002_b1_0.9_b2_0.95_wd0.2_w4000_gc1_n16_bs256_sigFalse_epoch_25,ViT-M-32_mammut,640M,2
162,2987,35325,36658,mammut_ViT-M-32_s640M_datacomp_1b_globalbs32800_lr0.0015_b1_0.9_b2_0.95_sched_cosine_warmup10000_gpus80,25,25,1.0,0.90625,ViT-M-32,datacomp_s640M_bs_32800_mammut_ViT-M-32_ep25_lr0.0015_b1_0.9_b2_0.95_wd0.2_w10000_gc1_n20_bs410_sigFalse,/p/data1/mmlaion/experiments/autoexp/jjitsev/logs/datacomp_s640M_bs_32800_mammut_ViT-M-32_ep25_lr0.0015_b1_0.9_b2_0.95_wd0.2_w10000_gc1_n20_bs410_sigFalse/checkpoints/imagenet1k_epoch_25.pt_mammut_ViT-M-32_en_zeroshot_classification.json,/p/data1/mmlaion/experiments/autoexp/jjitsev/logs/datacomp_s640M_bs_32800_mammut_ViT-M-32_ep25_lr0.0015_b1_0.9_b2_0.95_wd0.2_w10000_gc1_n20_bs410_sigFalse,mammut_ViT-M-32,datacomp_1b,imagenet1k,640000000,19512,25600000,14144000000.0,4.283264102430115,25,41505.21040178572,518.8151300223215,32800,80,zeroshot_classification,410,10000,0.0015,cosine,NVIDIA-A100,0.95,0.9,134.73,39.69,94.78,22.1,1.5575,3.2986,mammut,similarity,342.66112819440923,,,,acc1,0.53492,0.53492,0.80572,0.53488,,,,,,,,,,,,,,datacomp_s640M_bs_32800_mammut_ViT-M-32_ep25_lr0.0015_b1_0.9_b2_0.95_wd0.2_w10000_gc1_n20_bs410_sigFalse_25,/p/data1/mmlaion/experiments/autoexp/jjitsev/logs/datacomp_s640M_bs_32800_mammut_ViT-M-32_ep25_lr0.0015_b1_0.9_b2_0.95_wd0.2_w10000_gc1_n20_bs410_sigFalse_epoch_25,ViT-M-32_mammut,640M,2
163,2988,35350,36683,mammut_ViT-M-32_s640M_datacomp_1b_globalbs32800_lr0.0015_b1_0.9_b2_0.95_sched_cosine_warmup4000_gpus80,25,25,1.0,0.90625,ViT-M-32,datacomp_s640M_bs_32800_mammut_ViT-M-32_ep25_lr0.0015_b1_0.9_b2_0.95_wd0.2_w4000_gc1_n20_bs410_sigFalse,/p/data1/mmlaion/experiments/autoexp/jjitsev/logs/datacomp_s640M_bs_32800_mammut_ViT-M-32_ep25_lr0.0015_b1_0.9_b2_0.95_wd0.2_w4000_gc1_n20_bs410_sigFalse/checkpoints/imagenet1k_epoch_25.pt_mammut_ViT-M-32_en_zeroshot_classification.json,/p/data1/mmlaion/experiments/autoexp/jjitsev/logs/datacomp_s640M_bs_32800_mammut_ViT-M-32_ep25_lr0.0015_b1_0.9_b2_0.95_wd0.2_w4000_gc1_n20_bs410_sigFalse,mammut_ViT-M-32,datacomp_1b,imagenet1k,640000000,19512,25600000,14144000000.0,4.277332078104407,25,41562.77196428571,519.5346495535714,32800,80,zeroshot_classification,410,4000,0.0015,cosine,NVIDIA-A100,0.95,0.9,134.73,39.69,94.78,22.1,1.5107,3.3104,mammut,similarity,342.18656624835256,,,,acc1,0.54174,0.54174,0.8087,0.5415,,,,,,,,,,,,,,datacomp_s640M_bs_32800_mammut_ViT-M-32_ep25_lr0.0015_b1_0.9_b2_0.95_wd0.2_w4000_gc1_n20_bs410_sigFalse_25,/p/data1/mmlaion/experiments/autoexp/jjitsev/logs/datacomp_s640M_bs_32800_mammut_ViT-M-32_ep25_lr0.0015_b1_0.9_b2_0.95_wd0.2_w4000_gc1_n20_bs410_sigFalse_epoch_25,ViT-M-32_mammut,640M,2
164,2989,35375,36708,mammut_ViT-M-32_s640M_datacomp_1b_globalbs32800_lr0.001_b1_0.9_b2_0.95_sched_cosine_warmup10000_gpus80,25,25,1.0,0.90625,ViT-M-32,datacomp_s640M_bs_32800_mammut_ViT-M-32_ep25_lr0.001_b1_0.9_b2_0.95_wd0.2_w10000_gc1_n20_bs410_sigFalse,/p/data1/mmlaion/experiments/autoexp/jjitsev/logs/datacomp_s640M_bs_32800_mammut_ViT-M-32_ep25_lr0.001_b1_0.9_b2_0.95_wd0.2_w10000_gc1_n20_bs410_sigFalse/checkpoints/imagenet1k_epoch_25.pt_mammut_ViT-M-32_en_zeroshot_classification.json,/p/data1/mmlaion/experiments/autoexp/jjitsev/logs/datacomp_s640M_bs_32800_mammut_ViT-M-32_ep25_lr0.001_b1_0.9_b2_0.95_wd0.2_w10000_gc1_n20_bs410_sigFalse,mammut_ViT-M-32,datacomp_1b,imagenet1k,640000000,19512,25600000,14144000000.0,4.2793792857444,25,41542.88879464286,519.2861099330357,32800,80,zeroshot_classification,410,10000,0.001,cosine,NVIDIA-A100,0.95,0.9,134.73,39.69,94.78,22.1,1.6009,3.3151,mammut,similarity,342.35034285955203,,,,acc1,0.52632,0.52632,0.79818,0.52622,,,,,,,,,,,,,,datacomp_s640M_bs_32800_mammut_ViT-M-32_ep25_lr0.001_b1_0.9_b2_0.95_wd0.2_w10000_gc1_n20_bs410_sigFalse_25,/p/data1/mmlaion/experiments/autoexp/jjitsev/logs/datacomp_s640M_bs_32800_mammut_ViT-M-32_ep25_lr0.001_b1_0.9_b2_0.95_wd0.2_w10000_gc1_n20_bs410_sigFalse_epoch_25,ViT-M-32_mammut,640M,2
165,2990,35400,36733,mammut_ViT-M-32_s640M_datacomp_1b_globalbs32800_lr0.001_b1_0.9_b2_0.95_sched_cosine_warmup4000_gpus80,25,25,1.0,0.90625,ViT-M-32,datacomp_s640M_bs_32800_mammut_ViT-M-32_ep25_lr0.001_b1_0.9_b2_0.95_wd0.2_w4000_gc1_n20_bs410_sigFalse,/p/data1/mmlaion/experiments/autoexp/jjitsev/logs/datacomp_s640M_bs_32800_mammut_ViT-M-32_ep25_lr0.001_b1_0.9_b2_0.95_wd0.2_w4000_gc1_n20_bs410_sigFalse/checkpoints/imagenet1k_epoch_25.pt_mammut_ViT-M-32_en_zeroshot_classification.json,/p/data1/mmlaion/experiments/autoexp/jjitsev/logs/datacomp_s640M_bs_32800_mammut_ViT-M-32_ep25_lr0.001_b1_0.9_b2_0.95_wd0.2_w4000_gc1_n20_bs410_sigFalse,mammut_ViT-M-32,datacomp_1b,imagenet1k,640000000,19512,25600000,14144000000.0,4.278500294055511,25,41551.42352678572,519.3927940848215,32800,80,zeroshot_classification,410,4000,0.001,cosine,NVIDIA-A100,0.95,0.9,134.73,39.69,94.78,22.1,1.6156,3.3566,mammut,similarity,342.2800235244409,,,,acc1,0.5339,0.5339,0.80164,0.5336600000000001,,,,,,,,,,,,,,datacomp_s640M_bs_32800_mammut_ViT-M-32_ep25_lr0.001_b1_0.9_b2_0.95_wd0.2_w4000_gc1_n20_bs410_sigFalse_25,/p/data1/mmlaion/experiments/autoexp/jjitsev/logs/datacomp_s640M_bs_32800_mammut_ViT-M-32_ep25_lr0.001_b1_0.9_b2_0.95_wd0.2_w4000_gc1_n20_bs410_sigFalse_epoch_25,ViT-M-32_mammut,640M,2
166,2991,35425,36758,mammut_ViT-M-32_s640M_datacomp_1b_globalbs32800_lr0.002_b1_0.9_b2_0.95_sched_cosine_warmup10000_gpus80,25,25,1.0,0.90625,ViT-M-32,datacomp_s640M_bs_32800_mammut_ViT-M-32_ep25_lr0.002_b1_0.9_b2_0.95_wd0.2_w10000_gc1_n20_bs410_sigFalse,/p/data1/mmlaion/experiments/autoexp/jjitsev/logs/datacomp_s640M_bs_32800_mammut_ViT-M-32_ep25_lr0.002_b1_0.9_b2_0.95_wd0.2_w10000_gc1_n20_bs410_sigFalse/checkpoints/imagenet1k_epoch_25.pt_mammut_ViT-M-32_en_zeroshot_classification.json,/p/data1/mmlaion/experiments/autoexp/jjitsev/logs/datacomp_s640M_bs_32800_mammut_ViT-M-32_ep25_lr0.002_b1_0.9_b2_0.95_wd0.2_w10000_gc1_n20_bs410_sigFalse,mammut_ViT-M-32,datacomp_1b,imagenet1k,640000000,19512,25600000,14144000000.0,4.276905267802153,25,41566.9196875,519.5864960937499,32800,80,zeroshot_classification,410,10000,0.002,cosine,NVIDIA-A100,0.95,0.9,134.73,39.69,94.78,22.1,1.544,3.2753,mammut,similarity,342.15242142417225,,,,acc1,0.5407,0.5407,0.80708,0.5405,,,,,,,,,,,,,,datacomp_s640M_bs_32800_mammut_ViT-M-32_ep25_lr0.002_b1_0.9_b2_0.95_wd0.2_w10000_gc1_n20_bs410_sigFalse_25,/p/data1/mmlaion/experiments/autoexp/jjitsev/logs/datacomp_s640M_bs_32800_mammut_ViT-M-32_ep25_lr0.002_b1_0.9_b2_0.95_wd0.2_w10000_gc1_n20_bs410_sigFalse_epoch_25,ViT-M-32_mammut,640M,2
167,2992,35450,36783,mammut_ViT-M-32_s640M_datacomp_1b_globalbs32800_lr0.002_b1_0.9_b2_0.95_sched_cosine_warmup4000_gpus80,25,25,1.0,0.90625,ViT-M-32,datacomp_s640M_bs_32800_mammut_ViT-M-32_ep25_lr0.002_b1_0.9_b2_0.95_wd0.2_w4000_gc1_n20_bs410_sigFalse,/p/data1/mmlaion/experiments/autoexp/jjitsev/logs/datacomp_s640M_bs_32800_mammut_ViT-M-32_ep25_lr0.002_b1_0.9_b2_0.95_wd0.2_w4000_gc1_n20_bs410_sigFalse/checkpoints/imagenet1k_epoch_25.pt_mammut_ViT-M-32_en_zeroshot_classification.json,/p/data1/mmlaion/experiments/autoexp/jjitsev/logs/datacomp_s640M_bs_32800_mammut_ViT-M-32_ep25_lr0.002_b1_0.9_b2_0.95_wd0.2_w4000_gc1_n20_bs410_sigFalse,mammut_ViT-M-32,datacomp_1b,imagenet1k,640000000,19512,25600000,14144000000.0,4.270826628737302,25,41626.08160714286,520.3260200892857,32800,80,zeroshot_classification,410,4000,0.002,cosine,NVIDIA-A100,0.95,0.9,134.73,39.69,94.78,22.1,1.4929,3.2305,mammut,similarity,341.66613029898417,,,,acc1,0.54756,0.54756,0.81202,0.5474600000000001,,,,,,,,,,,,,,datacomp_s640M_bs_32800_mammut_ViT-M-32_ep25_lr0.002_b1_0.9_b2_0.95_wd0.2_w4000_gc1_n20_bs410_sigFalse_25,/p/data1/mmlaion/experiments/autoexp/jjitsev/logs/datacomp_s640M_bs_32800_mammut_ViT-M-32_ep25_lr0.002_b1_0.9_b2_0.95_wd0.2_w4000_gc1_n20_bs410_sigFalse_epoch_25,ViT-M-32_mammut,640M,2
168,2993,35475,36808,mammut_ViT-M-32_s640M_datacomp_1b_globalbs8192_lr0.0015_b1_0.9_b2_0.95_sched_cosine_warmup10000_gpus32,25,25,1.0,0.90625,ViT-M-32,datacomp_s640M_bs_8192_mammut_ViT-M-32_ep25_lr0.0015_b1_0.9_b2_0.95_wd0.2_w10000_gc1_n8_bs256_sigFalse,/p/data1/mmlaion/experiments/autoexp/jjitsev/logs/datacomp_s640M_bs_8192_mammut_ViT-M-32_ep25_lr0.0015_b1_0.9_b2_0.95_wd0.2_w10000_gc1_n8_bs256_sigFalse/checkpoints/imagenet1k_epoch_25.pt_mammut_ViT-M-32_en_zeroshot_classification.json,/p/data1/mmlaion/experiments/autoexp/jjitsev/logs/datacomp_s640M_bs_8192_mammut_ViT-M-32_ep25_lr0.0015_b1_0.9_b2_0.95_wd0.2_w10000_gc1_n8_bs256_sigFalse,mammut_ViT-M-32,datacomp_1b,imagenet1k,640000000,78125,25600000,14144000000.0,11.215378032296567,25,15851.251492890993,495.35160915284354,8192,32,zeroshot_classification,256,10000,0.0015,cosine,NVIDIA-A100,0.95,0.9,134.73,39.69,94.78,22.1,0.82749,3.1812,mammut,similarity,358.89209703349013,,,,acc1,0.53152,0.53152,0.80658,0.53126,,,,,,,,,,,,,,datacomp_s640M_bs_8192_mammut_ViT-M-32_ep25_lr0.0015_b1_0.9_b2_0.95_wd0.2_w10000_gc1_n8_bs256_sigFalse_25,/p/data1/mmlaion/experiments/autoexp/jjitsev/logs/datacomp_s640M_bs_8192_mammut_ViT-M-32_ep25_lr0.0015_b1_0.9_b2_0.95_wd0.2_w10000_gc1_n8_bs256_sigFalse_epoch_25,ViT-M-32_mammut,640M,2
169,2994,35500,36833,mammut_ViT-M-32_s640M_datacomp_1b_globalbs8192_lr0.0015_b1_0.9_b2_0.95_sched_cosine_warmup4000_gpus32,25,25,1.0,0.90625,ViT-M-32,datacomp_s640M_bs_8192_mammut_ViT-M-32_ep25_lr0.0015_b1_0.9_b2_0.95_wd0.2_w4000_gc1_n8_bs256_sigFalse,/p/data1/mmlaion/experiments/autoexp/jjitsev/logs/datacomp_s640M_bs_8192_mammut_ViT-M-32_ep25_lr0.0015_b1_0.9_b2_0.95_wd0.2_w4000_gc1_n8_bs256_sigFalse/checkpoints/imagenet1k_epoch_25.pt_mammut_ViT-M-32_en_zeroshot_classification.json,/p/data1/mmlaion/experiments/autoexp/jjitsev/logs/datacomp_s640M_bs_8192_mammut_ViT-M-32_ep25_lr0.0015_b1_0.9_b2_0.95_wd0.2_w4000_gc1_n8_bs256_sigFalse,mammut_ViT-M-32,datacomp_1b,imagenet1k,640000000,78125,25600000,14144000000.0,11.09711198806088,25,16020.18416765053,500.63075523907906,8192,32,zeroshot_classification,256,4000,0.0015,cosine,NVIDIA-A100,0.95,0.9,134.73,39.69,94.78,22.1,0.8481,3.191,mammut,similarity,355.10758361794814,,,,acc1,0.53606,0.53606,0.80512,0.5361800000000001,,,,,,,,,,,,,,datacomp_s640M_bs_8192_mammut_ViT-M-32_ep25_lr0.0015_b1_0.9_b2_0.95_wd0.2_w4000_gc1_n8_bs256_sigFalse_25,/p/data1/mmlaion/experiments/autoexp/jjitsev/logs/datacomp_s640M_bs_8192_mammut_ViT-M-32_ep25_lr0.0015_b1_0.9_b2_0.95_wd0.2_w4000_gc1_n8_bs256_sigFalse_epoch_25,ViT-M-32_mammut,640M,2
170,2995,35525,36858,mammut_ViT-M-32_s640M_datacomp_1b_globalbs8192_lr0.001_b1_0.9_b2_0.95_sched_cosine_warmup10000_gpus32,25,25,1.0,0.90625,ViT-M-32,datacomp_s640M_bs_8192_mammut_ViT-M-32_ep25_lr0.001_b1_0.9_b2_0.95_wd0.2_w10000_gc1_n8_bs256_sigFalse,/p/data1/mmlaion/experiments/autoexp/jjitsev/logs/datacomp_s640M_bs_8192_mammut_ViT-M-32_ep25_lr0.001_b1_0.9_b2_0.95_wd0.2_w10000_gc1_n8_bs256_sigFalse/checkpoints/imagenet1k_epoch_25.pt_mammut_ViT-M-32_en_zeroshot_classification.json,/p/data1/mmlaion/experiments/autoexp/jjitsev/logs/datacomp_s640M_bs_8192_mammut_ViT-M-32_ep25_lr0.001_b1_0.9_b2_0.95_wd0.2_w10000_gc1_n8_bs256_sigFalse,mammut_ViT-M-32,datacomp_1b,imagenet1k,640000000,78125,25600000,14144000000.0,11.124618492857131,25,15980.572987012987,499.39290584415585,8192,32,zeroshot_classification,256,10000,0.001,cosine,NVIDIA-A100,0.95,0.9,134.73,39.69,94.78,22.1,0.84348,3.2154,mammut,similarity,355.9877917714282,,,,acc1,0.53598,0.53598,0.81004,0.5364800000000001,,,,,,,,,,,,,,datacomp_s640M_bs_8192_mammut_ViT-M-32_ep25_lr0.001_b1_0.9_b2_0.95_wd0.2_w10000_gc1_n8_bs256_sigFalse_25,/p/data1/mmlaion/experiments/autoexp/jjitsev/logs/datacomp_s640M_bs_8192_mammut_ViT-M-32_ep25_lr0.001_b1_0.9_b2_0.95_wd0.2_w10000_gc1_n8_bs256_sigFalse_epoch_25,ViT-M-32_mammut,640M,2
171,2996,35550,36883,mammut_ViT-M-32_s640M_datacomp_1b_globalbs8192_lr0.001_b1_0.9_b2_0.95_sched_cosine_warmup4000_gpus32,25,25,1.0,0.90625,ViT-M-32,datacomp_s640M_bs_8192_mammut_ViT-M-32_ep25_lr0.001_b1_0.9_b2_0.95_wd0.2_w4000_gc1_n8_bs256_sigFalse,/p/data1/mmlaion/experiments/autoexp/jjitsev/logs/datacomp_s640M_bs_8192_mammut_ViT-M-32_ep25_lr0.001_b1_0.9_b2_0.95_wd0.2_w4000_gc1_n8_bs256_sigFalse/checkpoints/imagenet1k_epoch_25.pt_mammut_ViT-M-32_en_zeroshot_classification.json,/p/data1/mmlaion/experiments/autoexp/jjitsev/logs/datacomp_s640M_bs_8192_mammut_ViT-M-32_ep25_lr0.001_b1_0.9_b2_0.95_wd0.2_w4000_gc1_n8_bs256_sigFalse,mammut_ViT-M-32,datacomp_1b,imagenet1k,640000000,78125,25600000,14144000000.0,11.201578798105945,25,15870.778662721892,495.9618332100591,8192,32,zeroshot_classification,256,4000,0.001,cosine,NVIDIA-A100,0.95,0.9,134.73,39.69,94.78,22.1,0.83044,3.2296,mammut,similarity,358.45052153939025,,,,acc1,0.53516,0.53516,0.81006,0.5354800000000001,,,,,,,,,,,,,,datacomp_s640M_bs_8192_mammut_ViT-M-32_ep25_lr0.001_b1_0.9_b2_0.95_wd0.2_w4000_gc1_n8_bs256_sigFalse_25,/p/data1/mmlaion/experiments/autoexp/jjitsev/logs/datacomp_s640M_bs_8192_mammut_ViT-M-32_ep25_lr0.001_b1_0.9_b2_0.95_wd0.2_w4000_gc1_n8_bs256_sigFalse_epoch_25,ViT-M-32_mammut,640M,2
172,2997,35575,36908,mammut_ViT-M-32_s640M_datacomp_1b_globalbs8192_lr0.002_b1_0.9_b2_0.95_sched_cosine_warmup10000_gpus32,25,25,1.0,0.90625,ViT-M-32,datacomp_s640M_bs_8192_mammut_ViT-M-32_ep25_lr0.002_b1_0.9_b2_0.95_wd0.2_w10000_gc1_n8_bs256_sigFalse,/p/data1/mmlaion/experiments/autoexp/jjitsev/logs/datacomp_s640M_bs_8192_mammut_ViT-M-32_ep25_lr0.002_b1_0.9_b2_0.95_wd0.2_w10000_gc1_n8_bs256_sigFalse/checkpoints/imagenet1k_epoch_25.pt_mammut_ViT-M-32_en_zeroshot_classification.json,/p/data1/mmlaion/experiments/autoexp/jjitsev/logs/datacomp_s640M_bs_8192_mammut_ViT-M-32_ep25_lr0.002_b1_0.9_b2_0.95_wd0.2_w10000_gc1_n8_bs256_sigFalse,mammut_ViT-M-32,datacomp_1b,imagenet1k,640000000,78125,25600000,14144000000.0,11.111110389610438,25,16000.001038961038,500.00003246753244,8192,32,zeroshot_classification,256,10000,0.002,cosine,NVIDIA-A100,0.95,0.9,134.73,39.69,94.78,22.1,0.84189,3.2242,mammut,similarity,355.555532467534,,,,acc1,0.52586,0.52586,0.8056,0.5258399999999999,,,,,,,,,,,,,,datacomp_s640M_bs_8192_mammut_ViT-M-32_ep25_lr0.002_b1_0.9_b2_0.95_wd0.2_w10000_gc1_n8_bs256_sigFalse_25,/p/data1/mmlaion/experiments/autoexp/jjitsev/logs/datacomp_s640M_bs_8192_mammut_ViT-M-32_ep25_lr0.002_b1_0.9_b2_0.95_wd0.2_w10000_gc1_n8_bs256_sigFalse_epoch_25,ViT-M-32_mammut,640M,2
173,2998,35600,36933,mammut_ViT-M-32_s640M_datacomp_1b_globalbs8192_lr0.002_b1_0.9_b2_0.95_sched_cosine_warmup4000_gpus32,25,25,1.0,0.90625,ViT-M-32,datacomp_s640M_bs_8192_mammut_ViT-M-32_ep25_lr0.002_b1_0.9_b2_0.95_wd0.2_w4000_gc1_n8_bs256_sigFalse,/p/data1/mmlaion/experiments/autoexp/jjitsev/logs/datacomp_s640M_bs_8192_mammut_ViT-M-32_ep25_lr0.002_b1_0.9_b2_0.95_wd0.2_w4000_gc1_n8_bs256_sigFalse/checkpoints/imagenet1k_epoch_25.pt_mammut_ViT-M-32_en_zeroshot_classification.json,/p/data1/mmlaion/experiments/autoexp/jjitsev/logs/datacomp_s640M_bs_8192_mammut_ViT-M-32_ep25_lr0.002_b1_0.9_b2_0.95_wd0.2_w4000_gc1_n8_bs256_sigFalse,mammut_ViT-M-32,datacomp_1b,imagenet1k,640000000,78125,25600000,14144000000.0,11.159864764461979,25,15930.101442080379,497.81567006501183,8192,32,zeroshot_classification,256,4000,0.002,cosine,NVIDIA-A100,0.95,0.9,134.73,39.69,94.78,22.1,0.86653,3.2141,mammut,similarity,357.1156724627833,,,,acc1,0.53002,0.53002,0.80654,0.5299200000000001,,,,,,,,,,,,,,datacomp_s640M_bs_8192_mammut_ViT-M-32_ep25_lr0.002_b1_0.9_b2_0.95_wd0.2_w4000_gc1_n8_bs256_sigFalse_25,/p/data1/mmlaion/experiments/autoexp/jjitsev/logs/datacomp_s640M_bs_8192_mammut_ViT-M-32_ep25_lr0.002_b1_0.9_b2_0.95_wd0.2_w4000_gc1_n8_bs256_sigFalse_epoch_25,ViT-M-32_mammut,640M,2
174,2999,35625,36958,mammut_ViT-M-32_s640M_dfn_2b_globalbs16384_lr0.001_b1_0.9_b2_0.95_sched_cosine_warmup6000_gpus64,25,25,1.0,0.90625,ViT-M-32,dfn_s640M_bs_16384_mammut_ViT-M-32_ep25_lr0.001_b1_0.9_b2_0.95_wd0.2_w6000_gc1_n16_bs256_sigFalse,/p/data1/mmlaion/experiments/autoexp/jjitsev/logs/dfn_s640M_bs_16384_mammut_ViT-M-32_ep25_lr0.001_b1_0.9_b2_0.95_wd0.2_w6000_gc1_n16_bs256_sigFalse/checkpoints/imagenet1k_epoch_25.pt_mammut_ViT-M-32_en_zeroshot_classification.json,/p/data1/mmlaion/experiments/autoexp/jjitsev/logs/dfn_s640M_bs_16384_mammut_ViT-M-32_ep25_lr0.001_b1_0.9_b2_0.95_wd0.2_w6000_gc1_n16_bs256_sigFalse,mammut_ViT-M-32,dfn_2b,imagenet1k,640000000,39062,25600000,14144000000.0,5.711483191811025,25,31126.376775943394,486.34963712411553,16384,64,zeroshot_classification,256,6000,0.001,cosine,NVIDIA-A100,0.95,0.9,134.73,39.69,94.78,22.1,1.0547,3.0961,mammut,similarity,365.5349242759056,,,,acc1,0.5846,0.5846,0.84362,0.5845199999999999,,,,,,,,,,,,,,dfn_s640M_bs_16384_mammut_ViT-M-32_ep25_lr0.001_b1_0.9_b2_0.95_wd0.2_w6000_gc1_n16_bs256_sigFalse_25,/p/data1/mmlaion/experiments/autoexp/jjitsev/logs/dfn_s640M_bs_16384_mammut_ViT-M-32_ep25_lr0.001_b1_0.9_b2_0.95_wd0.2_w6000_gc1_n16_bs256_sigFalse_epoch_25,ViT-M-32_mammut,640M,2
175,3000,35650,36983,mammut_ViT-M-32_s640M_dfn_2b_globalbs16384_lr0.002_b1_0.9_b2_0.95_sched_cosine_warmup6000_gpus64,25,25,1.0,0.90625,ViT-M-32,dfn_s640M_bs_16384_mammut_ViT-M-32_ep25_lr0.002_b1_0.9_b2_0.95_wd0.2_w6000_gc1_n16_bs256_sigFalse,/p/data1/mmlaion/experiments/autoexp/jjitsev/logs/dfn_s640M_bs_16384_mammut_ViT-M-32_ep25_lr0.002_b1_0.9_b2_0.95_wd0.2_w6000_gc1_n16_bs256_sigFalse/checkpoints/imagenet1k_epoch_25.pt_mammut_ViT-M-32_en_zeroshot_classification.json,/p/data1/mmlaion/experiments/autoexp/jjitsev/logs/dfn_s640M_bs_16384_mammut_ViT-M-32_ep25_lr0.002_b1_0.9_b2_0.95_wd0.2_w6000_gc1_n16_bs256_sigFalse,mammut_ViT-M-32,dfn_2b,imagenet1k,640000000,39062,25600000,14144000000.0,5.708754862055401,25,31141.252702830192,486.58207348172175,16384,64,zeroshot_classification,256,6000,0.002,cosine,NVIDIA-A100,0.95,0.9,134.73,39.69,94.78,22.1,1.0316,3.0795,mammut,similarity,365.3603111715457,,,,acc1,0.59082,0.59082,0.8487,0.5908399999999999,,,,,,,,,,,,,,dfn_s640M_bs_16384_mammut_ViT-M-32_ep25_lr0.002_b1_0.9_b2_0.95_wd0.2_w6000_gc1_n16_bs256_sigFalse_25,/p/data1/mmlaion/experiments/autoexp/jjitsev/logs/dfn_s640M_bs_16384_mammut_ViT-M-32_ep25_lr0.002_b1_0.9_b2_0.95_wd0.2_w6000_gc1_n16_bs256_sigFalse_epoch_25,ViT-M-32_mammut,640M,2
176,3001,35675,37008,mammut_ViT-M-32_s640M_dfn_2b_globalbs32800_lr0.001_b1_0.9_b2_0.95_sched_cosine_warmup6000_gpus80,25,25,1.0,0.90625,ViT-M-32,dfn_s640M_bs_32800_mammut_ViT-M-32_ep25_lr0.001_b1_0.9_b2_0.95_wd0.2_w6000_gc1_n20_bs410_sigFalse,/p/data1/mmlaion/experiments/autoexp/jjitsev/logs/dfn_s640M_bs_32800_mammut_ViT-M-32_ep25_lr0.001_b1_0.9_b2_0.95_wd0.2_w6000_gc1_n20_bs410_sigFalse/checkpoints/imagenet1k_epoch_25.pt_mammut_ViT-M-32_en_zeroshot_classification.json,/p/data1/mmlaion/experiments/autoexp/jjitsev/logs/dfn_s640M_bs_32800_mammut_ViT-M-32_ep25_lr0.001_b1_0.9_b2_0.95_wd0.2_w6000_gc1_n20_bs410_sigFalse,mammut_ViT-M-32,dfn_2b,imagenet1k,640000000,19512,25600000,14144000000.0,4.267426250250241,25,41659.250178571434,520.740627232143,32800,80,zeroshot_classification,410,6000,0.001,cosine,NVIDIA-A100,0.95,0.9,134.73,39.69,94.78,22.1,1.5212,3.2022,mammut,similarity,341.3941000200193,,,,acc1,0.57398,0.57398,0.8364,0.5737599999999999,,,,,,,,,,,,,,dfn_s640M_bs_32800_mammut_ViT-M-32_ep25_lr0.001_b1_0.9_b2_0.95_wd0.2_w6000_gc1_n20_bs410_sigFalse_25,/p/data1/mmlaion/experiments/autoexp/jjitsev/logs/dfn_s640M_bs_32800_mammut_ViT-M-32_ep25_lr0.001_b1_0.9_b2_0.95_wd0.2_w6000_gc1_n20_bs410_sigFalse_epoch_25,ViT-M-32_mammut,640M,2
177,3002,35700,37033,mammut_ViT-M-32_s640M_dfn_2b_globalbs32800_lr0.002_b1_0.9_b2_0.95_sched_cosine_warmup6000_gpus80,25,25,1.0,0.90625,ViT-M-32,dfn_s640M_bs_32800_mammut_ViT-M-32_ep25_lr0.002_b1_0.9_b2_0.95_wd0.2_w6000_gc1_n20_bs410_sigFalse,/p/data1/mmlaion/experiments/autoexp/jjitsev/logs/dfn_s640M_bs_32800_mammut_ViT-M-32_ep25_lr0.002_b1_0.9_b2_0.95_wd0.2_w6000_gc1_n20_bs410_sigFalse/checkpoints/imagenet1k_epoch_25.pt_mammut_ViT-M-32_en_zeroshot_classification.json,/p/data1/mmlaion/experiments/autoexp/jjitsev/logs/dfn_s640M_bs_32800_mammut_ViT-M-32_ep25_lr0.002_b1_0.9_b2_0.95_wd0.2_w6000_gc1_n20_bs410_sigFalse,mammut_ViT-M-32,dfn_2b,imagenet1k,640000000,19512,25600000,14144000000.0,4.280149943043994,25,41535.408839285716,519.1926104910715,32800,80,zeroshot_classification,410,6000,0.002,cosine,NVIDIA-A100,0.95,0.9,134.73,39.69,94.78,22.1,1.4844,3.1043,mammut,similarity,342.4119954435195,,,,acc1,0.58468,0.58468,0.84546,0.5843400000000001,,,,,,,,,,,,,,dfn_s640M_bs_32800_mammut_ViT-M-32_ep25_lr0.002_b1_0.9_b2_0.95_wd0.2_w6000_gc1_n20_bs410_sigFalse_25,/p/data1/mmlaion/experiments/autoexp/jjitsev/logs/dfn_s640M_bs_32800_mammut_ViT-M-32_ep25_lr0.002_b1_0.9_b2_0.95_wd0.2_w6000_gc1_n20_bs410_sigFalse_epoch_25,ViT-M-32_mammut,640M,2
178,3003,35725,37058,mammut_ViT-M-32_s640M_dfn_2b_globalbs45056_lr0.0015_b1_0.9_b2_0.95_sched_cosine_warmup4000_gpus128,25,25,1.0,0.90625,ViT-M-32,dfn_s640M_bs_45056_mammut_ViT-M-32_ep25_lr0.0015_b1_0.9_b2_0.95_wd0.2_w4000_gc1_n32_bs352_sigFalse,/p/data1/mmlaion/experiments/autoexp/jjitsev/logs/dfn_s640M_bs_45056_mammut_ViT-M-32_ep25_lr0.0015_b1_0.9_b2_0.95_wd0.2_w4000_gc1_n32_bs352_sigFalse/checkpoints/imagenet1k_epoch_25.pt_mammut_ViT-M-32_en_zeroshot_classification.json,/p/data1/mmlaion/experiments/autoexp/jjitsev/logs/dfn_s640M_bs_45056_mammut_ViT-M-32_ep25_lr0.0015_b1_0.9_b2_0.95_wd0.2_w4000_gc1_n32_bs352_sigFalse,mammut_ViT-M-32,dfn_2b,imagenet1k,640000000,14204,25600000,14144000000.0,2.90104591771102,25,61280.58045977011,478.754534841954,45056,128,zeroshot_classification,352,4000,0.0015,cosine,NVIDIA-A100,0.95,0.9,134.73,39.69,94.78,22.1,1.6737,3.1674,mammut,similarity,371.33387746701055,,,,acc1,0.57548,0.57548,0.83342,0.57528,,,,,,,,,,,,,,dfn_s640M_bs_45056_mammut_ViT-M-32_ep25_lr0.0015_b1_0.9_b2_0.95_wd0.2_w4000_gc1_n32_bs352_sigFalse_25,/p/data1/mmlaion/experiments/autoexp/jjitsev/logs/dfn_s640M_bs_45056_mammut_ViT-M-32_ep25_lr0.0015_b1_0.9_b2_0.95_wd0.2_w4000_gc1_n32_bs352_sigFalse_epoch_25,ViT-M-32_mammut,640M,2
179,3004,35750,37083,mammut_ViT-M-32_s640M_dfn_2b_globalbs45056_lr0.0015_b1_0.9_b2_0.95_sched_cosine_warmup6000_gpus128,25,25,1.0,0.90625,ViT-M-32,dfn_s640M_bs_45056_mammut_ViT-M-32_ep25_lr0.0015_b1_0.9_b2_0.95_wd0.2_w6000_gc1_n32_bs352_sigFalse,/p/data1/mmlaion/experiments/autoexp/jjitsev/logs/dfn_s640M_bs_45056_mammut_ViT-M-32_ep25_lr0.0015_b1_0.9_b2_0.95_wd0.2_w6000_gc1_n32_bs352_sigFalse/checkpoints/imagenet1k_epoch_25.pt_mammut_ViT-M-32_en_zeroshot_classification.json,/p/data1/mmlaion/experiments/autoexp/jjitsev/logs/dfn_s640M_bs_45056_mammut_ViT-M-32_ep25_lr0.0015_b1_0.9_b2_0.95_wd0.2_w6000_gc1_n32_bs352_sigFalse,mammut_ViT-M-32,dfn_2b,imagenet1k,640000000,14204,25600000,14144000000.0,2.8018758093577185,25,63449.5566091954,495.6996610093391,45056,128,zeroshot_classification,352,6000,0.0015,cosine,NVIDIA-A100,0.95,0.9,134.73,39.69,94.78,22.1,1.6792,3.1886,mammut,similarity,358.64010359778797,,,,acc1,0.57812,0.57812,0.83376,0.57818,,,,,,,,,,,,,,dfn_s640M_bs_45056_mammut_ViT-M-32_ep25_lr0.0015_b1_0.9_b2_0.95_wd0.2_w6000_gc1_n32_bs352_sigFalse_25,/p/data1/mmlaion/experiments/autoexp/jjitsev/logs/dfn_s640M_bs_45056_mammut_ViT-M-32_ep25_lr0.0015_b1_0.9_b2_0.95_wd0.2_w6000_gc1_n32_bs352_sigFalse_epoch_25,ViT-M-32_mammut,640M,2
180,3005,35775,37108,mammut_ViT-M-32_s640M_dfn_2b_globalbs45056_lr0.001_b1_0.9_b2_0.95_sched_cosine_warmup4000_gpus128,25,25,1.0,0.90625,ViT-M-32,dfn_s640M_bs_45056_mammut_ViT-M-32_ep25_lr0.001_b1_0.9_b2_0.95_wd0.2_w4000_gc1_n32_bs352_sigFalse,/p/data1/mmlaion/experiments/autoexp/jjitsev/logs/dfn_s640M_bs_45056_mammut_ViT-M-32_ep25_lr0.001_b1_0.9_b2_0.95_wd0.2_w4000_gc1_n32_bs352_sigFalse/checkpoints/imagenet1k_epoch_25.pt_mammut_ViT-M-32_en_zeroshot_classification.json,/p/data1/mmlaion/experiments/autoexp/jjitsev/logs/dfn_s640M_bs_45056_mammut_ViT-M-32_ep25_lr0.001_b1_0.9_b2_0.95_wd0.2_w4000_gc1_n32_bs352_sigFalse,mammut_ViT-M-32,dfn_2b,imagenet1k,640000000,14204,25600000,14144000000.0,2.7965909518928185,25,63569.46040229885,496.63640939295976,45056,128,zeroshot_classification,352,4000,0.001,cosine,NVIDIA-A100,0.95,0.9,134.73,39.69,94.78,22.1,1.7921,3.1985,mammut,similarity,357.96364184228077,,,,acc1,0.56608,0.56608,0.82866,0.5659200000000001,,,,,,,,,,,,,,dfn_s640M_bs_45056_mammut_ViT-M-32_ep25_lr0.001_b1_0.9_b2_0.95_wd0.2_w4000_gc1_n32_bs352_sigFalse_25,/p/data1/mmlaion/experiments/autoexp/jjitsev/logs/dfn_s640M_bs_45056_mammut_ViT-M-32_ep25_lr0.001_b1_0.9_b2_0.95_wd0.2_w4000_gc1_n32_bs352_sigFalse_epoch_25,ViT-M-32_mammut,640M,2
181,3006,35800,37133,mammut_ViT-M-32_s640M_dfn_2b_globalbs45056_lr0.001_b1_0.9_b2_0.95_sched_cosine_warmup6000_gpus128,25,25,1.0,0.90625,ViT-M-32,dfn_s640M_bs_45056_mammut_ViT-M-32_ep25_lr0.001_b1_0.9_b2_0.95_wd0.2_w6000_gc1_n32_bs352_sigFalse,/p/data1/mmlaion/experiments/autoexp/jjitsev/logs/dfn_s640M_bs_45056_mammut_ViT-M-32_ep25_lr0.001_b1_0.9_b2_0.95_wd0.2_w6000_gc1_n32_bs352_sigFalse/checkpoints/imagenet1k_epoch_25.pt_mammut_ViT-M-32_en_zeroshot_classification.json,/p/data1/mmlaion/experiments/autoexp/jjitsev/logs/dfn_s640M_bs_45056_mammut_ViT-M-32_ep25_lr0.001_b1_0.9_b2_0.95_wd0.2_w6000_gc1_n32_bs352_sigFalse,mammut_ViT-M-32,dfn_2b,imagenet1k,640000000,14204,25600000,14144000000.0,2.8088313683809956,25,63292.43534482759,494.4721511314655,45056,128,zeroshot_classification,352,6000,0.001,cosine,NVIDIA-A100,0.95,0.9,134.73,39.69,94.78,22.1,1.7069,3.1461,mammut,similarity,359.53041515276743,,,,acc1,0.5619,0.5619,0.8233,0.56198,,,,,,,,,,,,,,dfn_s640M_bs_45056_mammut_ViT-M-32_ep25_lr0.001_b1_0.9_b2_0.95_wd0.2_w6000_gc1_n32_bs352_sigFalse_25,/p/data1/mmlaion/experiments/autoexp/jjitsev/logs/dfn_s640M_bs_45056_mammut_ViT-M-32_ep25_lr0.001_b1_0.9_b2_0.95_wd0.2_w6000_gc1_n32_bs352_sigFalse_epoch_25,ViT-M-32_mammut,640M,2
182,3007,35825,37158,mammut_ViT-M-32_s640M_dfn_2b_globalbs45056_lr0.002_b1_0.9_b2_0.95_sched_cosine_warmup4000_gpus128,25,25,1.0,0.90625,ViT-M-32,dfn_s640M_bs_45056_mammut_ViT-M-32_ep25_lr0.002_b1_0.9_b2_0.95_wd0.2_w4000_gc1_n32_bs352_sigFalse,/p/data1/mmlaion/experiments/autoexp/jjitsev/logs/dfn_s640M_bs_45056_mammut_ViT-M-32_ep25_lr0.002_b1_0.9_b2_0.95_wd0.2_w4000_gc1_n32_bs352_sigFalse/checkpoints/imagenet1k_epoch_25.pt_mammut_ViT-M-32_en_zeroshot_classification.json,/p/data1/mmlaion/experiments/autoexp/jjitsev/logs/dfn_s640M_bs_45056_mammut_ViT-M-32_ep25_lr0.002_b1_0.9_b2_0.95_wd0.2_w4000_gc1_n32_bs352_sigFalse,mammut_ViT-M-32,dfn_2b,imagenet1k,640000000,14204,25600000,14144000000.0,2.788830577506823,25,63746.352758620684,498.0183809267241,45056,128,zeroshot_classification,352,4000,0.002,cosine,NVIDIA-A100,0.95,0.9,134.73,39.69,94.78,22.1,1.6212,3.2057,mammut,similarity,356.97031392087337,,,,acc1,0.5797,0.5797,0.83832,0.5795799999999999,,,,,,,,,,,,,,dfn_s640M_bs_45056_mammut_ViT-M-32_ep25_lr0.002_b1_0.9_b2_0.95_wd0.2_w4000_gc1_n32_bs352_sigFalse_25,/p/data1/mmlaion/experiments/autoexp/jjitsev/logs/dfn_s640M_bs_45056_mammut_ViT-M-32_ep25_lr0.002_b1_0.9_b2_0.95_wd0.2_w4000_gc1_n32_bs352_sigFalse_epoch_25,ViT-M-32_mammut,640M,2
183,3008,35850,37183,mammut_ViT-M-32_s640M_dfn_2b_globalbs45056_lr0.002_b1_0.9_b2_0.95_sched_cosine_warmup6000_gpus128,25,25,1.0,0.90625,ViT-M-32,dfn_s640M_bs_45056_mammut_ViT-M-32_ep25_lr0.002_b1_0.9_b2_0.95_wd0.2_w6000_gc1_n32_bs352_sigFalse,/p/data1/mmlaion/experiments/autoexp/jjitsev/logs/dfn_s640M_bs_45056_mammut_ViT-M-32_ep25_lr0.002_b1_0.9_b2_0.95_wd0.2_w6000_gc1_n32_bs352_sigFalse/checkpoints/imagenet1k_epoch_25.pt_mammut_ViT-M-32_en_zeroshot_classification.json,/p/data1/mmlaion/experiments/autoexp/jjitsev/logs/dfn_s640M_bs_45056_mammut_ViT-M-32_ep25_lr0.002_b1_0.9_b2_0.95_wd0.2_w6000_gc1_n32_bs352_sigFalse,mammut_ViT-M-32,dfn_2b,imagenet1k,640000000,14204,25600000,14144000000.0,2.806758303308702,25,63339.182988505745,494.83736709770113,45056,128,zeroshot_classification,352,6000,0.002,cosine,NVIDIA-A100,0.95,0.9,134.73,39.69,94.78,22.1,1.6722,3.1942,mammut,similarity,359.26506282351386,,,,acc1,0.57836,0.57836,0.83848,0.57832,,,,,,,,,,,,,,dfn_s640M_bs_45056_mammut_ViT-M-32_ep25_lr0.002_b1_0.9_b2_0.95_wd0.2_w6000_gc1_n32_bs352_sigFalse_25,/p/data1/mmlaion/experiments/autoexp/jjitsev/logs/dfn_s640M_bs_45056_mammut_ViT-M-32_ep25_lr0.002_b1_0.9_b2_0.95_wd0.2_w6000_gc1_n32_bs352_sigFalse_epoch_25,ViT-M-32_mammut,640M,2
184,3009,35875,37208,mammut_ViT-M-32_s640M_dfn_2b_globalbs8192_lr0.001_b1_0.9_b2_0.95_sched_cosine_warmup6000_gpus64,25,25,1.0,0.90625,ViT-M-32,dfn_s640M_bs_8192_mammut_ViT-M-32_ep25_lr0.001_b1_0.9_b2_0.95_wd0.2_w6000_gc1_n16_bs128_sigFalse,/p/data1/mmlaion/experiments/autoexp/jjitsev/logs/dfn_s640M_bs_8192_mammut_ViT-M-32_ep25_lr0.001_b1_0.9_b2_0.95_wd0.2_w6000_gc1_n16_bs128_sigFalse/checkpoints/imagenet1k_epoch_25.pt_mammut_ViT-M-32_en_zeroshot_classification.json,/p/data1/mmlaion/experiments/autoexp/jjitsev/logs/dfn_s640M_bs_8192_mammut_ViT-M-32_ep25_lr0.001_b1_0.9_b2_0.95_wd0.2_w6000_gc1_n16_bs128_sigFalse,mammut_ViT-M-32,dfn_2b,imagenet1k,640000000,78125,25600000,14144000000.0,7.2935228541261825,25,24374.747475728156,380.85542930825244,8192,64,zeroshot_classification,128,6000,0.001,cosine,NVIDIA-A100,0.95,0.9,134.73,39.69,94.78,22.1,0.77586,3.0825,mammut,similarity,466.7854626640757,,,,acc1,0.58146,0.58146,0.84644,0.5813599999999999,,,,,,,,,,,,,,dfn_s640M_bs_8192_mammut_ViT-M-32_ep25_lr0.001_b1_0.9_b2_0.95_wd0.2_w6000_gc1_n16_bs128_sigFalse_25,/p/data1/mmlaion/experiments/autoexp/jjitsev/logs/dfn_s640M_bs_8192_mammut_ViT-M-32_ep25_lr0.001_b1_0.9_b2_0.95_wd0.2_w6000_gc1_n16_bs128_sigFalse_epoch_25,ViT-M-32_mammut,640M,2
185,3010,35900,37233,mammut_ViT-M-32_s640M_dfn_2b_globalbs8192_lr0.002_b1_0.9_b2_0.95_sched_cosine_warmup6000_gpus64,25,25,1.0,0.90625,ViT-M-32,dfn_s640M_bs_8192_mammut_ViT-M-32_ep25_lr0.002_b1_0.9_b2_0.95_wd0.2_w6000_gc1_n16_bs128_sigFalse,/p/data1/mmlaion/experiments/autoexp/jjitsev/logs/dfn_s640M_bs_8192_mammut_ViT-M-32_ep25_lr0.002_b1_0.9_b2_0.95_wd0.2_w6000_gc1_n16_bs128_sigFalse/checkpoints/imagenet1k_epoch_25.pt_mammut_ViT-M-32_en_zeroshot_classification.json,/p/data1/mmlaion/experiments/autoexp/jjitsev/logs/dfn_s640M_bs_8192_mammut_ViT-M-32_ep25_lr0.002_b1_0.9_b2_0.95_wd0.2_w6000_gc1_n16_bs128_sigFalse,mammut_ViT-M-32,dfn_2b,imagenet1k,640000000,78125,25600000,14144000000.0,7.294174655397346,25,24372.56936893204,380.8213963895631,8192,64,zeroshot_classification,128,6000,0.002,cosine,NVIDIA-A100,0.95,0.9,134.73,39.69,94.78,22.1,0.78274,3.0536,mammut,similarity,466.82717794543015,,,,acc1,0.57422,0.57422,0.8412,0.5742999999999999,,,,,,,,,,,,,,dfn_s640M_bs_8192_mammut_ViT-M-32_ep25_lr0.002_b1_0.9_b2_0.95_wd0.2_w6000_gc1_n16_bs128_sigFalse_25,/p/data1/mmlaion/experiments/autoexp/jjitsev/logs/dfn_s640M_bs_8192_mammut_ViT-M-32_ep25_lr0.002_b1_0.9_b2_0.95_wd0.2_w6000_gc1_n16_bs128_sigFalse_epoch_25,ViT-M-32_mammut,640M,2
186,3067,36721,38054,mammut_ViT-S-16_s1.28B_datacomp_1b_globalbs16384_lr0.0015_b1_0.9_b2_0.95_sched_cosine_warmup15000_gpus64,20,20,1.0,0.90625,ViT-S-16,datacomp_s1.28B_bs_16384_mammut_ViT-S-16_ep20_lr0.0015_b1_0.9_b2_0.95_wd0.2_w15000_gc1_n16_bs256_sigFalse,/p/data1/mmlaion/experiments/autoexp/jjitsev/logs/datacomp_s1.28B_bs_16384_mammut_ViT-S-16_ep20_lr0.0015_b1_0.9_b2_0.95_wd0.2_w15000_gc1_n16_bs256_sigFalse/checkpoints/imagenet1k_epoch_20.pt_mammut_ViT-S-16_en_zeroshot_classification.json,/p/data1/mmlaion/experiments/autoexp/jjitsev/logs/datacomp_s1.28B_bs_16384_mammut_ViT-S-16_ep20_lr0.0015_b1_0.9_b2_0.95_wd0.2_w15000_gc1_n16_bs256_sigFalse,mammut_ViT-S-16,datacomp_1b,imagenet1k,1280000000,78125,64000000,26521600000.0,11.88224032467976,20,29923.27590084643,467.5511859507255,16384,64,zeroshot_classification,256,15000,0.0015,cosine,NVIDIA-A100,0.95,0.9,84.79,21.81,62.83,20.72,0.76115,3.1861,mammut,similarity,760.4633807795046,,,,acc1,0.59218,0.59218,0.85698,0.59224,,,,,,,,,,,,,,datacomp_s1.28B_bs_16384_mammut_ViT-S-16_ep20_lr0.0015_b1_0.9_b2_0.95_wd0.2_w15000_gc1_n16_bs256_sigFalse_20,/p/data1/mmlaion/experiments/autoexp/jjitsev/logs/datacomp_s1.28B_bs_16384_mammut_ViT-S-16_ep20_lr0.0015_b1_0.9_b2_0.95_wd0.2_w15000_gc1_n16_bs256_sigFalse_epoch_20,ViT-S-16_mammut,1.28B,2
187,3068,36741,38074,mammut_ViT-S-16_s1.28B_datacomp_1b_globalbs16384_lr0.0015_b1_0.9_b2_0.95_sched_cosine_warmup4000_gpus64,20,20,1.0,0.90625,ViT-S-16,datacomp_s1.28B_bs_16384_mammut_ViT-S-16_ep20_lr0.0015_b1_0.9_b2_0.95_wd0.2_w4000_gc1_n16_bs256_sigFalse,/p/data1/mmlaion/experiments/autoexp/jjitsev/logs/datacomp_s1.28B_bs_16384_mammut_ViT-S-16_ep20_lr0.0015_b1_0.9_b2_0.95_wd0.2_w4000_gc1_n16_bs256_sigFalse/checkpoints/imagenet1k_epoch_20.pt_mammut_ViT-S-16_en_zeroshot_classification.json,/p/data1/mmlaion/experiments/autoexp/jjitsev/logs/datacomp_s1.28B_bs_16384_mammut_ViT-S-16_ep20_lr0.0015_b1_0.9_b2_0.95_wd0.2_w4000_gc1_n16_bs256_sigFalse,mammut_ViT-S-16,datacomp_1b,imagenet1k,1280000000,78125,64000000,26521600000.0,11.863441745870208,20,29970.691741233375,468.2920584567715,16384,64,zeroshot_classification,256,4000,0.0015,cosine,NVIDIA-A100,0.95,0.9,84.79,21.81,62.83,20.72,0.74609,3.1729,mammut,similarity,759.2602717356933,,,,acc1,0.59536,0.59536,0.85848,0.5955600000000001,,,,,,,,,,,,,,datacomp_s1.28B_bs_16384_mammut_ViT-S-16_ep20_lr0.0015_b1_0.9_b2_0.95_wd0.2_w4000_gc1_n16_bs256_sigFalse_20,/p/data1/mmlaion/experiments/autoexp/jjitsev/logs/datacomp_s1.28B_bs_16384_mammut_ViT-S-16_ep20_lr0.0015_b1_0.9_b2_0.95_wd0.2_w4000_gc1_n16_bs256_sigFalse_epoch_20,ViT-S-16_mammut,1.28B,2
188,3069,36761,38094,mammut_ViT-S-16_s1.28B_datacomp_1b_globalbs16384_lr0.002_b1_0.9_b2_0.95_sched_cosine_warmup15000_gpus64,20,20,1.0,0.90625,ViT-S-16,datacomp_s1.28B_bs_16384_mammut_ViT-S-16_ep20_lr0.002_b1_0.9_b2_0.95_wd0.2_w15000_gc1_n16_bs256_sigFalse,/p/data1/mmlaion/experiments/autoexp/jjitsev/logs/datacomp_s1.28B_bs_16384_mammut_ViT-S-16_ep20_lr0.002_b1_0.9_b2_0.95_wd0.2_w15000_gc1_n16_bs256_sigFalse/checkpoints/imagenet1k_epoch_20.pt_mammut_ViT-S-16_en_zeroshot_classification.json,/p/data1/mmlaion/experiments/autoexp/jjitsev/logs/datacomp_s1.28B_bs_16384_mammut_ViT-S-16_ep20_lr0.002_b1_0.9_b2_0.95_wd0.2_w15000_gc1_n16_bs256_sigFalse,mammut_ViT-S-16,datacomp_1b,imagenet1k,1280000000,78125,64000000,26521600000.0,11.86213427591943,20,29973.995175332526,468.3436746145707,16384,64,zeroshot_classification,256,15000,0.002,cosine,NVIDIA-A100,0.95,0.9,84.79,21.81,62.83,20.72,0.77358,3.2069,mammut,similarity,759.1765936588436,,,,acc1,0.59136,0.59136,0.8547,0.5909,,,,,,,,,,,,,,datacomp_s1.28B_bs_16384_mammut_ViT-S-16_ep20_lr0.002_b1_0.9_b2_0.95_wd0.2_w15000_gc1_n16_bs256_sigFalse_20,/p/data1/mmlaion/experiments/autoexp/jjitsev/logs/datacomp_s1.28B_bs_16384_mammut_ViT-S-16_ep20_lr0.002_b1_0.9_b2_0.95_wd0.2_w15000_gc1_n16_bs256_sigFalse_epoch_20,ViT-S-16_mammut,1.28B,2
189,3070,36781,38114,mammut_ViT-S-16_s1.28B_datacomp_1b_globalbs16384_lr0.002_b1_0.9_b2_0.95_sched_cosine_warmup4000_gpus64,20,20,1.0,0.90625,ViT-S-16,datacomp_s1.28B_bs_16384_mammut_ViT-S-16_ep20_lr0.002_b1_0.9_b2_0.95_wd0.2_w4000_gc1_n16_bs256_sigFalse,/p/data1/mmlaion/experiments/autoexp/jjitsev/logs/datacomp_s1.28B_bs_16384_mammut_ViT-S-16_ep20_lr0.002_b1_0.9_b2_0.95_wd0.2_w4000_gc1_n16_bs256_sigFalse/checkpoints/imagenet1k_epoch_20.pt_mammut_ViT-S-16_en_zeroshot_classification.json,/p/data1/mmlaion/experiments/autoexp/jjitsev/logs/datacomp_s1.28B_bs_16384_mammut_ViT-S-16_ep20_lr0.002_b1_0.9_b2_0.95_wd0.2_w4000_gc1_n16_bs256_sigFalse,mammut_ViT-S-16,datacomp_1b,imagenet1k,1280000000,78125,64000000,26521600000.0,11.873787541449152,20,29944.577862318838,467.88402909873184,16384,64,zeroshot_classification,256,4000,0.002,cosine,NVIDIA-A100,0.95,0.9,84.79,21.81,62.83,20.72,0.74759,3.1799,mammut,similarity,759.9224026527457,,,,acc1,0.59682,0.59682,0.8594,0.59654,,,,,,,,,,,,,,datacomp_s1.28B_bs_16384_mammut_ViT-S-16_ep20_lr0.002_b1_0.9_b2_0.95_wd0.2_w4000_gc1_n16_bs256_sigFalse_20,/p/data1/mmlaion/experiments/autoexp/jjitsev/logs/datacomp_s1.28B_bs_16384_mammut_ViT-S-16_ep20_lr0.002_b1_0.9_b2_0.95_wd0.2_w4000_gc1_n16_bs256_sigFalse_epoch_20,ViT-S-16_mammut,1.28B,2
190,3071,36801,38134,mammut_ViT-S-16_s1.28B_datacomp_1b_globalbs90624_lr0.0015_b1_0.9_b2_0.95_sched_cosine_warmup4000_gpus256,20,20,1.0,0.90625,ViT-S-16,datacomp_s1.28B_bs_90624_mammut_ViT-S-16_ep20_lr0.0015_b1_0.9_b2_0.95_wd0.2_w4000_gc1_n64_bs354_sigFalse,/p/data1/mmlaion/experiments/autoexp/jjitsev/logs/datacomp_s1.28B_bs_90624_mammut_ViT-S-16_ep20_lr0.0015_b1_0.9_b2_0.95_wd0.2_w4000_gc1_n64_bs354_sigFalse/checkpoints/imagenet1k_epoch_20.pt_mammut_ViT-S-16_en_zeroshot_classification.json,/p/data1/mmlaion/experiments/autoexp/jjitsev/logs/datacomp_s1.28B_bs_90624_mammut_ViT-S-16_ep20_lr0.0015_b1_0.9_b2_0.95_wd0.2_w4000_gc1_n64_bs354_sigFalse,mammut_ViT-S-16,datacomp_1b,imagenet1k,1280000000,14124,64000000,26521600000.0,3.047810283727992,20,116659.34636871508,455.7005717527933,90624,256,zeroshot_classification,354,4000,0.0015,cosine,NVIDIA-A100,0.95,0.9,84.79,21.81,62.83,20.72,1.8272,3.4034,mammut,similarity,780.2394326343659,,,,acc1,0.57558,0.57558,0.83688,0.57586,,,,,,,,,,,,,,datacomp_s1.28B_bs_90624_mammut_ViT-S-16_ep20_lr0.0015_b1_0.9_b2_0.95_wd0.2_w4000_gc1_n64_bs354_sigFalse_20,/p/data1/mmlaion/experiments/autoexp/jjitsev/logs/datacomp_s1.28B_bs_90624_mammut_ViT-S-16_ep20_lr0.0015_b1_0.9_b2_0.95_wd0.2_w4000_gc1_n64_bs354_sigFalse_epoch_20,ViT-S-16_mammut,1.28B,2
191,3072,36821,38154,mammut_ViT-S-16_s1.28B_datacomp_1b_globalbs90624_lr0.0015_b1_0.9_b2_0.95_sched_cosine_warmup6000_gpus256,20,20,1.0,0.90625,ViT-S-16,datacomp_s1.28B_bs_90624_mammut_ViT-S-16_ep20_lr0.0015_b1_0.9_b2_0.95_wd0.2_w6000_gc1_n64_bs354_sigFalse,/p/data1/mmlaion/experiments/autoexp/jjitsev/logs/datacomp_s1.28B_bs_90624_mammut_ViT-S-16_ep20_lr0.0015_b1_0.9_b2_0.95_wd0.2_w6000_gc1_n64_bs354_sigFalse/checkpoints/imagenet1k_epoch_20.pt_mammut_ViT-S-16_en_zeroshot_classification.json,/p/data1/mmlaion/experiments/autoexp/jjitsev/logs/datacomp_s1.28B_bs_90624_mammut_ViT-S-16_ep20_lr0.0015_b1_0.9_b2_0.95_wd0.2_w6000_gc1_n64_bs354_sigFalse,mammut_ViT-S-16,datacomp_1b,imagenet1k,1280000000,14124,64000000,26521600000.0,3.057182362990269,20,116301.71620111732,454.30357891061453,90624,256,zeroshot_classification,354,6000,0.0015,cosine,NVIDIA-A100,0.95,0.9,84.79,21.81,62.83,20.72,1.8046,3.3756,mammut,similarity,782.6386849255089,,,,acc1,0.57134,0.57134,0.83178,0.5712200000000001,,,,,,,,,,,,,,datacomp_s1.28B_bs_90624_mammut_ViT-S-16_ep20_lr0.0015_b1_0.9_b2_0.95_wd0.2_w6000_gc1_n64_bs354_sigFalse_20,/p/data1/mmlaion/experiments/autoexp/jjitsev/logs/datacomp_s1.28B_bs_90624_mammut_ViT-S-16_ep20_lr0.0015_b1_0.9_b2_0.95_wd0.2_w6000_gc1_n64_bs354_sigFalse_epoch_20,ViT-S-16_mammut,1.28B,2
192,3073,36841,38174,mammut_ViT-S-16_s1.28B_datacomp_1b_globalbs90624_lr0.002_b1_0.9_b2_0.95_sched_cosine_warmup4000_gpus256,20,20,1.0,0.90625,ViT-S-16,datacomp_s1.28B_bs_90624_mammut_ViT-S-16_ep20_lr0.002_b1_0.9_b2_0.95_wd0.2_w4000_gc1_n64_bs354_sigFalse,/p/data1/mmlaion/experiments/autoexp/jjitsev/logs/datacomp_s1.28B_bs_90624_mammut_ViT-S-16_ep20_lr0.002_b1_0.9_b2_0.95_wd0.2_w4000_gc1_n64_bs354_sigFalse/checkpoints/imagenet1k_epoch_20.pt_mammut_ViT-S-16_en_zeroshot_classification.json,/p/data1/mmlaion/experiments/autoexp/jjitsev/logs/datacomp_s1.28B_bs_90624_mammut_ViT-S-16_ep20_lr0.002_b1_0.9_b2_0.95_wd0.2_w4000_gc1_n64_bs354_sigFalse,mammut_ViT-S-16,datacomp_1b,imagenet1k,1280000000,14124,64000000,26521600000.0,3.0686470405854913,20,115867.20494505495,452.6062693166209,90624,256,zeroshot_classification,354,4000,0.002,cosine,NVIDIA-A100,0.95,0.9,84.79,21.81,62.83,20.72,1.7175,3.268,mammut,similarity,785.5736423898858,,,,acc1,0.58268,0.58268,0.84196,0.5828199999999999,,,,,,,,,,,,,,datacomp_s1.28B_bs_90624_mammut_ViT-S-16_ep20_lr0.002_b1_0.9_b2_0.95_wd0.2_w4000_gc1_n64_bs354_sigFalse_20,/p/data1/mmlaion/experiments/autoexp/jjitsev/logs/datacomp_s1.28B_bs_90624_mammut_ViT-S-16_ep20_lr0.002_b1_0.9_b2_0.95_wd0.2_w4000_gc1_n64_bs354_sigFalse_epoch_20,ViT-S-16_mammut,1.28B,2
193,3074,36861,38194,mammut_ViT-S-16_s1.28B_datacomp_1b_globalbs90624_lr0.002_b1_0.9_b2_0.95_sched_cosine_warmup6000_gpus256,20,20,1.0,0.90625,ViT-S-16,datacomp_s1.28B_bs_90624_mammut_ViT-S-16_ep20_lr0.002_b1_0.9_b2_0.95_wd0.2_w6000_gc1_n64_bs354_sigFalse,/p/data1/mmlaion/experiments/autoexp/jjitsev/logs/datacomp_s1.28B_bs_90624_mammut_ViT-S-16_ep20_lr0.002_b1_0.9_b2_0.95_wd0.2_w6000_gc1_n64_bs354_sigFalse/checkpoints/imagenet1k_epoch_20.pt_mammut_ViT-S-16_en_zeroshot_classification.json,/p/data1/mmlaion/experiments/autoexp/jjitsev/logs/datacomp_s1.28B_bs_90624_mammut_ViT-S-16_ep20_lr0.002_b1_0.9_b2_0.95_wd0.2_w6000_gc1_n64_bs354_sigFalse,mammut_ViT-S-16,datacomp_1b,imagenet1k,1280000000,14124,64000000,26521600000.0,3.0586798785062452,20,116244.77541899442,454.08115398044697,90624,256,zeroshot_classification,354,6000,0.002,cosine,NVIDIA-A100,0.95,0.9,84.79,21.81,62.83,20.72,1.7208,3.3388,mammut,similarity,783.0220488975988,,,,acc1,0.58102,0.58102,0.84002,0.58112,,,,,,,,,,,,,,datacomp_s1.28B_bs_90624_mammut_ViT-S-16_ep20_lr0.002_b1_0.9_b2_0.95_wd0.2_w6000_gc1_n64_bs354_sigFalse_20,/p/data1/mmlaion/experiments/autoexp/jjitsev/logs/datacomp_s1.28B_bs_90624_mammut_ViT-S-16_ep20_lr0.002_b1_0.9_b2_0.95_wd0.2_w6000_gc1_n64_bs354_sigFalse_epoch_20,ViT-S-16_mammut,1.28B,2
194,3075,36881,38214,mammut_ViT-S-16_s1.28B_relaion2b-en_globalbs16384_lr0.001_b1_0.9_b2_0.95_sched_cosine_warmup6000_gpus64,20,20,1.0,0.90625,ViT-S-16,relaion_s1.28B_bs_16384_mammut_ViT-S-16_ep20_lr0.001_b1_0.9_b2_0.95_wd0.2_w6000_gc1_n16_bs256_sigFalse,/p/data1/mmlaion/experiments/autoexp/jjitsev/leonardo_logs/relaion_s1.28B_bs_16384_mammut_ViT-S-16_ep20_lr0.001_b1_0.9_b2_0.95_wd0.2_w6000_gc1_n16_bs256_sigFalse/checkpoints/imagenet1k_epoch_20.pt_mammut_ViT-S-16_en_zeroshot_classification.json,/p/data1/mmlaion/experiments/autoexp/jjitsev/leonardo_logs/relaion_s1.28B_bs_16384_mammut_ViT-S-16_ep20_lr0.001_b1_0.9_b2_0.95_wd0.2_w6000_gc1_n16_bs256_sigFalse,mammut_ViT-S-16,relaion2b-en,imagenet1k,1280000000,78125,64000000,26521600000.0,13.668979973336917,20,26011.8572306867,406.4352692294797,16384,64,zeroshot_classification,256,6000,0.001,cosine,NVIDIA-A100,0.95,0.9,84.79,21.81,62.83,20.72,0.67164,3.0229,mammut,similarity,874.8147182935627,,,,acc1,0.52708,0.52708,0.8129,0.52716,,,,,,,,,,,,,,relaion_s1.28B_bs_16384_mammut_ViT-S-16_ep20_lr0.001_b1_0.9_b2_0.95_wd0.2_w6000_gc1_n16_bs256_sigFalse_20,/p/data1/mmlaion/experiments/autoexp/jjitsev/leonardo_logs/relaion_s1.28B_bs_16384_mammut_ViT-S-16_ep20_lr0.001_b1_0.9_b2_0.95_wd0.2_w6000_gc1_n16_bs256_sigFalse_epoch_20,ViT-S-16_mammut,1.28B,2
195,3076,36901,38234,mammut_ViT-S-16_s1.28B_relaion2b-en_globalbs32768_lr0.0015_b1_0.9_b2_0.95_sched_cosine_warmup6000_gpus64,20,20,1.0,0.90625,ViT-S-16,relaion_s1.28B_bs_32768_mammut_ViT-S-16_ep20_lr0.0015_b1_0.9_b2_0.95_wd0.2_w6000_gc1_n16_bs512_sigFalse,/p/data1/mmlaion/experiments/autoexp/jjitsev/leonardo_logs/relaion_s1.28B_bs_32768_mammut_ViT-S-16_ep20_lr0.0015_b1_0.9_b2_0.95_wd0.2_w6000_gc1_n16_bs512_sigFalse/checkpoints/imagenet1k_epoch_20.pt_mammut_ViT-S-16_en_zeroshot_classification.json,/p/data1/mmlaion/experiments/autoexp/jjitsev/leonardo_logs/relaion_s1.28B_bs_32768_mammut_ViT-S-16_ep20_lr0.0015_b1_0.9_b2_0.95_wd0.2_w6000_gc1_n16_bs512_sigFalse,mammut_ViT-S-16,relaion2b-en,imagenet1k,1280000000,39062,64000000,26521600000.0,11.834149764816294,20,30044.875434367543,469.45117866199286,32768,64,zeroshot_classification,512,6000,0.0015,cosine,NVIDIA-A100,0.95,0.9,84.79,21.81,62.83,20.72,0.90838,3.0669,mammut,similarity,757.3855849482428,,,,acc1,0.53642,0.53642,0.81656,0.53676,,,,,,,,,,,,,,relaion_s1.28B_bs_32768_mammut_ViT-S-16_ep20_lr0.0015_b1_0.9_b2_0.95_wd0.2_w6000_gc1_n16_bs512_sigFalse_20,/p/data1/mmlaion/experiments/autoexp/jjitsev/leonardo_logs/relaion_s1.28B_bs_32768_mammut_ViT-S-16_ep20_lr0.0015_b1_0.9_b2_0.95_wd0.2_w6000_gc1_n16_bs512_sigFalse_epoch_20,ViT-S-16_mammut,1.28B,2
196,3077,36921,38254,mammut_ViT-S-16_s1.28B_relaion2b-en_globalbs65536_lr0.002_b1_0.9_b2_0.95_sched_cosine_warmup6000_gpus128,20,20,1.0,0.90625,ViT-S-16,relaion_s1.28B_bs_65536_mammut_ViT-S-16_ep20_lr0.002_b1_0.9_b2_0.95_wd0.2_w6000_gc1_n32_bs512_sigFalse,/p/data1/mmlaion/experiments/autoexp/jjitsev/leonardo_logs/relaion_s1.28B_bs_65536_mammut_ViT-S-16_ep20_lr0.002_b1_0.9_b2_0.95_wd0.2_w6000_gc1_n32_bs512_sigFalse/checkpoints/imagenet1k_epoch_20.pt_mammut_ViT-S-16_en_zeroshot_classification.json,/p/data1/mmlaion/experiments/autoexp/jjitsev/leonardo_logs/relaion_s1.28B_bs_65536_mammut_ViT-S-16_ep20_lr0.002_b1_0.9_b2_0.95_wd0.2_w6000_gc1_n32_bs512_sigFalse,mammut_ViT-S-16,relaion2b-en,imagenet1k,1280000000,19531,64000000,26521600000.0,6.452010099134676,20,55107.71838426626,430.5290498770802,65536,128,zeroshot_classification,512,6000,0.002,cosine,NVIDIA-A100,0.95,0.9,84.79,21.81,62.83,20.72,1.1983,3.1431,mammut,similarity,825.8572926892385,,,,acc1,0.5342,0.5342,0.81192,0.5343600000000001,,,,,,,,,,,,,,relaion_s1.28B_bs_65536_mammut_ViT-S-16_ep20_lr0.002_b1_0.9_b2_0.95_wd0.2_w6000_gc1_n32_bs512_sigFalse_20,/p/data1/mmlaion/experiments/autoexp/jjitsev/leonardo_logs/relaion_s1.28B_bs_65536_mammut_ViT-S-16_ep20_lr0.002_b1_0.9_b2_0.95_wd0.2_w6000_gc1_n32_bs512_sigFalse_epoch_20,ViT-S-16_mammut,1.28B,2
197,3078,36941,38274,mammut_ViT-S-16_s1.28B_relaion2b-en_globalbs90112_lr0.002_b1_0.9_b2_0.95_sched_cosine_warmup6000_gpus176,20,20,1.0,0.90625,ViT-S-16,relaion_s3B_bs_90112_mammut_ViT-S-16_ep48_lr0.002_b1_0.9_b2_0.95_wd0.2_w6000_gc1_n44_bs512_sigFalse,/p/data1/mmlaion/experiments/autoexp/jjitsev/leonardo_logs/relaion_s3B_bs_90112_mammut_ViT-S-16_ep48_lr0.002_b1_0.9_b2_0.95_wd0.2_w6000_gc1_n44_bs512_sigFalse/checkpoints/imagenet1k_epoch_20.pt_mammut_ViT-S-16_en_zeroshot_classification.json,/p/data1/mmlaion/experiments/autoexp/jjitsev/leonardo_logs/relaion_s3B_bs_90112_mammut_ViT-S-16_ep48_lr0.002_b1_0.9_b2_0.95_wd0.2_w6000_gc1_n44_bs512_sigFalse,mammut_ViT-S-16,relaion2b-en,imagenet1k,1280000000,14204,64000000,26521600000.0,5.487969198286527,48,64788.18351724138,368.1146790752351,90112,176,zeroshot_classification,512,6000,0.002,cosine,NVIDIA-A100,0.95,0.9,84.79,21.81,62.83,20.72,1.0427,3.0575,mammut,similarity,965.8825788984288,,,,acc1,0.4422,0.52546,0.7243,0.44194000000000006,,,,,,,,,,,,,,relaion_s3B_bs_90112_mammut_ViT-S-16_ep48_lr0.002_b1_0.9_b2_0.95_wd0.2_w6000_gc1_n44_bs512_sigFalse_20,/p/data1/mmlaion/experiments/autoexp/jjitsev/leonardo_logs/relaion_s3B_bs_90112_mammut_ViT-S-16_ep48_lr0.002_b1_0.9_b2_0.95_wd0.2_w6000_gc1_n44_bs512_sigFalse_epoch_20,ViT-S-16_mammut,1.28B,2
198,3205,38581,39914,mammut_ViT-S-16_s300M_datacomp_1b_globalbs16384_lr0.002_b1_0.9_b2_0.95_sched_cosine_warmup4000_gpus64,24,24,1.0,0.90625,ViT-S-16,datacomp_s300M_bs_16384_mammut_ViT-S-16_ep24_lr0.002_b1_0.9_b2_0.95_wd0.2_w4000_gc1_n16_bs256_sigFalse,/p/data1/mmlaion/experiments/autoexp/jjitsev/logs/datacomp_s300M_bs_16384_mammut_ViT-S-16_ep24_lr0.002_b1_0.9_b2_0.95_wd0.2_w4000_gc1_n16_bs256_sigFalse/checkpoints/imagenet1k_epoch_24.pt_mammut_ViT-S-16_en_zeroshot_classification.json,/p/data1/mmlaion/experiments/autoexp/jjitsev/logs/datacomp_s300M_bs_16384_mammut_ViT-S-16_ep24_lr0.002_b1_0.9_b2_0.95_wd0.2_w4000_gc1_n16_bs256_sigFalse,mammut_ViT-S-16,datacomp_1b,imagenet1k,307200000,18750,12800000,6365184000.0,3.041473417129164,24,28056.57706976744,438.3840167151163,16384,64,zeroshot_classification,256,4000,0.002,cosine,NVIDIA-A100,0.95,0.9,84.79,21.81,62.83,20.72,1.2205,3.4442,mammut,similarity,194.6542986962665,,,,acc1,0.51704,0.51704,0.79518,0.51768,,,,,,,,,,,,,,datacomp_s300M_bs_16384_mammut_ViT-S-16_ep24_lr0.002_b1_0.9_b2_0.95_wd0.2_w4000_gc1_n16_bs256_sigFalse_24,/p/data1/mmlaion/experiments/autoexp/jjitsev/logs/datacomp_s300M_bs_16384_mammut_ViT-S-16_ep24_lr0.002_b1_0.9_b2_0.95_wd0.2_w4000_gc1_n16_bs256_sigFalse_epoch_24,ViT-S-16_mammut,300M,2
199,3206,38605,39938,mammut_ViT-S-16_s300M_datacomp_1b_globalbs16384_lr0.002_b1_0.9_b2_0.95_sched_cosine_warmup8000_gpus64,24,24,1.0,0.90625,ViT-S-16,datacomp_s300M_bs_16384_mammut_ViT-S-16_ep24_lr0.002_b1_0.9_b2_0.95_wd0.2_w8000_gc1_n16_bs256_sigFalse,/p/data1/mmlaion/experiments/autoexp/jjitsev/logs/datacomp_s300M_bs_16384_mammut_ViT-S-16_ep24_lr0.002_b1_0.9_b2_0.95_wd0.2_w8000_gc1_n16_bs256_sigFalse/checkpoints/imagenet1k_epoch_24.pt_mammut_ViT-S-16_en_zeroshot_classification.json,/p/data1/mmlaion/experiments/autoexp/jjitsev/logs/datacomp_s300M_bs_16384_mammut_ViT-S-16_ep24_lr0.002_b1_0.9_b2_0.95_wd0.2_w8000_gc1_n16_bs256_sigFalse,mammut_ViT-S-16,datacomp_1b,imagenet1k,307200000,18750,12800000,6365184000.0,3.048157974100993,24,27995.049488372097,437.422648255814,16384,64,zeroshot_classification,256,8000,0.002,cosine,NVIDIA-A100,0.95,0.9,84.79,21.81,62.83,20.72,1.2612,3.4254,mammut,similarity,195.08211034246355,,,,acc1,0.51204,0.51204,0.79374,0.512,,,,,,,,,,,,,,datacomp_s300M_bs_16384_mammut_ViT-S-16_ep24_lr0.002_b1_0.9_b2_0.95_wd0.2_w8000_gc1_n16_bs256_sigFalse_24,/p/data1/mmlaion/experiments/autoexp/jjitsev/logs/datacomp_s300M_bs_16384_mammut_ViT-S-16_ep24_lr0.002_b1_0.9_b2_0.95_wd0.2_w8000_gc1_n16_bs256_sigFalse_epoch_24,ViT-S-16_mammut,300M,2
200,3211,38725,40058,mammut_ViT-S-16_s300M_datacomp_1b_globalbs32768_lr0.002_b1_0.9_b2_0.95_sched_cosine_warmup3000_gpus64,24,24,1.0,0.90625,ViT-S-16,datacomp_s300M_bs_32768_mammut_ViT-S-16_ep24_lr0.002_b1_0.9_b2_0.95_wd0.2_w3000_gc1_n16_bs512_sigFalse,/p/data1/mmlaion/experiments/autoexp/jjitsev/logs/datacomp_s300M_bs_32768_mammut_ViT-S-16_ep24_lr0.002_b1_0.9_b2_0.95_wd0.2_w3000_gc1_n16_bs512_sigFalse/checkpoints/imagenet1k_epoch_24.pt_mammut_ViT-S-16_en_zeroshot_classification.json,/p/data1/mmlaion/experiments/autoexp/jjitsev/logs/datacomp_s300M_bs_32768_mammut_ViT-S-16_ep24_lr0.002_b1_0.9_b2_0.95_wd0.2_w3000_gc1_n16_bs512_sigFalse,mammut_ViT-S-16,datacomp_1b,imagenet1k,307200000,9375,12800000,6365184000.0,2.796197382302885,24,30517.63579831933,476.83805934873953,32768,64,zeroshot_classification,512,3000,0.002,cosine,NVIDIA-A100,0.95,0.9,84.79,21.81,62.83,20.72,1.8034,3.5499,mammut,similarity,178.95663246738465,,,,acc1,0.50038,0.50038,0.77792,0.50062,,,,,,,,,,,,,,datacomp_s300M_bs_32768_mammut_ViT-S-16_ep24_lr0.002_b1_0.9_b2_0.95_wd0.2_w3000_gc1_n16_bs512_sigFalse_24,/p/data1/mmlaion/experiments/autoexp/jjitsev/logs/datacomp_s300M_bs_32768_mammut_ViT-S-16_ep24_lr0.002_b1_0.9_b2_0.95_wd0.2_w3000_gc1_n16_bs512_sigFalse_epoch_24,ViT-S-16_mammut,300M,2
201,3213,38773,40106,mammut_ViT-S-16_s300M_dfn_2b_globalbs16384_lr0.0015_b1_0.9_b2_0.95_sched_cosine_warmup4000_gpus64,24,24,1.0,0.90625,ViT-S-16,dfn_s300M_bs_16384_mammut_ViT-S-16_ep24_lr0.0015_b1_0.9_b2_0.95_wd0.2_w4000_gc1_n16_bs256_sigFalse,/p/data1/mmlaion/experiments/autoexp/jjitsev/logs/dfn_s300M_bs_16384_mammut_ViT-S-16_ep24_lr0.0015_b1_0.9_b2_0.95_wd0.2_w4000_gc1_n16_bs256_sigFalse/checkpoints/imagenet1k_epoch_24.pt_mammut_ViT-S-16_en_zeroshot_classification.json,/p/data1/mmlaion/experiments/autoexp/jjitsev/logs/dfn_s300M_bs_16384_mammut_ViT-S-16_ep24_lr0.0015_b1_0.9_b2_0.95_wd0.2_w4000_gc1_n16_bs256_sigFalse,mammut_ViT-S-16,dfn_2b,imagenet1k,307200000,18750,12800000,6365184000.0,3.128583014457824,24,27275.39366511628,426.1780260174419,16384,64,zeroshot_classification,256,4000,0.0015,cosine,NVIDIA-A100,0.95,0.9,84.79,21.81,62.83,20.72,1.2593,3.3098,mammut,similarity,200.22931292530075,,,,acc1,0.5608,0.5608,0.83346,0.56052,,,,,,,,,,,,,,dfn_s300M_bs_16384_mammut_ViT-S-16_ep24_lr0.0015_b1_0.9_b2_0.95_wd0.2_w4000_gc1_n16_bs256_sigFalse_24,/p/data1/mmlaion/experiments/autoexp/jjitsev/logs/dfn_s300M_bs_16384_mammut_ViT-S-16_ep24_lr0.0015_b1_0.9_b2_0.95_wd0.2_w4000_gc1_n16_bs256_sigFalse_epoch_24,ViT-S-16_mammut,300M,2
202,3214,38797,40130,mammut_ViT-S-16_s300M_dfn_2b_globalbs16384_lr0.002_b1_0.9_b2_0.95_sched_cosine_warmup4000_gpus64,24,24,1.0,0.90625,ViT-S-16,dfn_s300M_bs_16384_mammut_ViT-S-16_ep24_lr0.002_b1_0.9_b2_0.95_wd0.2_w4000_gc1_n16_bs256_sigFalse,/p/data1/mmlaion/experiments/autoexp/jjitsev/logs/dfn_s300M_bs_16384_mammut_ViT-S-16_ep24_lr0.002_b1_0.9_b2_0.95_wd0.2_w4000_gc1_n16_bs256_sigFalse/checkpoints/imagenet1k_epoch_24.pt_mammut_ViT-S-16_en_zeroshot_classification.json,/p/data1/mmlaion/experiments/autoexp/jjitsev/logs/dfn_s300M_bs_16384_mammut_ViT-S-16_ep24_lr0.002_b1_0.9_b2_0.95_wd0.2_w4000_gc1_n16_bs256_sigFalse,mammut_ViT-S-16,dfn_2b,imagenet1k,307200000,18750,12800000,6365184000.0,3.1349176755595964,24,27220.278860465118,425.31685719476746,16384,64,zeroshot_classification,256,4000,0.002,cosine,NVIDIA-A100,0.95,0.9,84.79,21.81,62.83,20.72,1.1726,3.3794,mammut,similarity,200.63473123581417,,,,acc1,0.56852,0.56852,0.83698,0.56872,,,,,,,,,,,,,,dfn_s300M_bs_16384_mammut_ViT-S-16_ep24_lr0.002_b1_0.9_b2_0.95_wd0.2_w4000_gc1_n16_bs256_sigFalse_24,/p/data1/mmlaion/experiments/autoexp/jjitsev/logs/dfn_s300M_bs_16384_mammut_ViT-S-16_ep24_lr0.002_b1_0.9_b2_0.95_wd0.2_w4000_gc1_n16_bs256_sigFalse_epoch_24,ViT-S-16_mammut,300M,2
203,3215,38821,40154,mammut_ViT-S-16_s300M_dfn_2b_globalbs32768_lr0.0015_b1_0.9_b2_0.95_sched_cosine_warmup4000_gpus64,24,24,1.0,0.90625,ViT-S-16,dfn_s300M_bs_32768_mammut_ViT-S-16_ep24_lr0.0015_b1_0.9_b2_0.95_wd0.2_w4000_gc1_n16_bs512_sigFalse,/p/data1/mmlaion/experiments/autoexp/jjitsev/logs/dfn_s300M_bs_32768_mammut_ViT-S-16_ep24_lr0.0015_b1_0.9_b2_0.95_wd0.2_w4000_gc1_n16_bs512_sigFalse/checkpoints/imagenet1k_epoch_24.pt_mammut_ViT-S-16_en_zeroshot_classification.json,/p/data1/mmlaion/experiments/autoexp/jjitsev/logs/dfn_s300M_bs_32768_mammut_ViT-S-16_ep24_lr0.0015_b1_0.9_b2_0.95_wd0.2_w4000_gc1_n16_bs512_sigFalse,mammut_ViT-S-16,dfn_2b,imagenet1k,307200000,9375,12800000,6365184000.0,2.901378868402259,24,29411.3031092437,459.55161108193283,32768,64,zeroshot_classification,512,4000,0.0015,cosine,NVIDIA-A100,0.95,0.9,84.79,21.81,62.83,20.72,1.8735,3.4073,mammut,similarity,185.68824757774456,,,,acc1,0.53792,0.53792,0.80838,0.5380799999999999,,,,,,,,,,,,,,dfn_s300M_bs_32768_mammut_ViT-S-16_ep24_lr0.0015_b1_0.9_b2_0.95_wd0.2_w4000_gc1_n16_bs512_sigFalse_24,/p/data1/mmlaion/experiments/autoexp/jjitsev/logs/dfn_s300M_bs_32768_mammut_ViT-S-16_ep24_lr0.0015_b1_0.9_b2_0.95_wd0.2_w4000_gc1_n16_bs512_sigFalse_epoch_24,ViT-S-16_mammut,300M,2
204,3216,38845,40178,mammut_ViT-S-16_s300M_dfn_2b_globalbs32768_lr0.002_b1_0.9_b2_0.95_sched_cosine_warmup4000_gpus64,24,24,1.0,0.90625,ViT-S-16,dfn_s300M_bs_32768_mammut_ViT-S-16_ep24_lr0.002_b1_0.9_b2_0.95_wd0.2_w4000_gc1_n16_bs512_sigFalse,/p/data1/mmlaion/experiments/autoexp/jjitsev/logs/dfn_s300M_bs_32768_mammut_ViT-S-16_ep24_lr0.002_b1_0.9_b2_0.95_wd0.2_w4000_gc1_n16_bs512_sigFalse/checkpoints/imagenet1k_epoch_24.pt_mammut_ViT-S-16_en_zeroshot_classification.json,/p/data1/mmlaion/experiments/autoexp/jjitsev/logs/dfn_s300M_bs_32768_mammut_ViT-S-16_ep24_lr0.002_b1_0.9_b2_0.95_wd0.2_w4000_gc1_n16_bs512_sigFalse,mammut_ViT-S-16,dfn_2b,imagenet1k,307200000,9375,12800000,6365184000.0,2.921042626123792,24,29213.31327731092,456.45801995798314,32768,64,zeroshot_classification,512,4000,0.002,cosine,NVIDIA-A100,0.95,0.9,84.79,21.81,62.83,20.72,1.7222,3.3397,mammut,similarity,186.94672807192268,,,,acc1,0.5486,0.5486,0.81868,0.5486800000000001,,,,,,,,,,,,,,dfn_s300M_bs_32768_mammut_ViT-S-16_ep24_lr0.002_b1_0.9_b2_0.95_wd0.2_w4000_gc1_n16_bs512_sigFalse_24,/p/data1/mmlaion/experiments/autoexp/jjitsev/logs/dfn_s300M_bs_32768_mammut_ViT-S-16_ep24_lr0.002_b1_0.9_b2_0.95_wd0.2_w4000_gc1_n16_bs512_sigFalse_epoch_24,ViT-S-16_mammut,300M,2
205,3257,39423,40756,mammut_ViT-S-16_s3B_datacomp_1b_globalbs90624_lr0.002_b1_0.9_b2_0.95_sched_cosine_warmup4000_gpus256,48,48,1.0,0.90625,ViT-S-16,datacomp_s3B_bs_90624_mammut_ViT-S-16_ep48_lr0.002_b1_0.9_b2_0.95_wd0.2_w4000_gc1_n64_bs354_sigFalse,/p/data1/mmlaion/experiments/autoexp/jjitsev/logs/datacomp_s3B_bs_90624_mammut_ViT-S-16_ep48_lr0.002_b1_0.9_b2_0.95_wd0.2_w4000_gc1_n64_bs354_sigFalse/checkpoints/imagenet1k_epoch_48.pt_mammut_ViT-S-16_en_zeroshot_classification.json,/p/data1/mmlaion/experiments/autoexp/jjitsev/logs/datacomp_s3B_bs_90624_mammut_ViT-S-16_ep48_lr0.002_b1_0.9_b2_0.95_wd0.2_w4000_gc1_n64_bs354_sigFalse,mammut_ViT-S-16,datacomp_1b,imagenet1k,3072000000,33898,64000000,63651840000.0,7.381259529814757,48,115608.09234338749,451.59411071635736,90624,256,zeroshot_classification,354,4000,0.002,cosine,NVIDIA-A100,0.95,0.9,84.79,21.81,62.83,20.72,1.2946,3.1459,mammut,similarity,1889.602439632578,,,,acc1,0.62486,0.62486,0.87038,0.62486,,,,,,,,,,,,,,datacomp_s3B_bs_90624_mammut_ViT-S-16_ep48_lr0.002_b1_0.9_b2_0.95_wd0.2_w4000_gc1_n64_bs354_sigFalse_48,/p/data1/mmlaion/experiments/autoexp/jjitsev/logs/datacomp_s3B_bs_90624_mammut_ViT-S-16_ep48_lr0.002_b1_0.9_b2_0.95_wd0.2_w4000_gc1_n64_bs354_sigFalse_epoch_48,ViT-S-16_mammut,3B,5
206,3258,39471,40804,mammut_ViT-S-16_s3B_relaion2b-en_globalbs32768_lr0.0015_b1_0.9_b2_0.95_sched_cosine_warmup10000_gpus128,48,48,1.0,0.90625,ViT-S-16,relaion_s3B_bs_32768_mammut_ViT-S-16_ep48_lr0.0015_b1_0.9_b2_0.95_wd0.2_w10000_gc1_n32_bs256_sigFalse,/p/data1/mmlaion/experiments/autoexp/jjitsev/leonardo_logs/relaion_s3B_bs_32768_mammut_ViT-S-16_ep48_lr0.0015_b1_0.9_b2_0.95_wd0.2_w10000_gc1_n32_bs256_sigFalse/checkpoints/imagenet1k_epoch_48.pt_mammut_ViT-S-16_en_zeroshot_classification.json,/p/data1/mmlaion/experiments/autoexp/jjitsev/leonardo_logs/relaion_s3B_bs_32768_mammut_ViT-S-16_ep48_lr0.0015_b1_0.9_b2_0.95_wd0.2_w10000_gc1_n32_bs256_sigFalse,mammut_ViT-S-16,relaion2b-en,imagenet1k,3072000000,93750,64000000,63651840000.0,18.433046557055636,48,46293.66777173913,361.66927946671194,32768,128,zeroshot_classification,256,10000,0.0015,cosine,NVIDIA-A100,0.95,0.9,84.79,21.81,62.83,20.72,0.72537,2.9797,mammut,similarity,2359.4299593031214,,,,acc1,0.56218,0.56218,0.83576,0.5621,,,,,,,,,,,,,,relaion_s3B_bs_32768_mammut_ViT-S-16_ep48_lr0.0015_b1_0.9_b2_0.95_wd0.2_w10000_gc1_n32_bs256_sigFalse_48,/p/data1/mmlaion/experiments/autoexp/jjitsev/leonardo_logs/relaion_s3B_bs_32768_mammut_ViT-S-16_ep48_lr0.0015_b1_0.9_b2_0.95_wd0.2_w10000_gc1_n32_bs256_sigFalse_epoch_48,ViT-S-16_mammut,3B,5
207,3259,39519,40852,mammut_ViT-S-16_s3B_relaion2b-en_globalbs65536_lr0.002_b1_0.9_b2_0.95_sched_cosine_warmup10000_gpus128,48,48,1.0,0.90625,ViT-S-16,relaion_s3B_bs_65536_mammut_ViT-S-16_ep48_lr0.002_b1_0.9_b2_0.95_wd0.2_w10000_gc1_n32_bs512_sigFalse,/p/data1/mmlaion/experiments/autoexp/jjitsev/leonardo_logs/relaion_s3B_bs_65536_mammut_ViT-S-16_ep48_lr0.002_b1_0.9_b2_0.95_wd0.2_w10000_gc1_n32_bs512_sigFalse/checkpoints/imagenet1k_epoch_48.pt_mammut_ViT-S-16_en_zeroshot_classification.json,/p/data1/mmlaion/experiments/autoexp/jjitsev/leonardo_logs/relaion_s3B_bs_65536_mammut_ViT-S-16_ep48_lr0.002_b1_0.9_b2_0.95_wd0.2_w10000_gc1_n32_bs512_sigFalse,mammut_ViT-S-16,relaion2b-en,imagenet1k,3072000000,46875,64000000,63651840000.0,16.2024431730516,48,52666.954249999995,411.46058007812496,65536,128,zeroshot_classification,512,10000,0.002,cosine,NVIDIA-A100,0.95,0.9,84.79,21.81,62.83,20.72,0.9396,3.0377,mammut,similarity,2073.9127261506046,,,,acc1,0.57294,0.57294,0.83806,0.5729000000000001,,,,,,,,,,,,,,relaion_s3B_bs_65536_mammut_ViT-S-16_ep48_lr0.002_b1_0.9_b2_0.95_wd0.2_w10000_gc1_n32_bs512_sigFalse_48,/p/data1/mmlaion/experiments/autoexp/jjitsev/leonardo_logs/relaion_s3B_bs_65536_mammut_ViT-S-16_ep48_lr0.002_b1_0.9_b2_0.95_wd0.2_w10000_gc1_n32_bs512_sigFalse_epoch_48,ViT-S-16_mammut,3B,5
208,3260,39567,40900,mammut_ViT-S-16_s3B_relaion2b-en_globalbs90112_lr0.002_b1_0.9_b2_0.95_sched_cosine_warmup6000_gpus176,48,48,1.0,0.90625,ViT-S-16,relaion_s3B_bs_90112_mammut_ViT-S-16_ep48_lr0.002_b1_0.9_b2_0.95_wd0.2_w6000_gc1_n44_bs512_sigFalse,/p/data1/mmlaion/experiments/autoexp/jjitsev/leonardo_logs/relaion_s3B_bs_90112_mammut_ViT-S-16_ep48_lr0.002_b1_0.9_b2_0.95_wd0.2_w6000_gc1_n44_bs512_sigFalse/checkpoints/imagenet1k_epoch_48.pt_mammut_ViT-S-16_en_zeroshot_classification.json,/p/data1/mmlaion/experiments/autoexp/jjitsev/leonardo_logs/relaion_s3B_bs_90112_mammut_ViT-S-16_ep48_lr0.002_b1_0.9_b2_0.95_wd0.2_w6000_gc1_n44_bs512_sigFalse,mammut_ViT-S-16,relaion2b-en,imagenet1k,3072000000,34090,64000000,63651840000.0,13.171126075887665,48,64788.18351724138,368.1146790752351,90112,176,zeroshot_classification,512,6000,0.002,cosine,NVIDIA-A100,0.95,0.9,84.79,21.81,62.83,20.72,1.0427,3.0575,mammut,similarity,2318.118189356229,,,,acc1,0.5758,0.5758,0.84098,0.57564,,,,,,,,,,,,,,relaion_s3B_bs_90112_mammut_ViT-S-16_ep48_lr0.002_b1_0.9_b2_0.95_wd0.2_w6000_gc1_n44_bs512_sigFalse_48,/p/data1/mmlaion/experiments/autoexp/jjitsev/leonardo_logs/relaion_s3B_bs_90112_mammut_ViT-S-16_ep48_lr0.002_b1_0.9_b2_0.95_wd0.2_w6000_gc1_n44_bs512_sigFalse_epoch_48,ViT-S-16_mammut,3B,5
209,3325,40294,41627,mammut_ViT-S-16_s640M_datacomp_1b_globalbs16384_lr0.0015_b1_0.9_b2_0.95_sched_cosine_warmup10000_gpus64,25,25,1.0,0.90625,ViT-S-16,datacomp_s640M_bs_16384_mammut_ViT-S-16_ep25_lr0.0015_b1_0.9_b2_0.95_wd0.2_w10000_gc1_n16_bs256_sigFalse,/p/data1/mmlaion/experiments/autoexp/jjitsev/logs/datacomp_s640M_bs_16384_mammut_ViT-S-16_ep25_lr0.0015_b1_0.9_b2_0.95_wd0.2_w10000_gc1_n16_bs256_sigFalse/checkpoints/imagenet1k_epoch_25.pt_mammut_ViT-S-16_en_zeroshot_classification.json,/p/data1/mmlaion/experiments/autoexp/jjitsev/logs/datacomp_s640M_bs_16384_mammut_ViT-S-16_ep25_lr0.0015_b1_0.9_b2_0.95_wd0.2_w10000_gc1_n16_bs256_sigFalse,mammut_ViT-S-16,datacomp_1b,imagenet1k,640000000,39062,25600000,13260800000.0,6.1188742641678715,25,29054.000801886792,453.9687625294811,16384,64,zeroshot_classification,256,10000,0.0015,cosine,NVIDIA-A100,0.95,0.9,84.79,21.81,62.83,20.72,0.9275,3.28,mammut,similarity,391.6079529067438,,,,acc1,0.56226,0.56226,0.83328,0.56186,,,,,,,,,,,,,,datacomp_s640M_bs_16384_mammut_ViT-S-16_ep25_lr0.0015_b1_0.9_b2_0.95_wd0.2_w10000_gc1_n16_bs256_sigFalse_25,/p/data1/mmlaion/experiments/autoexp/jjitsev/logs/datacomp_s640M_bs_16384_mammut_ViT-S-16_ep25_lr0.0015_b1_0.9_b2_0.95_wd0.2_w10000_gc1_n16_bs256_sigFalse_epoch_25,ViT-S-16_mammut,640M,2
210,3326,40319,41652,mammut_ViT-S-16_s640M_datacomp_1b_globalbs16384_lr0.0015_b1_0.9_b2_0.95_sched_cosine_warmup4000_gpus64,25,25,1.0,0.90625,ViT-S-16,datacomp_s640M_bs_16384_mammut_ViT-S-16_ep25_lr0.0015_b1_0.9_b2_0.95_wd0.2_w4000_gc1_n16_bs256_sigFalse,/p/data1/mmlaion/experiments/autoexp/jjitsev/logs/datacomp_s640M_bs_16384_mammut_ViT-S-16_ep25_lr0.0015_b1_0.9_b2_0.95_wd0.2_w4000_gc1_n16_bs256_sigFalse/checkpoints/imagenet1k_epoch_25.pt_mammut_ViT-S-16_en_zeroshot_classification.json,/p/data1/mmlaion/experiments/autoexp/jjitsev/logs/datacomp_s640M_bs_16384_mammut_ViT-S-16_ep25_lr0.0015_b1_0.9_b2_0.95_wd0.2_w4000_gc1_n16_bs256_sigFalse,mammut_ViT-S-16,datacomp_1b,imagenet1k,640000000,39062,25600000,13260800000.0,6.116186793346527,25,29066.76721698113,454.16823776533016,16384,64,zeroshot_classification,256,4000,0.0015,cosine,NVIDIA-A100,0.95,0.9,84.79,21.81,62.83,20.72,0.9321,3.2711,mammut,similarity,391.43595477417773,,,,acc1,0.5675,0.5675,0.83426,0.5675399999999999,,,,,,,,,,,,,,datacomp_s640M_bs_16384_mammut_ViT-S-16_ep25_lr0.0015_b1_0.9_b2_0.95_wd0.2_w4000_gc1_n16_bs256_sigFalse_25,/p/data1/mmlaion/experiments/autoexp/jjitsev/logs/datacomp_s640M_bs_16384_mammut_ViT-S-16_ep25_lr0.0015_b1_0.9_b2_0.95_wd0.2_w4000_gc1_n16_bs256_sigFalse_epoch_25,ViT-S-16_mammut,640M,2
211,3327,40344,41677,mammut_ViT-S-16_s640M_datacomp_1b_globalbs16384_lr0.001_b1_0.9_b2_0.95_sched_cosine_warmup10000_gpus64,25,25,1.0,0.90625,ViT-S-16,datacomp_s640M_bs_16384_mammut_ViT-S-16_ep25_lr0.001_b1_0.9_b2_0.95_wd0.2_w10000_gc1_n16_bs256_sigFalse,/p/data1/mmlaion/experiments/autoexp/jjitsev/logs/datacomp_s640M_bs_16384_mammut_ViT-S-16_ep25_lr0.001_b1_0.9_b2_0.95_wd0.2_w10000_gc1_n16_bs256_sigFalse/checkpoints/imagenet1k_epoch_25.pt_mammut_ViT-S-16_en_zeroshot_classification.json,/p/data1/mmlaion/experiments/autoexp/jjitsev/logs/datacomp_s640M_bs_16384_mammut_ViT-S-16_ep25_lr0.001_b1_0.9_b2_0.95_wd0.2_w10000_gc1_n16_bs256_sigFalse,mammut_ViT-S-16,datacomp_1b,imagenet1k,640000000,39062,25600000,13260800000.0,6.144486609208564,25,28932.893679245288,452.0764637382076,16384,64,zeroshot_classification,256,10000,0.001,cosine,NVIDIA-A100,0.95,0.9,84.79,21.81,62.83,20.72,0.93166,3.2791,mammut,similarity,393.2471429893481,,,,acc1,0.55394,0.55394,0.82822,0.5539200000000001,,,,,,,,,,,,,,datacomp_s640M_bs_16384_mammut_ViT-S-16_ep25_lr0.001_b1_0.9_b2_0.95_wd0.2_w10000_gc1_n16_bs256_sigFalse_25,/p/data1/mmlaion/experiments/autoexp/jjitsev/logs/datacomp_s640M_bs_16384_mammut_ViT-S-16_ep25_lr0.001_b1_0.9_b2_0.95_wd0.2_w10000_gc1_n16_bs256_sigFalse_epoch_25,ViT-S-16_mammut,640M,2
212,3328,40369,41702,mammut_ViT-S-16_s640M_datacomp_1b_globalbs16384_lr0.001_b1_0.9_b2_0.95_sched_cosine_warmup4000_gpus64,25,25,1.0,0.90625,ViT-S-16,datacomp_s640M_bs_16384_mammut_ViT-S-16_ep25_lr0.001_b1_0.9_b2_0.95_wd0.2_w4000_gc1_n16_bs256_sigFalse,/p/data1/mmlaion/experiments/autoexp/jjitsev/logs/datacomp_s640M_bs_16384_mammut_ViT-S-16_ep25_lr0.001_b1_0.9_b2_0.95_wd0.2_w4000_gc1_n16_bs256_sigFalse/checkpoints/imagenet1k_epoch_25.pt_mammut_ViT-S-16_en_zeroshot_classification.json,/p/data1/mmlaion/experiments/autoexp/jjitsev/logs/datacomp_s640M_bs_16384_mammut_ViT-S-16_ep25_lr0.001_b1_0.9_b2_0.95_wd0.2_w4000_gc1_n16_bs256_sigFalse,mammut_ViT-S-16,datacomp_1b,imagenet1k,640000000,39062,25600000,13260800000.0,6.129807537417401,25,29002.179382075472,453.15905284492925,16384,64,zeroshot_classification,256,4000,0.001,cosine,NVIDIA-A100,0.95,0.9,84.79,21.81,62.83,20.72,0.95554,3.2839,mammut,similarity,392.30768239471365,,,,acc1,0.5614,0.5614,0.83038,0.56202,,,,,,,,,,,,,,datacomp_s640M_bs_16384_mammut_ViT-S-16_ep25_lr0.001_b1_0.9_b2_0.95_wd0.2_w4000_gc1_n16_bs256_sigFalse_25,/p/data1/mmlaion/experiments/autoexp/jjitsev/logs/datacomp_s640M_bs_16384_mammut_ViT-S-16_ep25_lr0.001_b1_0.9_b2_0.95_wd0.2_w4000_gc1_n16_bs256_sigFalse_epoch_25,ViT-S-16_mammut,640M,2
213,3329,40394,41727,mammut_ViT-S-16_s640M_datacomp_1b_globalbs16384_lr0.002_b1_0.9_b2_0.95_sched_cosine_warmup10000_gpus64,25,25,1.0,0.90625,ViT-S-16,datacomp_s640M_bs_16384_mammut_ViT-S-16_ep25_lr0.002_b1_0.9_b2_0.95_wd0.2_w10000_gc1_n16_bs256_sigFalse,/p/data1/mmlaion/experiments/autoexp/jjitsev/logs/datacomp_s640M_bs_16384_mammut_ViT-S-16_ep25_lr0.002_b1_0.9_b2_0.95_wd0.2_w10000_gc1_n16_bs256_sigFalse/checkpoints/imagenet1k_epoch_25.pt_mammut_ViT-S-16_en_zeroshot_classification.json,/p/data1/mmlaion/experiments/autoexp/jjitsev/logs/datacomp_s640M_bs_16384_mammut_ViT-S-16_ep25_lr0.002_b1_0.9_b2_0.95_wd0.2_w10000_gc1_n16_bs256_sigFalse,mammut_ViT-S-16,datacomp_1b,imagenet1k,640000000,39062,25600000,13260800000.0,6.158232509689061,25,28868.312051886795,451.06737581073116,16384,64,zeroshot_classification,256,10000,0.002,cosine,NVIDIA-A100,0.95,0.9,84.79,21.81,62.83,20.72,0.94007,3.2565,mammut,similarity,394.1268806200999,,,,acc1,0.56154,0.56154,0.83414,0.5614,,,,,,,,,,,,,,datacomp_s640M_bs_16384_mammut_ViT-S-16_ep25_lr0.002_b1_0.9_b2_0.95_wd0.2_w10000_gc1_n16_bs256_sigFalse_25,/p/data1/mmlaion/experiments/autoexp/jjitsev/logs/datacomp_s640M_bs_16384_mammut_ViT-S-16_ep25_lr0.002_b1_0.9_b2_0.95_wd0.2_w10000_gc1_n16_bs256_sigFalse_epoch_25,ViT-S-16_mammut,640M,2
214,3330,40419,41752,mammut_ViT-S-16_s640M_datacomp_1b_globalbs16384_lr0.002_b1_0.9_b2_0.95_sched_cosine_warmup4000_gpus64,25,25,1.0,0.90625,ViT-S-16,datacomp_s640M_bs_16384_mammut_ViT-S-16_ep25_lr0.002_b1_0.9_b2_0.95_wd0.2_w4000_gc1_n16_bs256_sigFalse,/p/data1/mmlaion/experiments/autoexp/jjitsev/logs/datacomp_s640M_bs_16384_mammut_ViT-S-16_ep25_lr0.002_b1_0.9_b2_0.95_wd0.2_w4000_gc1_n16_bs256_sigFalse/checkpoints/imagenet1k_epoch_25.pt_mammut_ViT-S-16_en_zeroshot_classification.json,/p/data1/mmlaion/experiments/autoexp/jjitsev/logs/datacomp_s640M_bs_16384_mammut_ViT-S-16_ep25_lr0.002_b1_0.9_b2_0.95_wd0.2_w4000_gc1_n16_bs256_sigFalse,mammut_ViT-S-16,datacomp_1b,imagenet1k,640000000,39062,25600000,13260800000.0,6.1301476104158885,25,29000.570471698116,453.13391362028307,16384,64,zeroshot_classification,256,4000,0.002,cosine,NVIDIA-A100,0.95,0.9,84.79,21.81,62.83,20.72,0.88955,3.1842,mammut,similarity,392.32944706661686,,,,acc1,0.56564,0.56564,0.8371,0.56582,,,,,,,,,,,,,,datacomp_s640M_bs_16384_mammut_ViT-S-16_ep25_lr0.002_b1_0.9_b2_0.95_wd0.2_w4000_gc1_n16_bs256_sigFalse_25,/p/data1/mmlaion/experiments/autoexp/jjitsev/logs/datacomp_s640M_bs_16384_mammut_ViT-S-16_ep25_lr0.002_b1_0.9_b2_0.95_wd0.2_w4000_gc1_n16_bs256_sigFalse_epoch_25,ViT-S-16_mammut,640M,2
215,3331,40444,41777,mammut_ViT-S-16_s640M_datacomp_1b_globalbs32800_lr0.0015_b1_0.9_b2_0.95_sched_cosine_warmup10000_gpus80,25,25,1.0,0.90625,ViT-S-16,datacomp_s640M_bs_32800_mammut_ViT-S-16_ep25_lr0.0015_b1_0.9_b2_0.95_wd0.2_w10000_gc1_n20_bs410_sigFalse,/p/data1/mmlaion/experiments/autoexp/jjitsev/logs/datacomp_s640M_bs_32800_mammut_ViT-S-16_ep25_lr0.0015_b1_0.9_b2_0.95_wd0.2_w10000_gc1_n20_bs410_sigFalse/checkpoints/imagenet1k_epoch_25.pt_mammut_ViT-S-16_en_zeroshot_classification.json,/p/data1/mmlaion/experiments/autoexp/jjitsev/logs/datacomp_s640M_bs_32800_mammut_ViT-S-16_ep25_lr0.0015_b1_0.9_b2_0.95_wd0.2_w10000_gc1_n20_bs410_sigFalse,mammut_ViT-S-16,datacomp_1b,imagenet1k,640000000,19512,25600000,13260800000.0,4.636813537087282,25,38340.50611607143,479.2563264508929,32800,80,zeroshot_classification,410,10000,0.0015,cosine,NVIDIA-A100,0.95,0.9,84.79,21.81,62.83,20.72,1.3724,3.3577,mammut,similarity,370.94508296698257,,,,acc1,0.54804,0.54804,0.82234,0.5481800000000001,,,,,,,,,,,,,,datacomp_s640M_bs_32800_mammut_ViT-S-16_ep25_lr0.0015_b1_0.9_b2_0.95_wd0.2_w10000_gc1_n20_bs410_sigFalse_25,/p/data1/mmlaion/experiments/autoexp/jjitsev/logs/datacomp_s640M_bs_32800_mammut_ViT-S-16_ep25_lr0.0015_b1_0.9_b2_0.95_wd0.2_w10000_gc1_n20_bs410_sigFalse_epoch_25,ViT-S-16_mammut,640M,2
216,3332,40469,41802,mammut_ViT-S-16_s640M_datacomp_1b_globalbs32800_lr0.0015_b1_0.9_b2_0.95_sched_cosine_warmup4000_gpus80,25,25,1.0,0.90625,ViT-S-16,datacomp_s640M_bs_32800_mammut_ViT-S-16_ep25_lr0.0015_b1_0.9_b2_0.95_wd0.2_w4000_gc1_n20_bs410_sigFalse,/p/data1/mmlaion/experiments/autoexp/jjitsev/logs/datacomp_s640M_bs_32800_mammut_ViT-S-16_ep25_lr0.0015_b1_0.9_b2_0.95_wd0.2_w4000_gc1_n20_bs410_sigFalse/checkpoints/imagenet1k_epoch_25.pt_mammut_ViT-S-16_en_zeroshot_classification.json,/p/data1/mmlaion/experiments/autoexp/jjitsev/logs/datacomp_s640M_bs_32800_mammut_ViT-S-16_ep25_lr0.0015_b1_0.9_b2_0.95_wd0.2_w4000_gc1_n20_bs410_sigFalse,mammut_ViT-S-16,datacomp_1b,imagenet1k,640000000,19512,25600000,13260800000.0,4.683688046419592,25,37956.79302631578,474.45991282894727,32800,80,zeroshot_classification,410,4000,0.0015,cosine,NVIDIA-A100,0.95,0.9,84.79,21.81,62.83,20.72,1.311,3.3553,mammut,similarity,374.6950437135673,,,,acc1,0.55954,0.55954,0.82552,0.55926,,,,,,,,,,,,,,datacomp_s640M_bs_32800_mammut_ViT-S-16_ep25_lr0.0015_b1_0.9_b2_0.95_wd0.2_w4000_gc1_n20_bs410_sigFalse_25,/p/data1/mmlaion/experiments/autoexp/jjitsev/logs/datacomp_s640M_bs_32800_mammut_ViT-S-16_ep25_lr0.0015_b1_0.9_b2_0.95_wd0.2_w4000_gc1_n20_bs410_sigFalse_epoch_25,ViT-S-16_mammut,640M,2
217,3333,40494,41827,mammut_ViT-S-16_s640M_datacomp_1b_globalbs32800_lr0.001_b1_0.9_b2_0.95_sched_cosine_warmup10000_gpus80,25,25,1.0,0.90625,ViT-S-16,datacomp_s640M_bs_32800_mammut_ViT-S-16_ep25_lr0.001_b1_0.9_b2_0.95_wd0.2_w10000_gc1_n20_bs410_sigFalse,/p/data1/mmlaion/experiments/autoexp/jjitsev/logs/datacomp_s640M_bs_32800_mammut_ViT-S-16_ep25_lr0.001_b1_0.9_b2_0.95_wd0.2_w10000_gc1_n20_bs410_sigFalse/checkpoints/imagenet1k_epoch_25.pt_mammut_ViT-S-16_en_zeroshot_classification.json,/p/data1/mmlaion/experiments/autoexp/jjitsev/logs/datacomp_s640M_bs_32800_mammut_ViT-S-16_ep25_lr0.001_b1_0.9_b2_0.95_wd0.2_w10000_gc1_n20_bs410_sigFalse,mammut_ViT-S-16,datacomp_1b,imagenet1k,640000000,19512,25600000,13260800000.0,4.629611539827283,25,38400.15004464286,480.00187555803575,32800,80,zeroshot_classification,410,10000,0.001,cosine,NVIDIA-A100,0.95,0.9,84.79,21.81,62.83,20.72,1.5043,3.438,mammut,similarity,370.36892318618266,,,,acc1,0.53506,0.53506,0.81276,0.5349400000000001,,,,,,,,,,,,,,datacomp_s640M_bs_32800_mammut_ViT-S-16_ep25_lr0.001_b1_0.9_b2_0.95_wd0.2_w10000_gc1_n20_bs410_sigFalse_25,/p/data1/mmlaion/experiments/autoexp/jjitsev/logs/datacomp_s640M_bs_32800_mammut_ViT-S-16_ep25_lr0.001_b1_0.9_b2_0.95_wd0.2_w10000_gc1_n20_bs410_sigFalse_epoch_25,ViT-S-16_mammut,640M,2
218,3334,40519,41852,mammut_ViT-S-16_s640M_datacomp_1b_globalbs32800_lr0.001_b1_0.9_b2_0.95_sched_cosine_warmup4000_gpus80,25,25,1.0,0.90625,ViT-S-16,datacomp_s640M_bs_32800_mammut_ViT-S-16_ep25_lr0.001_b1_0.9_b2_0.95_wd0.2_w4000_gc1_n20_bs410_sigFalse,/p/data1/mmlaion/experiments/autoexp/jjitsev/logs/datacomp_s640M_bs_32800_mammut_ViT-S-16_ep25_lr0.001_b1_0.9_b2_0.95_wd0.2_w4000_gc1_n20_bs410_sigFalse/checkpoints/imagenet1k_epoch_25.pt_mammut_ViT-S-16_en_zeroshot_classification.json,/p/data1/mmlaion/experiments/autoexp/jjitsev/logs/datacomp_s640M_bs_32800_mammut_ViT-S-16_ep25_lr0.001_b1_0.9_b2_0.95_wd0.2_w4000_gc1_n20_bs410_sigFalse,mammut_ViT-S-16,datacomp_1b,imagenet1k,640000000,19512,25600000,13260800000.0,4.638666568142114,25,38325.190044642855,479.0648755580357,32800,80,zeroshot_classification,410,4000,0.001,cosine,NVIDIA-A100,0.95,0.9,84.79,21.81,62.83,20.72,1.4523,3.4006,mammut,similarity,371.09332545136914,,,,acc1,0.54206,0.54206,0.81548,0.542,,,,,,,,,,,,,,datacomp_s640M_bs_32800_mammut_ViT-S-16_ep25_lr0.001_b1_0.9_b2_0.95_wd0.2_w4000_gc1_n20_bs410_sigFalse_25,/p/data1/mmlaion/experiments/autoexp/jjitsev/logs/datacomp_s640M_bs_32800_mammut_ViT-S-16_ep25_lr0.001_b1_0.9_b2_0.95_wd0.2_w4000_gc1_n20_bs410_sigFalse_epoch_25,ViT-S-16_mammut,640M,2
219,3335,40544,41877,mammut_ViT-S-16_s640M_datacomp_1b_globalbs32800_lr0.002_b1_0.9_b2_0.95_sched_cosine_warmup10000_gpus80,25,25,1.0,0.90625,ViT-S-16,datacomp_s640M_bs_32800_mammut_ViT-S-16_ep25_lr0.002_b1_0.9_b2_0.95_wd0.2_w10000_gc1_n20_bs410_sigFalse,/p/data1/mmlaion/experiments/autoexp/jjitsev/logs/datacomp_s640M_bs_32800_mammut_ViT-S-16_ep25_lr0.002_b1_0.9_b2_0.95_wd0.2_w10000_gc1_n20_bs410_sigFalse/checkpoints/imagenet1k_epoch_25.pt_mammut_ViT-S-16_en_zeroshot_classification.json,/p/data1/mmlaion/experiments/autoexp/jjitsev/logs/datacomp_s640M_bs_32800_mammut_ViT-S-16_ep25_lr0.002_b1_0.9_b2_0.95_wd0.2_w10000_gc1_n20_bs410_sigFalse,mammut_ViT-S-16,datacomp_1b,imagenet1k,640000000,19512,25600000,13260800000.0,4.655337063633971,25,38187.94973333334,477.3493716666668,32800,80,zeroshot_classification,410,10000,0.002,cosine,NVIDIA-A100,0.95,0.9,84.79,21.81,62.83,20.72,1.2791,3.3062,mammut,similarity,372.4269650907177,,,,acc1,0.55422,0.55422,0.8245,0.5546599999999999,,,,,,,,,,,,,,datacomp_s640M_bs_32800_mammut_ViT-S-16_ep25_lr0.002_b1_0.9_b2_0.95_wd0.2_w10000_gc1_n20_bs410_sigFalse_25,/p/data1/mmlaion/experiments/autoexp/jjitsev/logs/datacomp_s640M_bs_32800_mammut_ViT-S-16_ep25_lr0.002_b1_0.9_b2_0.95_wd0.2_w10000_gc1_n20_bs410_sigFalse_epoch_25,ViT-S-16_mammut,640M,2
220,3336,40569,41902,mammut_ViT-S-16_s640M_datacomp_1b_globalbs32800_lr0.002_b1_0.9_b2_0.95_sched_cosine_warmup4000_gpus80,25,25,1.0,0.90625,ViT-S-16,datacomp_s640M_bs_32800_mammut_ViT-S-16_ep25_lr0.002_b1_0.9_b2_0.95_wd0.2_w4000_gc1_n20_bs410_sigFalse,/p/data1/mmlaion/experiments/autoexp/jjitsev/logs/datacomp_s640M_bs_32800_mammut_ViT-S-16_ep25_lr0.002_b1_0.9_b2_0.95_wd0.2_w4000_gc1_n20_bs410_sigFalse/checkpoints/imagenet1k_epoch_25.pt_mammut_ViT-S-16_en_zeroshot_classification.json,/p/data1/mmlaion/experiments/autoexp/jjitsev/logs/datacomp_s640M_bs_32800_mammut_ViT-S-16_ep25_lr0.002_b1_0.9_b2_0.95_wd0.2_w4000_gc1_n20_bs410_sigFalse,mammut_ViT-S-16,datacomp_1b,imagenet1k,640000000,19512,25600000,13260800000.0,4.645603720788662,25,38267.96008928572,478.3495011160715,32800,80,zeroshot_classification,410,4000,0.002,cosine,NVIDIA-A100,0.95,0.9,84.79,21.81,62.83,20.72,1.2588,3.3174,mammut,similarity,371.648297663093,,,,acc1,0.56602,0.56602,0.83068,0.56624,,,,,,,,,,,,,,datacomp_s640M_bs_32800_mammut_ViT-S-16_ep25_lr0.002_b1_0.9_b2_0.95_wd0.2_w4000_gc1_n20_bs410_sigFalse_25,/p/data1/mmlaion/experiments/autoexp/jjitsev/logs/datacomp_s640M_bs_32800_mammut_ViT-S-16_ep25_lr0.002_b1_0.9_b2_0.95_wd0.2_w4000_gc1_n20_bs410_sigFalse_epoch_25,ViT-S-16_mammut,640M,2
221,3337,40594,41927,mammut_ViT-S-16_s640M_datacomp_1b_globalbs8192_lr0.0015_b1_0.9_b2_0.95_sched_cosine_warmup10000_gpus32,25,25,1.0,0.90625,ViT-S-16,datacomp_s640M_bs_8192_mammut_ViT-S-16_ep25_lr0.0015_b1_0.9_b2_0.95_wd0.2_w10000_gc1_n8_bs256_sigFalse,/p/data1/mmlaion/experiments/autoexp/jjitsev/logs/datacomp_s640M_bs_8192_mammut_ViT-S-16_ep25_lr0.0015_b1_0.9_b2_0.95_wd0.2_w10000_gc1_n8_bs256_sigFalse/checkpoints/imagenet1k_epoch_25.pt_mammut_ViT-S-16_en_zeroshot_classification.json,/p/data1/mmlaion/experiments/autoexp/jjitsev/logs/datacomp_s640M_bs_8192_mammut_ViT-S-16_ep25_lr0.0015_b1_0.9_b2_0.95_wd0.2_w10000_gc1_n8_bs256_sigFalse,mammut_ViT-S-16,datacomp_1b,imagenet1k,640000000,78125,25600000,13260800000.0,11.936691547474739,25,14893.387926689576,465.41837270904927,8192,32,zeroshot_classification,256,10000,0.0015,cosine,NVIDIA-A100,0.95,0.9,84.79,21.81,62.83,20.72,0.66877,3.2388,mammut,similarity,381.97412951919165,,,,acc1,0.55018,0.55018,0.82656,0.55014,,,,,,,,,,,,,,datacomp_s640M_bs_8192_mammut_ViT-S-16_ep25_lr0.0015_b1_0.9_b2_0.95_wd0.2_w10000_gc1_n8_bs256_sigFalse_25,/p/data1/mmlaion/experiments/autoexp/jjitsev/logs/datacomp_s640M_bs_8192_mammut_ViT-S-16_ep25_lr0.0015_b1_0.9_b2_0.95_wd0.2_w10000_gc1_n8_bs256_sigFalse_epoch_25,ViT-S-16_mammut,640M,2
222,3338,40619,41952,mammut_ViT-S-16_s640M_datacomp_1b_globalbs8192_lr0.0015_b1_0.9_b2_0.95_sched_cosine_warmup4000_gpus32,25,25,1.0,0.90625,ViT-S-16,datacomp_s640M_bs_8192_mammut_ViT-S-16_ep25_lr0.0015_b1_0.9_b2_0.95_wd0.2_w4000_gc1_n8_bs256_sigFalse,/p/data1/mmlaion/experiments/autoexp/jjitsev/logs/datacomp_s640M_bs_8192_mammut_ViT-S-16_ep25_lr0.0015_b1_0.9_b2_0.95_wd0.2_w4000_gc1_n8_bs256_sigFalse/checkpoints/imagenet1k_epoch_25.pt_mammut_ViT-S-16_en_zeroshot_classification.json,/p/data1/mmlaion/experiments/autoexp/jjitsev/logs/datacomp_s640M_bs_8192_mammut_ViT-S-16_ep25_lr0.0015_b1_0.9_b2_0.95_wd0.2_w4000_gc1_n8_bs256_sigFalse,mammut_ViT-S-16,datacomp_1b,imagenet1k,640000000,78125,25600000,13260800000.0,11.949629586909147,25,14877.262636871508,464.91445740223463,8192,32,zeroshot_classification,256,4000,0.0015,cosine,NVIDIA-A100,0.95,0.9,84.79,21.81,62.83,20.72,0.6615,3.2407,mammut,similarity,382.3881467810927,,,,acc1,0.55522,0.55522,0.83004,0.5554000000000001,,,,,,,,,,,,,,datacomp_s640M_bs_8192_mammut_ViT-S-16_ep25_lr0.0015_b1_0.9_b2_0.95_wd0.2_w4000_gc1_n8_bs256_sigFalse_25,/p/data1/mmlaion/experiments/autoexp/jjitsev/logs/datacomp_s640M_bs_8192_mammut_ViT-S-16_ep25_lr0.0015_b1_0.9_b2_0.95_wd0.2_w4000_gc1_n8_bs256_sigFalse_epoch_25,ViT-S-16_mammut,640M,2
223,3339,40644,41977,mammut_ViT-S-16_s640M_datacomp_1b_globalbs8192_lr0.001_b1_0.9_b2_0.95_sched_cosine_warmup10000_gpus32,25,25,1.0,0.90625,ViT-S-16,datacomp_s640M_bs_8192_mammut_ViT-S-16_ep25_lr0.001_b1_0.9_b2_0.95_wd0.2_w10000_gc1_n8_bs256_sigFalse,/p/data1/mmlaion/experiments/autoexp/jjitsev/logs/datacomp_s640M_bs_8192_mammut_ViT-S-16_ep25_lr0.001_b1_0.9_b2_0.95_wd0.2_w10000_gc1_n8_bs256_sigFalse/checkpoints/imagenet1k_epoch_25.pt_mammut_ViT-S-16_en_zeroshot_classification.json,/p/data1/mmlaion/experiments/autoexp/jjitsev/logs/datacomp_s640M_bs_8192_mammut_ViT-S-16_ep25_lr0.001_b1_0.9_b2_0.95_wd0.2_w10000_gc1_n8_bs256_sigFalse,mammut_ViT-S-16,datacomp_1b,imagenet1k,640000000,78125,25600000,13260800000.0,11.902476963183052,25,14936.200114285715,466.7562535714286,8192,32,zeroshot_classification,256,10000,0.001,cosine,NVIDIA-A100,0.95,0.9,84.79,21.81,62.83,20.72,0.71141,3.2923,mammut,similarity,380.87926282185765,,,,acc1,0.55124,0.55124,0.82948,0.55108,,,,,,,,,,,,,,datacomp_s640M_bs_8192_mammut_ViT-S-16_ep25_lr0.001_b1_0.9_b2_0.95_wd0.2_w10000_gc1_n8_bs256_sigFalse_25,/p/data1/mmlaion/experiments/autoexp/jjitsev/logs/datacomp_s640M_bs_8192_mammut_ViT-S-16_ep25_lr0.001_b1_0.9_b2_0.95_wd0.2_w10000_gc1_n8_bs256_sigFalse_epoch_25,ViT-S-16_mammut,640M,2
224,3340,40669,42002,mammut_ViT-S-16_s640M_datacomp_1b_globalbs8192_lr0.001_b1_0.9_b2_0.95_sched_cosine_warmup4000_gpus32,25,25,1.0,0.90625,ViT-S-16,datacomp_s640M_bs_8192_mammut_ViT-S-16_ep25_lr0.001_b1_0.9_b2_0.95_wd0.2_w4000_gc1_n8_bs256_sigFalse,/p/data1/mmlaion/experiments/autoexp/jjitsev/logs/datacomp_s640M_bs_8192_mammut_ViT-S-16_ep25_lr0.001_b1_0.9_b2_0.95_wd0.2_w4000_gc1_n8_bs256_sigFalse/checkpoints/imagenet1k_epoch_25.pt_mammut_ViT-S-16_en_zeroshot_classification.json,/p/data1/mmlaion/experiments/autoexp/jjitsev/logs/datacomp_s640M_bs_8192_mammut_ViT-S-16_ep25_lr0.001_b1_0.9_b2_0.95_wd0.2_w4000_gc1_n8_bs256_sigFalse,mammut_ViT-S-16,datacomp_1b,imagenet1k,640000000,78125,25600000,13260800000.0,11.885058633313767,25,14958.090091324199,467.4403153538812,8192,32,zeroshot_classification,256,4000,0.001,cosine,NVIDIA-A100,0.95,0.9,84.79,21.81,62.83,20.72,0.67705,3.2425,mammut,similarity,380.32187626604053,,,,acc1,0.5573,0.5573,0.83182,0.5569200000000001,,,,,,,,,,,,,,datacomp_s640M_bs_8192_mammut_ViT-S-16_ep25_lr0.001_b1_0.9_b2_0.95_wd0.2_w4000_gc1_n8_bs256_sigFalse_25,/p/data1/mmlaion/experiments/autoexp/jjitsev/logs/datacomp_s640M_bs_8192_mammut_ViT-S-16_ep25_lr0.001_b1_0.9_b2_0.95_wd0.2_w4000_gc1_n8_bs256_sigFalse_epoch_25,ViT-S-16_mammut,640M,2
225,3341,40694,42027,mammut_ViT-S-16_s640M_datacomp_1b_globalbs8192_lr0.002_b1_0.9_b2_0.95_sched_cosine_warmup10000_gpus32,25,25,1.0,0.90625,ViT-S-16,datacomp_s640M_bs_8192_mammut_ViT-S-16_ep25_lr0.002_b1_0.9_b2_0.95_wd0.2_w10000_gc1_n8_bs256_sigFalse,/p/data1/mmlaion/experiments/autoexp/jjitsev/logs/datacomp_s640M_bs_8192_mammut_ViT-S-16_ep25_lr0.002_b1_0.9_b2_0.95_wd0.2_w10000_gc1_n8_bs256_sigFalse/checkpoints/imagenet1k_epoch_25.pt_mammut_ViT-S-16_en_zeroshot_classification.json,/p/data1/mmlaion/experiments/autoexp/jjitsev/logs/datacomp_s640M_bs_8192_mammut_ViT-S-16_ep25_lr0.002_b1_0.9_b2_0.95_wd0.2_w10000_gc1_n8_bs256_sigFalse,mammut_ViT-S-16,datacomp_1b,imagenet1k,640000000,78125,25600000,13260800000.0,11.914704938795916,25,14920.871200000001,466.27722500000004,8192,32,zeroshot_classification,256,10000,0.002,cosine,NVIDIA-A100,0.95,0.9,84.79,21.81,62.83,20.72,0.70164,3.2575,mammut,similarity,381.2705580414693,,,,acc1,0.54726,0.54726,0.82794,0.5472400000000001,,,,,,,,,,,,,,datacomp_s640M_bs_8192_mammut_ViT-S-16_ep25_lr0.002_b1_0.9_b2_0.95_wd0.2_w10000_gc1_n8_bs256_sigFalse_25,/p/data1/mmlaion/experiments/autoexp/jjitsev/logs/datacomp_s640M_bs_8192_mammut_ViT-S-16_ep25_lr0.002_b1_0.9_b2_0.95_wd0.2_w10000_gc1_n8_bs256_sigFalse_epoch_25,ViT-S-16_mammut,640M,2
226,3342,40719,42052,mammut_ViT-S-16_s640M_datacomp_1b_globalbs8192_lr0.002_b1_0.9_b2_0.95_sched_cosine_warmup4000_gpus32,25,25,1.0,0.90625,ViT-S-16,datacomp_s640M_bs_8192_mammut_ViT-S-16_ep25_lr0.002_b1_0.9_b2_0.95_wd0.2_w4000_gc1_n8_bs256_sigFalse,/p/data1/mmlaion/experiments/autoexp/jjitsev/logs/datacomp_s640M_bs_8192_mammut_ViT-S-16_ep25_lr0.002_b1_0.9_b2_0.95_wd0.2_w4000_gc1_n8_bs256_sigFalse/checkpoints/imagenet1k_epoch_25.pt_mammut_ViT-S-16_en_zeroshot_classification.json,/p/data1/mmlaion/experiments/autoexp/jjitsev/logs/datacomp_s640M_bs_8192_mammut_ViT-S-16_ep25_lr0.002_b1_0.9_b2_0.95_wd0.2_w4000_gc1_n8_bs256_sigFalse,mammut_ViT-S-16,datacomp_1b,imagenet1k,640000000,78125,25600000,13260800000.0,11.897345890065171,25,14942.641780821918,466.9575556506849,8192,32,zeroshot_classification,256,4000,0.002,cosine,NVIDIA-A100,0.95,0.9,84.79,21.81,62.83,20.72,0.69241,3.2496,mammut,similarity,380.7150684820855,,,,acc1,0.55062,0.55062,0.82774,0.55034,,,,,,,,,,,,,,datacomp_s640M_bs_8192_mammut_ViT-S-16_ep25_lr0.002_b1_0.9_b2_0.95_wd0.2_w4000_gc1_n8_bs256_sigFalse_25,/p/data1/mmlaion/experiments/autoexp/jjitsev/logs/datacomp_s640M_bs_8192_mammut_ViT-S-16_ep25_lr0.002_b1_0.9_b2_0.95_wd0.2_w4000_gc1_n8_bs256_sigFalse_epoch_25,ViT-S-16_mammut,640M,2
227,3343,40744,42077,mammut_ViT-S-16_s640M_dfn_2b_globalbs16384_lr0.001_b1_0.9_b2_0.95_sched_cosine_warmup6000_gpus64,25,25,1.0,0.90625,ViT-S-16,dfn_s640M_bs_16384_mammut_ViT-S-16_ep25_lr0.001_b1_0.9_b2_0.95_wd0.2_w6000_gc1_n16_bs256_sigFalse,/p/data1/mmlaion/experiments/autoexp/jjitsev/logs/dfn_s640M_bs_16384_mammut_ViT-S-16_ep25_lr0.001_b1_0.9_b2_0.95_wd0.2_w6000_gc1_n16_bs256_sigFalse/checkpoints/imagenet1k_epoch_25.pt_mammut_ViT-S-16_en_zeroshot_classification.json,/p/data1/mmlaion/experiments/autoexp/jjitsev/logs/dfn_s640M_bs_16384_mammut_ViT-S-16_ep25_lr0.001_b1_0.9_b2_0.95_wd0.2_w6000_gc1_n16_bs256_sigFalse,mammut_ViT-S-16,dfn_2b,imagenet1k,640000000,39062,25600000,13260800000.0,6.267742592851822,25,28363.924514150942,443.18632053360847,16384,64,zeroshot_classification,256,6000,0.001,cosine,NVIDIA-A100,0.95,0.9,84.79,21.81,62.83,20.72,0.92708,3.1918,mammut,similarity,401.1355259425166,,,,acc1,0.60712,0.60712,0.86722,0.6070399999999999,,,,,,,,,,,,,,dfn_s640M_bs_16384_mammut_ViT-S-16_ep25_lr0.001_b1_0.9_b2_0.95_wd0.2_w6000_gc1_n16_bs256_sigFalse_25,/p/data1/mmlaion/experiments/autoexp/jjitsev/logs/dfn_s640M_bs_16384_mammut_ViT-S-16_ep25_lr0.001_b1_0.9_b2_0.95_wd0.2_w6000_gc1_n16_bs256_sigFalse_epoch_25,ViT-S-16_mammut,640M,2
228,3344,40769,42102,mammut_ViT-S-16_s640M_dfn_2b_globalbs16384_lr0.002_b1_0.9_b2_0.95_sched_cosine_warmup6000_gpus64,25,25,1.0,0.90625,ViT-S-16,dfn_s640M_bs_16384_mammut_ViT-S-16_ep25_lr0.002_b1_0.9_b2_0.95_wd0.2_w6000_gc1_n16_bs256_sigFalse,/p/data1/mmlaion/experiments/autoexp/jjitsev/logs/dfn_s640M_bs_16384_mammut_ViT-S-16_ep25_lr0.002_b1_0.9_b2_0.95_wd0.2_w6000_gc1_n16_bs256_sigFalse/checkpoints/imagenet1k_epoch_25.pt_mammut_ViT-S-16_en_zeroshot_classification.json,/p/data1/mmlaion/experiments/autoexp/jjitsev/logs/dfn_s640M_bs_16384_mammut_ViT-S-16_ep25_lr0.002_b1_0.9_b2_0.95_wd0.2_w6000_gc1_n16_bs256_sigFalse,mammut_ViT-S-16,dfn_2b,imagenet1k,640000000,39062,25600000,13260800000.0,6.262805919485696,25,28386.282452830183,443.5356633254716,16384,64,zeroshot_classification,256,6000,0.002,cosine,NVIDIA-A100,0.95,0.9,84.79,21.81,62.83,20.72,0.95671,3.1624,mammut,similarity,400.81957884708453,,,,acc1,0.61518,0.61518,0.87108,0.6148,,,,,,,,,,,,,,dfn_s640M_bs_16384_mammut_ViT-S-16_ep25_lr0.002_b1_0.9_b2_0.95_wd0.2_w6000_gc1_n16_bs256_sigFalse_25,/p/data1/mmlaion/experiments/autoexp/jjitsev/logs/dfn_s640M_bs_16384_mammut_ViT-S-16_ep25_lr0.002_b1_0.9_b2_0.95_wd0.2_w6000_gc1_n16_bs256_sigFalse_epoch_25,ViT-S-16_mammut,640M,2
229,3345,40794,42127,mammut_ViT-S-16_s640M_dfn_2b_globalbs32800_lr0.001_b1_0.9_b2_0.95_sched_cosine_warmup6000_gpus80,25,25,1.0,0.90625,ViT-S-16,dfn_s640M_bs_32800_mammut_ViT-S-16_ep25_lr0.001_b1_0.9_b2_0.95_wd0.2_w6000_gc1_n20_bs410_sigFalse,/p/data1/mmlaion/experiments/autoexp/jjitsev/logs/dfn_s640M_bs_32800_mammut_ViT-S-16_ep25_lr0.001_b1_0.9_b2_0.95_wd0.2_w6000_gc1_n20_bs410_sigFalse/checkpoints/imagenet1k_epoch_25.pt_mammut_ViT-S-16_en_zeroshot_classification.json,/p/data1/mmlaion/experiments/autoexp/jjitsev/logs/dfn_s640M_bs_32800_mammut_ViT-S-16_ep25_lr0.001_b1_0.9_b2_0.95_wd0.2_w6000_gc1_n20_bs410_sigFalse,mammut_ViT-S-16,dfn_2b,imagenet1k,640000000,19512,25600000,13260800000.0,4.741941031850528,25,37490.50791304348,468.63134891304355,32800,80,zeroshot_classification,410,6000,0.001,cosine,NVIDIA-A100,0.95,0.9,84.79,21.81,62.83,20.72,1.44,3.3134,mammut,similarity,379.3552825480423,,,,acc1,0.5944,0.5944,0.8534,0.5944200000000001,,,,,,,,,,,,,,dfn_s640M_bs_32800_mammut_ViT-S-16_ep25_lr0.001_b1_0.9_b2_0.95_wd0.2_w6000_gc1_n20_bs410_sigFalse_25,/p/data1/mmlaion/experiments/autoexp/jjitsev/logs/dfn_s640M_bs_32800_mammut_ViT-S-16_ep25_lr0.001_b1_0.9_b2_0.95_wd0.2_w6000_gc1_n20_bs410_sigFalse_epoch_25,ViT-S-16_mammut,640M,2
230,3346,40819,42152,mammut_ViT-S-16_s640M_dfn_2b_globalbs32800_lr0.002_b1_0.9_b2_0.95_sched_cosine_warmup6000_gpus80,25,25,1.0,0.90625,ViT-S-16,dfn_s640M_bs_32800_mammut_ViT-S-16_ep25_lr0.002_b1_0.9_b2_0.95_wd0.2_w6000_gc1_n20_bs410_sigFalse,/p/data1/mmlaion/experiments/autoexp/jjitsev/logs/dfn_s640M_bs_32800_mammut_ViT-S-16_ep25_lr0.002_b1_0.9_b2_0.95_wd0.2_w6000_gc1_n20_bs410_sigFalse/checkpoints/imagenet1k_epoch_25.pt_mammut_ViT-S-16_en_zeroshot_classification.json,/p/data1/mmlaion/experiments/autoexp/jjitsev/logs/dfn_s640M_bs_32800_mammut_ViT-S-16_ep25_lr0.002_b1_0.9_b2_0.95_wd0.2_w6000_gc1_n20_bs410_sigFalse,mammut_ViT-S-16,dfn_2b,imagenet1k,640000000,19512,25600000,13260800000.0,4.774482377154082,25,37234.98459821429,465.4373074776786,32800,80,zeroshot_classification,410,6000,0.002,cosine,NVIDIA-A100,0.95,0.9,84.79,21.81,62.83,20.72,1.2999,3.2353,mammut,similarity,381.9585901723266,,,,acc1,0.61288,0.61288,0.86626,0.61298,,,,,,,,,,,,,,dfn_s640M_bs_32800_mammut_ViT-S-16_ep25_lr0.002_b1_0.9_b2_0.95_wd0.2_w6000_gc1_n20_bs410_sigFalse_25,/p/data1/mmlaion/experiments/autoexp/jjitsev/logs/dfn_s640M_bs_32800_mammut_ViT-S-16_ep25_lr0.002_b1_0.9_b2_0.95_wd0.2_w6000_gc1_n20_bs410_sigFalse_epoch_25,ViT-S-16_mammut,640M,2
231,3347,40844,42177,mammut_ViT-S-16_s640M_dfn_2b_globalbs45056_lr0.0015_b1_0.9_b2_0.95_sched_cosine_warmup4000_gpus128,25,25,1.0,0.90625,ViT-S-16,dfn_s640M_bs_45056_mammut_ViT-S-16_ep25_lr0.0015_b1_0.9_b2_0.95_wd0.2_w4000_gc1_n32_bs352_sigFalse,/p/data1/mmlaion/experiments/autoexp/jjitsev/logs/dfn_s640M_bs_45056_mammut_ViT-S-16_ep25_lr0.0015_b1_0.9_b2_0.95_wd0.2_w4000_gc1_n32_bs352_sigFalse/checkpoints/imagenet1k_epoch_25.pt_mammut_ViT-S-16_en_zeroshot_classification.json,/p/data1/mmlaion/experiments/autoexp/jjitsev/logs/dfn_s640M_bs_45056_mammut_ViT-S-16_ep25_lr0.0015_b1_0.9_b2_0.95_wd0.2_w4000_gc1_n32_bs352_sigFalse,mammut_ViT-S-16,dfn_2b,imagenet1k,640000000,14204,25600000,13260800000.0,3.0711849242961153,25,57885.72885057471,452.23225664511494,45056,128,zeroshot_classification,352,4000,0.0015,cosine,NVIDIA-A100,0.95,0.9,84.79,21.81,62.83,20.72,1.5394,3.2941,mammut,similarity,393.11167030990276,,,,acc1,0.60138,0.60138,0.85242,0.60132,,,,,,,,,,,,,,dfn_s640M_bs_45056_mammut_ViT-S-16_ep25_lr0.0015_b1_0.9_b2_0.95_wd0.2_w4000_gc1_n32_bs352_sigFalse_25,/p/data1/mmlaion/experiments/autoexp/jjitsev/logs/dfn_s640M_bs_45056_mammut_ViT-S-16_ep25_lr0.0015_b1_0.9_b2_0.95_wd0.2_w4000_gc1_n32_bs352_sigFalse_epoch_25,ViT-S-16_mammut,640M,2
232,3348,40869,42202,mammut_ViT-S-16_s640M_dfn_2b_globalbs45056_lr0.0015_b1_0.9_b2_0.95_sched_cosine_warmup6000_gpus128,25,25,1.0,0.90625,ViT-S-16,dfn_s640M_bs_45056_mammut_ViT-S-16_ep25_lr0.0015_b1_0.9_b2_0.95_wd0.2_w6000_gc1_n32_bs352_sigFalse,/p/data1/mmlaion/experiments/autoexp/jjitsev/logs/dfn_s640M_bs_45056_mammut_ViT-S-16_ep25_lr0.0015_b1_0.9_b2_0.95_wd0.2_w6000_gc1_n32_bs352_sigFalse/checkpoints/imagenet1k_epoch_25.pt_mammut_ViT-S-16_en_zeroshot_classification.json,/p/data1/mmlaion/experiments/autoexp/jjitsev/logs/dfn_s640M_bs_45056_mammut_ViT-S-16_ep25_lr0.0015_b1_0.9_b2_0.95_wd0.2_w6000_gc1_n32_bs352_sigFalse,mammut_ViT-S-16,dfn_2b,imagenet1k,640000000,14204,25600000,13260800000.0,3.058033701103242,25,58134.66925287356,454.1771035380747,45056,128,zeroshot_classification,352,6000,0.0015,cosine,NVIDIA-A100,0.95,0.9,84.79,21.81,62.83,20.72,1.5626,3.2946,mammut,similarity,391.428313741215,,,,acc1,0.59588,0.59588,0.855,0.59596,,,,,,,,,,,,,,dfn_s640M_bs_45056_mammut_ViT-S-16_ep25_lr0.0015_b1_0.9_b2_0.95_wd0.2_w6000_gc1_n32_bs352_sigFalse_25,/p/data1/mmlaion/experiments/autoexp/jjitsev/logs/dfn_s640M_bs_45056_mammut_ViT-S-16_ep25_lr0.0015_b1_0.9_b2_0.95_wd0.2_w6000_gc1_n32_bs352_sigFalse_epoch_25,ViT-S-16_mammut,640M,2
233,3349,40894,42227,mammut_ViT-S-16_s640M_dfn_2b_globalbs45056_lr0.001_b1_0.9_b2_0.95_sched_cosine_warmup4000_gpus128,25,25,1.0,0.90625,ViT-S-16,dfn_s640M_bs_45056_mammut_ViT-S-16_ep25_lr0.001_b1_0.9_b2_0.95_wd0.2_w4000_gc1_n32_bs352_sigFalse,/p/data1/mmlaion/experiments/autoexp/jjitsev/logs/dfn_s640M_bs_45056_mammut_ViT-S-16_ep25_lr0.001_b1_0.9_b2_0.95_wd0.2_w4000_gc1_n32_bs352_sigFalse/checkpoints/imagenet1k_epoch_25.pt_mammut_ViT-S-16_en_zeroshot_classification.json,/p/data1/mmlaion/experiments/autoexp/jjitsev/logs/dfn_s640M_bs_45056_mammut_ViT-S-16_ep25_lr0.001_b1_0.9_b2_0.95_wd0.2_w4000_gc1_n32_bs352_sigFalse,mammut_ViT-S-16,dfn_2b,imagenet1k,640000000,14204,25600000,13260800000.0,3.0785769321390504,25,57746.73873563218,451.1463963721264,45056,128,zeroshot_classification,352,4000,0.001,cosine,NVIDIA-A100,0.95,0.9,84.79,21.81,62.83,20.72,1.6113,3.3538,mammut,similarity,394.05784731379845,,,,acc1,0.57902,0.57902,0.84254,0.579,,,,,,,,,,,,,,dfn_s640M_bs_45056_mammut_ViT-S-16_ep25_lr0.001_b1_0.9_b2_0.95_wd0.2_w4000_gc1_n32_bs352_sigFalse_25,/p/data1/mmlaion/experiments/autoexp/jjitsev/logs/dfn_s640M_bs_45056_mammut_ViT-S-16_ep25_lr0.001_b1_0.9_b2_0.95_wd0.2_w4000_gc1_n32_bs352_sigFalse_epoch_25,ViT-S-16_mammut,640M,2
234,3350,40919,42252,mammut_ViT-S-16_s640M_dfn_2b_globalbs45056_lr0.001_b1_0.9_b2_0.95_sched_cosine_warmup6000_gpus128,25,25,1.0,0.90625,ViT-S-16,dfn_s640M_bs_45056_mammut_ViT-S-16_ep25_lr0.001_b1_0.9_b2_0.95_wd0.2_w6000_gc1_n32_bs352_sigFalse,/p/data1/mmlaion/experiments/autoexp/jjitsev/logs/dfn_s640M_bs_45056_mammut_ViT-S-16_ep25_lr0.001_b1_0.9_b2_0.95_wd0.2_w6000_gc1_n32_bs352_sigFalse/checkpoints/imagenet1k_epoch_25.pt_mammut_ViT-S-16_en_zeroshot_classification.json,/p/data1/mmlaion/experiments/autoexp/jjitsev/logs/dfn_s640M_bs_45056_mammut_ViT-S-16_ep25_lr0.001_b1_0.9_b2_0.95_wd0.2_w6000_gc1_n32_bs352_sigFalse,mammut_ViT-S-16,dfn_2b,imagenet1k,640000000,14204,25600000,13260800000.0,3.0812750653301206,25,57696.17252873563,450.7513478807471,45056,128,zeroshot_classification,352,6000,0.001,cosine,NVIDIA-A100,0.95,0.9,84.79,21.81,62.83,20.72,1.7652,3.359,mammut,similarity,394.40320836225544,,,,acc1,0.58068,0.58068,0.83946,0.5805,,,,,,,,,,,,,,dfn_s640M_bs_45056_mammut_ViT-S-16_ep25_lr0.001_b1_0.9_b2_0.95_wd0.2_w6000_gc1_n32_bs352_sigFalse_25,/p/data1/mmlaion/experiments/autoexp/jjitsev/logs/dfn_s640M_bs_45056_mammut_ViT-S-16_ep25_lr0.001_b1_0.9_b2_0.95_wd0.2_w6000_gc1_n32_bs352_sigFalse_epoch_25,ViT-S-16_mammut,640M,2
235,3351,40944,42277,mammut_ViT-S-16_s640M_dfn_2b_globalbs45056_lr0.002_b1_0.9_b2_0.95_sched_cosine_warmup4000_gpus128,25,25,1.0,0.90625,ViT-S-16,dfn_s640M_bs_45056_mammut_ViT-S-16_ep25_lr0.002_b1_0.9_b2_0.95_wd0.2_w4000_gc1_n32_bs352_sigFalse,/p/data1/mmlaion/experiments/autoexp/jjitsev/logs/dfn_s640M_bs_45056_mammut_ViT-S-16_ep25_lr0.002_b1_0.9_b2_0.95_wd0.2_w4000_gc1_n32_bs352_sigFalse/checkpoints/imagenet1k_epoch_25.pt_mammut_ViT-S-16_en_zeroshot_classification.json,/p/data1/mmlaion/experiments/autoexp/jjitsev/logs/dfn_s640M_bs_45056_mammut_ViT-S-16_ep25_lr0.002_b1_0.9_b2_0.95_wd0.2_w4000_gc1_n32_bs352_sigFalse,mammut_ViT-S-16,dfn_2b,imagenet1k,640000000,14204,25600000,13260800000.0,1.7705482892489075,25,100408.31919540229,784.4399937140804,45056,128,zeroshot_classification,352,4000,0.002,cosine,NVIDIA-H100,0.95,0.9,84.79,21.81,62.83,20.72,1.5456,3.2418,mammut,similarity,226.63018102386016,,,,acc1,0.60994,0.60994,0.86046,0.61036,,,,,,,,,,,,,,dfn_s640M_bs_45056_mammut_ViT-S-16_ep25_lr0.002_b1_0.9_b2_0.95_wd0.2_w4000_gc1_n32_bs352_sigFalse_25,/p/data1/mmlaion/experiments/autoexp/jjitsev/logs/dfn_s640M_bs_45056_mammut_ViT-S-16_ep25_lr0.002_b1_0.9_b2_0.95_wd0.2_w4000_gc1_n32_bs352_sigFalse_epoch_25,ViT-S-16_mammut,640M,2
236,3352,40969,42302,mammut_ViT-S-16_s640M_dfn_2b_globalbs45056_lr0.002_b1_0.9_b2_0.95_sched_cosine_warmup6000_gpus128,25,25,1.0,0.90625,ViT-S-16,dfn_s640M_bs_45056_mammut_ViT-S-16_ep25_lr0.002_b1_0.9_b2_0.95_wd0.2_w6000_gc1_n32_bs352_sigFalse,/p/data1/mmlaion/experiments/autoexp/jjitsev/logs/dfn_s640M_bs_45056_mammut_ViT-S-16_ep25_lr0.002_b1_0.9_b2_0.95_wd0.2_w6000_gc1_n32_bs352_sigFalse/checkpoints/imagenet1k_epoch_25.pt_mammut_ViT-S-16_en_zeroshot_classification.json,/p/data1/mmlaion/experiments/autoexp/jjitsev/logs/dfn_s640M_bs_45056_mammut_ViT-S-16_ep25_lr0.002_b1_0.9_b2_0.95_wd0.2_w6000_gc1_n32_bs352_sigFalse,mammut_ViT-S-16,dfn_2b,imagenet1k,640000000,14204,25600000,13260800000.0,3.061769569214914,25,58063.73528735632,453.62293193247126,45056,128,zeroshot_classification,352,6000,0.002,cosine,NVIDIA-A100,0.95,0.9,84.79,21.81,62.83,20.72,1.5196,3.2871,mammut,similarity,391.90650485950897,,,,acc1,0.60122,0.60122,0.85838,0.60112,,,,,,,,,,,,,,dfn_s640M_bs_45056_mammut_ViT-S-16_ep25_lr0.002_b1_0.9_b2_0.95_wd0.2_w6000_gc1_n32_bs352_sigFalse_25,/p/data1/mmlaion/experiments/autoexp/jjitsev/logs/dfn_s640M_bs_45056_mammut_ViT-S-16_ep25_lr0.002_b1_0.9_b2_0.95_wd0.2_w6000_gc1_n32_bs352_sigFalse_epoch_25,ViT-S-16_mammut,640M,2
237,3353,40994,42327,mammut_ViT-S-16_s640M_dfn_2b_globalbs8192_lr0.001_b1_0.9_b2_0.95_sched_cosine_warmup6000_gpus64,25,25,1.0,0.90625,ViT-S-16,dfn_s640M_bs_8192_mammut_ViT-S-16_ep25_lr0.001_b1_0.9_b2_0.95_wd0.2_w6000_gc1_n16_bs128_sigFalse,/p/data1/mmlaion/experiments/autoexp/jjitsev/logs/dfn_s640M_bs_8192_mammut_ViT-S-16_ep25_lr0.001_b1_0.9_b2_0.95_wd0.2_w6000_gc1_n16_bs128_sigFalse/checkpoints/imagenet1k_epoch_25.pt_mammut_ViT-S-16_en_zeroshot_classification.json,/p/data1/mmlaion/experiments/autoexp/jjitsev/logs/dfn_s640M_bs_8192_mammut_ViT-S-16_ep25_lr0.001_b1_0.9_b2_0.95_wd0.2_w6000_gc1_n16_bs128_sigFalse,mammut_ViT-S-16,dfn_2b,imagenet1k,640000000,78125,25600000,13260800000.0,7.767629435318508,25,22887.005521844658,357.6094612788228,8192,64,zeroshot_classification,128,6000,0.001,cosine,NVIDIA-A100,0.95,0.9,84.79,21.81,62.83,20.72,0.69132,3.105,mammut,similarity,497.1282838603845,,,,acc1,0.60658,0.60658,0.86804,0.60614,,,,,,,,,,,,,,dfn_s640M_bs_8192_mammut_ViT-S-16_ep25_lr0.001_b1_0.9_b2_0.95_wd0.2_w6000_gc1_n16_bs128_sigFalse_25,/p/data1/mmlaion/experiments/autoexp/jjitsev/logs/dfn_s640M_bs_8192_mammut_ViT-S-16_ep25_lr0.001_b1_0.9_b2_0.95_wd0.2_w6000_gc1_n16_bs128_sigFalse_epoch_25,ViT-S-16_mammut,640M,2
238,3354,41019,42352,mammut_ViT-S-16_s640M_dfn_2b_globalbs8192_lr0.002_b1_0.9_b2_0.95_sched_cosine_warmup6000_gpus64,25,25,1.0,0.90625,ViT-S-16,dfn_s640M_bs_8192_mammut_ViT-S-16_ep25_lr0.002_b1_0.9_b2_0.95_wd0.2_w6000_gc1_n16_bs128_sigFalse,/p/data1/mmlaion/experiments/autoexp/jjitsev/logs/dfn_s640M_bs_8192_mammut_ViT-S-16_ep25_lr0.002_b1_0.9_b2_0.95_wd0.2_w6000_gc1_n16_bs128_sigFalse/checkpoints/imagenet1k_epoch_25.pt_mammut_ViT-S-16_en_zeroshot_classification.json,/p/data1/mmlaion/experiments/autoexp/jjitsev/logs/dfn_s640M_bs_8192_mammut_ViT-S-16_ep25_lr0.002_b1_0.9_b2_0.95_wd0.2_w6000_gc1_n16_bs128_sigFalse,mammut_ViT-S-16,dfn_2b,imagenet1k,640000000,78125,25600000,13260800000.0,7.792366741773014,25,22814.349435679615,356.474209932494,8192,64,zeroshot_classification,128,6000,0.002,cosine,NVIDIA-A100,0.95,0.9,84.79,21.81,62.83,20.72,0.68535,3.1963,mammut,similarity,498.7114714734729,,,,acc1,0.60204,0.60204,0.86828,0.60166,,,,,,,,,,,,,,dfn_s640M_bs_8192_mammut_ViT-S-16_ep25_lr0.002_b1_0.9_b2_0.95_wd0.2_w6000_gc1_n16_bs128_sigFalse_25,/p/data1/mmlaion/experiments/autoexp/jjitsev/logs/dfn_s640M_bs_8192_mammut_ViT-S-16_ep25_lr0.002_b1_0.9_b2_0.95_wd0.2_w6000_gc1_n16_bs128_sigFalse_epoch_25,ViT-S-16_mammut,640M,2
239,3355,41044,42377,mammut_ViT-S-16_s640M_relaion2b-en_globalbs32768_lr0.002_b1_0.9_b2_0.95_sched_cosine_warmup4000_gpus128,25,25,1.0,0.90625,ViT-S-16,relaion_s640M_bs_32768_mammut_ViT-S-16_ep25_lr0.002_b1_0.9_b2_0.95_wd0.2_w4000_gc1_n32_bs256_sigFalse,/p/data1/mmlaion/experiments/autoexp/jjitsev/logs/relaion_s640M_bs_32768_mammut_ViT-S-16_ep25_lr0.002_b1_0.9_b2_0.95_wd0.2_w4000_gc1_n32_bs256_sigFalse/checkpoints/imagenet1k_epoch_25.pt_mammut_ViT-S-16_en_zeroshot_classification.json,/p/data1/mmlaion/experiments/autoexp/jjitsev/logs/relaion_s640M_bs_32768_mammut_ViT-S-16_ep25_lr0.002_b1_0.9_b2_0.95_wd0.2_w4000_gc1_n32_bs256_sigFalse,mammut_ViT-S-16,relaion2b-en,imagenet1k,640000000,19531,25600000,13260800000.0,3.4491491413269544,25,51542.502366071436,402.6757997349331,32768,128,zeroshot_classification,256,4000,0.002,cosine,NVIDIA-A100,0.95,0.9,84.79,21.81,62.83,20.72,1.0775,3.2367,mammut,similarity,441.49109008985016,,,,acc1,0.50004,0.50004,0.78428,0.5000600000000001,,,,,,,,,,,,,,relaion_s640M_bs_32768_mammut_ViT-S-16_ep25_lr0.002_b1_0.9_b2_0.95_wd0.2_w4000_gc1_n32_bs256_sigFalse_25,/p/data1/mmlaion/experiments/autoexp/jjitsev/logs/relaion_s640M_bs_32768_mammut_ViT-S-16_ep25_lr0.002_b1_0.9_b2_0.95_wd0.2_w4000_gc1_n32_bs256_sigFalse_epoch_25,ViT-S-16_mammut,640M,2
240,3405,41659,42992,mammut_ViT-S-32_s1.28B_datacomp_1b_globalbs90624_lr0.002_b1_0.9_b2_0.95_sched_cosine_warmup10000_gpus256,20,20,1.0,0.90625,ViT-S-32,datacomp_s1.28B_bs_90624_mammut_ViT-S-32_ep20_lr0.002_b1_0.9_b2_0.95_wd0.2_w10000_gc1_n64_bs354_sigFalse,/p/data1/mmlaion/experiments/autoexp/jjitsev/logs/datacomp_s1.28B_bs_90624_mammut_ViT-S-32_ep20_lr0.002_b1_0.9_b2_0.95_wd0.2_w10000_gc1_n64_bs354_sigFalse/checkpoints/imagenet1k_epoch_20.pt_mammut_ViT-S-32_en_zeroshot_classification.json,/p/data1/mmlaion/experiments/autoexp/jjitsev/logs/datacomp_s1.28B_bs_90624_mammut_ViT-S-32_ep20_lr0.002_b1_0.9_b2_0.95_wd0.2_w10000_gc1_n64_bs354_sigFalse,mammut_ViT-S-32,datacomp_1b,imagenet1k,1280000000,14124,64000000,17804800000.0,2.5274041159930305,20,140680.13631284915,549.531782472067,90624,256,zeroshot_classification,354,10000,0.002,cosine,NVIDIA-A100,0.95,0.9,85.62,22.64,62.83,13.91,2.4635,3.5096,mammut,similarity,647.0154536942158,,,,acc1,0.5038,0.5038,0.77714,0.5036400000000001,,,,,,,,,,,,,,datacomp_s1.28B_bs_90624_mammut_ViT-S-32_ep20_lr0.002_b1_0.9_b2_0.95_wd0.2_w10000_gc1_n64_bs354_sigFalse_20,/p/data1/mmlaion/experiments/autoexp/jjitsev/logs/datacomp_s1.28B_bs_90624_mammut_ViT-S-32_ep20_lr0.002_b1_0.9_b2_0.95_wd0.2_w10000_gc1_n64_bs354_sigFalse_epoch_20,ViT-S-32_mammut,1.28B,2
241,3406,41679,43012,mammut_ViT-S-32_s1.28B_datacomp_1b_globalbs90624_lr0.002_b1_0.9_b2_0.95_sched_cosine_warmup4000_gpus256,20,20,1.0,0.90625,ViT-S-32,datacomp_s1.28B_bs_90624_mammut_ViT-S-32_ep20_lr0.002_b1_0.9_b2_0.95_wd0.2_w4000_gc1_n64_bs354_sigFalse,/p/data1/mmlaion/experiments/autoexp/jjitsev/logs/datacomp_s1.28B_bs_90624_mammut_ViT-S-32_ep20_lr0.002_b1_0.9_b2_0.95_wd0.2_w4000_gc1_n64_bs354_sigFalse/checkpoints/imagenet1k_epoch_20.pt_mammut_ViT-S-32_en_zeroshot_classification.json,/p/data1/mmlaion/experiments/autoexp/jjitsev/logs/datacomp_s1.28B_bs_90624_mammut_ViT-S-32_ep20_lr0.002_b1_0.9_b2_0.95_wd0.2_w4000_gc1_n64_bs354_sigFalse,mammut_ViT-S-32,datacomp_1b,imagenet1k,1280000000,14124,64000000,17804800000.0,2.5263938391465692,20,140736.39273743017,549.7515341305866,90624,256,zeroshot_classification,354,4000,0.002,cosine,NVIDIA-A100,0.95,0.9,85.62,22.64,62.83,13.91,2.3809,3.4962,mammut,similarity,646.7568228215217,,,,acc1,0.5142,0.5142,0.78628,0.51418,,,,,,,,,,,,,,datacomp_s1.28B_bs_90624_mammut_ViT-S-32_ep20_lr0.002_b1_0.9_b2_0.95_wd0.2_w4000_gc1_n64_bs354_sigFalse_20,/p/data1/mmlaion/experiments/autoexp/jjitsev/logs/datacomp_s1.28B_bs_90624_mammut_ViT-S-32_ep20_lr0.002_b1_0.9_b2_0.95_wd0.2_w4000_gc1_n64_bs354_sigFalse_epoch_20,ViT-S-32_mammut,1.28B,2
242,3407,41699,43032,mammut_ViT-S-32_s1.28B_datacomp_1b_globalbs90624_lr0.002_b1_0.9_b2_0.95_sched_cosine_warmup6000_gpus256,20,20,1.0,0.90625,ViT-S-32,datacomp_s1.28B_bs_90624_mammut_ViT-S-32_ep20_lr0.002_b1_0.9_b2_0.95_wd0.2_w6000_gc1_n64_bs354_sigFalse,/p/data1/mmlaion/experiments/autoexp/jjitsev/logs/datacomp_s1.28B_bs_90624_mammut_ViT-S-32_ep20_lr0.002_b1_0.9_b2_0.95_wd0.2_w6000_gc1_n64_bs354_sigFalse/checkpoints/imagenet1k_epoch_20.pt_mammut_ViT-S-32_en_zeroshot_classification.json,/p/data1/mmlaion/experiments/autoexp/jjitsev/logs/datacomp_s1.28B_bs_90624_mammut_ViT-S-32_ep20_lr0.002_b1_0.9_b2_0.95_wd0.2_w6000_gc1_n64_bs354_sigFalse,mammut_ViT-S-32,datacomp_1b,imagenet1k,1280000000,14124,64000000,17804800000.0,2.5227953042881555,20,140937.1402234637,550.5357039979051,90624,256,zeroshot_classification,354,6000,0.002,cosine,NVIDIA-A100,0.95,0.9,85.62,22.64,62.83,13.91,2.4285,3.4644,mammut,similarity,645.8355978977678,,,,acc1,0.51408,0.51408,0.78526,0.5144000000000001,,,,,,,,,,,,,,datacomp_s1.28B_bs_90624_mammut_ViT-S-32_ep20_lr0.002_b1_0.9_b2_0.95_wd0.2_w6000_gc1_n64_bs354_sigFalse_20,/p/data1/mmlaion/experiments/autoexp/jjitsev/logs/datacomp_s1.28B_bs_90624_mammut_ViT-S-32_ep20_lr0.002_b1_0.9_b2_0.95_wd0.2_w6000_gc1_n64_bs354_sigFalse_epoch_20,ViT-S-32_mammut,1.28B,2
243,3534,43545,44878,mammut_ViT-S-32_s300M_dfn_2b_globalbs16384_lr0.002_b1_0.9_b2_0.95_sched_cosine_warmup4000_gpus64,24,24,1.0,0.90625,ViT-S-32,dfn_s300M_bs_16384_mammut_ViT-S-32_ep24_lr0.002_b1_0.9_b2_0.95_wd0.2_w4000_gc1_n16_bs256_sigFalse,/p/data1/mmlaion/experiments/autoexp/jjitsev/logs/dfn_s300M_bs_16384_mammut_ViT-S-32_ep24_lr0.002_b1_0.9_b2_0.95_wd0.2_w4000_gc1_n16_bs256_sigFalse/checkpoints/imagenet1k_epoch_24.pt_mammut_ViT-S-32_en_zeroshot_classification.json,/p/data1/mmlaion/experiments/autoexp/jjitsev/logs/dfn_s300M_bs_16384_mammut_ViT-S-32_ep24_lr0.002_b1_0.9_b2_0.95_wd0.2_w4000_gc1_n16_bs256_sigFalse,mammut_ViT-S-32,dfn_2b,imagenet1k,307200000,18750,12800000,4273152000.0000005,2.5366269786581066,24,33640.47376744186,525.632402616279,16384,64,zeroshot_classification,256,4000,0.002,cosine,NVIDIA-A100,0.95,0.9,85.62,22.64,62.83,13.91,1.5636,3.3418,mammut,similarity,162.34412663411882,,,,acc1,0.50104,0.50104,0.77492,0.50086,,,,,,,,,,,,,,dfn_s300M_bs_16384_mammut_ViT-S-32_ep24_lr0.002_b1_0.9_b2_0.95_wd0.2_w4000_gc1_n16_bs256_sigFalse_24,/p/data1/mmlaion/experiments/autoexp/jjitsev/logs/dfn_s300M_bs_16384_mammut_ViT-S-32_ep24_lr0.002_b1_0.9_b2_0.95_wd0.2_w4000_gc1_n16_bs256_sigFalse_epoch_24,ViT-S-32_mammut,300M,2
244,3577,44171,45504,mammut_ViT-S-32_s3B_datacomp_1b_globalbs90624_lr0.002_b1_0.9_b2_0.95_sched_cosine_warmup4000_gpus256,48,48,1.0,0.90625,ViT-S-32,datacomp_s3B_bs_90624_mammut_ViT-S-32_ep48_lr0.002_b1_0.9_b2_0.95_wd0.2_w4000_gc1_n64_bs354_sigFalse,/p/data1/mmlaion/experiments/autoexp/jjitsev/logs/datacomp_s3B_bs_90624_mammut_ViT-S-32_ep48_lr0.002_b1_0.9_b2_0.95_wd0.2_w4000_gc1_n64_bs354_sigFalse/checkpoints/imagenet1k_epoch_48.pt_mammut_ViT-S-32_en_zeroshot_classification.json,/p/data1/mmlaion/experiments/autoexp/jjitsev/logs/datacomp_s3B_bs_90624_mammut_ViT-S-32_ep48_lr0.002_b1_0.9_b2_0.95_wd0.2_w4000_gc1_n64_bs354_sigFalse,mammut_ViT-S-32,datacomp_1b,imagenet1k,3072000000,33898,64000000,42731520000.00001,6.141359378476886,48,138948.60742459397,542.7679977523202,90624,256,zeroshot_classification,354,4000,0.002,cosine,NVIDIA-A100,0.95,0.9,85.62,22.64,62.83,13.91,1.7977,3.295,mammut,similarity,1572.1880008900828,,,,acc1,0.56516,0.56516,0.821,0.5656200000000001,,,,,,,,,,,,,,datacomp_s3B_bs_90624_mammut_ViT-S-32_ep48_lr0.002_b1_0.9_b2_0.95_wd0.2_w4000_gc1_n64_bs354_sigFalse_48,/p/data1/mmlaion/experiments/autoexp/jjitsev/logs/datacomp_s3B_bs_90624_mammut_ViT-S-32_ep48_lr0.002_b1_0.9_b2_0.95_wd0.2_w4000_gc1_n64_bs354_sigFalse_epoch_48,ViT-S-32_mammut,3B,5
245,3579,44267,45600,mammut_ViT-S-32_s3B_relaion2b-en_globalbs32768_lr0.0015_b1_0.9_b2_0.95_sched_cosine_warmup10000_gpus128,48,48,1.0,0.90625,ViT-S-32,relaion_s3B_bs_32768_mammut_ViT-S-32_ep48_lr0.0015_b1_0.9_b2_0.95_wd0.2_w10000_gc1_n32_bs256_sigFalse,/p/data1/mmlaion/experiments/autoexp/jjitsev/leonardo_logs/relaion_s3B_bs_32768_mammut_ViT-S-32_ep48_lr0.0015_b1_0.9_b2_0.95_wd0.2_w10000_gc1_n32_bs256_sigFalse/checkpoints/imagenet1k_epoch_48.pt_mammut_ViT-S-32_en_zeroshot_classification.json,/p/data1/mmlaion/experiments/autoexp/jjitsev/leonardo_logs/relaion_s3B_bs_32768_mammut_ViT-S-32_ep48_lr0.0015_b1_0.9_b2_0.95_wd0.2_w10000_gc1_n32_bs256_sigFalse,mammut_ViT-S-32,relaion2b-en,imagenet1k,3072000000,93750,64000000,42731520000.00001,15.069226731050895,48,56627.546228035535,442.4027049065276,32768,128,zeroshot_classification,256,10000,0.0015,cosine,NVIDIA-A100,0.95,0.9,85.62,22.64,62.83,13.91,1.0319,3.1699,mammut,similarity,1928.8610215745146,,,,acc1,0.50592,0.50592,0.78434,0.50574,,,,,,,,,,,,,,relaion_s3B_bs_32768_mammut_ViT-S-32_ep48_lr0.0015_b1_0.9_b2_0.95_wd0.2_w10000_gc1_n32_bs256_sigFalse_48,/p/data1/mmlaion/experiments/autoexp/jjitsev/leonardo_logs/relaion_s3B_bs_32768_mammut_ViT-S-32_ep48_lr0.0015_b1_0.9_b2_0.95_wd0.2_w10000_gc1_n32_bs256_sigFalse_epoch_48,ViT-S-32_mammut,3B,5
246,3580,44315,45648,mammut_ViT-S-32_s3B_relaion2b-en_globalbs65536_lr0.002_b1_0.9_b2_0.95_sched_cosine_warmup10000_gpus128,48,48,1.0,0.90625,ViT-S-32,relaion_s3B_bs_65536_mammut_ViT-S-32_ep48_lr0.002_b1_0.9_b2_0.95_wd0.2_w10000_gc1_n32_bs512_sigFalse,/p/data1/mmlaion/experiments/autoexp/jjitsev/leonardo_logs/relaion_s3B_bs_65536_mammut_ViT-S-32_ep48_lr0.002_b1_0.9_b2_0.95_wd0.2_w10000_gc1_n32_bs512_sigFalse/checkpoints/imagenet1k_epoch_48.pt_mammut_ViT-S-32_en_zeroshot_classification.json,/p/data1/mmlaion/experiments/autoexp/jjitsev/leonardo_logs/relaion_s3B_bs_65536_mammut_ViT-S-32_ep48_lr0.002_b1_0.9_b2_0.95_wd0.2_w10000_gc1_n32_bs512_sigFalse,mammut_ViT-S-32,relaion2b-en,imagenet1k,3072000000,46875,64000000,42731520000.00001,12.648757892453265,48,67463.80479323308,527.0609749471334,65536,128,zeroshot_classification,512,10000,0.002,cosine,NVIDIA-A100,0.95,0.9,85.62,22.64,62.83,13.91,1.3317,3.2041,mammut,similarity,1619.041010234018,,,,acc1,0.50864,0.50864,0.78468,0.50842,,,,,,,,,,,,,,relaion_s3B_bs_65536_mammut_ViT-S-32_ep48_lr0.002_b1_0.9_b2_0.95_wd0.2_w10000_gc1_n32_bs512_sigFalse_48,/p/data1/mmlaion/experiments/autoexp/jjitsev/leonardo_logs/relaion_s3B_bs_65536_mammut_ViT-S-32_ep48_lr0.002_b1_0.9_b2_0.95_wd0.2_w10000_gc1_n32_bs512_sigFalse_epoch_48,ViT-S-32_mammut,3B,5
247,3581,44363,45696,mammut_ViT-S-32_s3B_relaion2b-en_globalbs90112_lr0.002_b1_0.9_b2_0.95_sched_cosine_warmup6000_gpus176,48,48,1.0,0.90625,ViT-S-32,relaion_s3B_bs_90112_mammut_ViT-S-32_ep48_lr0.002_b1_0.9_b2_0.95_wd0.2_w6000_gc1_n44_bs512_sigFalse,/p/data1/mmlaion/experiments/autoexp/jjitsev/leonardo_logs/relaion_s3B_bs_90112_mammut_ViT-S-32_ep48_lr0.002_b1_0.9_b2_0.95_wd0.2_w6000_gc1_n44_bs512_sigFalse/checkpoints/imagenet1k_epoch_48.pt_mammut_ViT-S-32_en_zeroshot_classification.json,/p/data1/mmlaion/experiments/autoexp/jjitsev/leonardo_logs/relaion_s3B_bs_90112_mammut_ViT-S-32_ep48_lr0.002_b1_0.9_b2_0.95_wd0.2_w6000_gc1_n44_bs512_sigFalse,mammut_ViT-S-32,relaion2b-en,imagenet1k,3072000000,34090,64000000,42731520000.00001,9.658380895878057,48,88351.59252183908,501.99768478317657,90112,176,zeroshot_classification,512,6000,0.002,cosine,NVIDIA-A100,0.95,0.9,85.62,22.64,62.83,13.91,1.4268,3.2048,mammut,similarity,1699.8750376745381,,,,acc1,0.5107,0.5107,0.78512,0.5104,,,,,,,,,,,,,,relaion_s3B_bs_90112_mammut_ViT-S-32_ep48_lr0.002_b1_0.9_b2_0.95_wd0.2_w6000_gc1_n44_bs512_sigFalse_48,/p/data1/mmlaion/experiments/autoexp/jjitsev/leonardo_logs/relaion_s3B_bs_90112_mammut_ViT-S-32_ep48_lr0.002_b1_0.9_b2_0.95_wd0.2_w6000_gc1_n44_bs512_sigFalse_epoch_48,ViT-S-32_mammut,3B,5
248,3647,45115,46448,mammut_ViT-S-32_s640M_datacomp_1b_globalbs16384_lr0.0015_b1_0.9_b2_0.95_sched_cosine_warmup4000_gpus64,25,25,1.0,0.90625,ViT-S-32,datacomp_s640M_bs_16384_mammut_ViT-S-32_ep25_lr0.0015_b1_0.9_b2_0.95_wd0.2_w4000_gc1_n16_bs256_sigFalse,/p/data1/mmlaion/experiments/autoexp/jjitsev/logs/datacomp_s640M_bs_16384_mammut_ViT-S-32_ep25_lr0.0015_b1_0.9_b2_0.95_wd0.2_w4000_gc1_n16_bs256_sigFalse/checkpoints/imagenet1k_epoch_25.pt_mammut_ViT-S-32_en_zeroshot_classification.json,/p/data1/mmlaion/experiments/autoexp/jjitsev/logs/datacomp_s640M_bs_16384_mammut_ViT-S-32_ep25_lr0.0015_b1_0.9_b2_0.95_wd0.2_w4000_gc1_n16_bs256_sigFalse,mammut_ViT-S-32,datacomp_1b,imagenet1k,640000000,39062,25600000,8902400000.0,5.0938760631456965,25,34900.29509433962,545.3171108490566,16384,64,zeroshot_classification,256,4000,0.0015,cosine,NVIDIA-A100,0.95,0.9,85.62,22.64,62.83,13.91,1.4342,3.4107,mammut,similarity,326.0080680413246,,,,acc1,0.502,0.502,0.78046,0.5020800000000001,,,,,,,,,,,,,,datacomp_s640M_bs_16384_mammut_ViT-S-32_ep25_lr0.0015_b1_0.9_b2_0.95_wd0.2_w4000_gc1_n16_bs256_sigFalse_25,/p/data1/mmlaion/experiments/autoexp/jjitsev/logs/datacomp_s640M_bs_16384_mammut_ViT-S-32_ep25_lr0.0015_b1_0.9_b2_0.95_wd0.2_w4000_gc1_n16_bs256_sigFalse_epoch_25,ViT-S-32_mammut,640M,2
249,3651,45215,46548,mammut_ViT-S-32_s640M_datacomp_1b_globalbs16384_lr0.002_b1_0.9_b2_0.95_sched_cosine_warmup4000_gpus64,25,25,1.0,0.90625,ViT-S-32,datacomp_s640M_bs_16384_mammut_ViT-S-32_ep25_lr0.002_b1_0.9_b2_0.95_wd0.2_w4000_gc1_n16_bs256_sigFalse,/p/data1/mmlaion/experiments/autoexp/jjitsev/logs/datacomp_s640M_bs_16384_mammut_ViT-S-32_ep25_lr0.002_b1_0.9_b2_0.95_wd0.2_w4000_gc1_n16_bs256_sigFalse/checkpoints/imagenet1k_epoch_25.pt_mammut_ViT-S-32_en_zeroshot_classification.json,/p/data1/mmlaion/experiments/autoexp/jjitsev/logs/datacomp_s640M_bs_16384_mammut_ViT-S-32_ep25_lr0.002_b1_0.9_b2_0.95_wd0.2_w4000_gc1_n16_bs256_sigFalse,mammut_ViT-S-32,datacomp_1b,imagenet1k,640000000,39062,25600000,8902400000.0,5.094533551801351,25,34895.79094339623,545.246733490566,16384,64,zeroshot_classification,256,4000,0.002,cosine,NVIDIA-A100,0.95,0.9,85.62,22.64,62.83,13.91,1.4303,3.3827,mammut,similarity,326.05014731528644,,,,acc1,0.50264,0.50264,0.77926,0.5026200000000001,,,,,,,,,,,,,,datacomp_s640M_bs_16384_mammut_ViT-S-32_ep25_lr0.002_b1_0.9_b2_0.95_wd0.2_w4000_gc1_n16_bs256_sigFalse_25,/p/data1/mmlaion/experiments/autoexp/jjitsev/logs/datacomp_s640M_bs_16384_mammut_ViT-S-32_ep25_lr0.002_b1_0.9_b2_0.95_wd0.2_w4000_gc1_n16_bs256_sigFalse_epoch_25,ViT-S-32_mammut,640M,2
250,3657,45365,46698,mammut_ViT-S-32_s640M_datacomp_1b_globalbs32800_lr0.002_b1_0.9_b2_0.95_sched_cosine_warmup4000_gpus80,25,25,1.0,0.90625,ViT-S-32,datacomp_s640M_bs_32800_mammut_ViT-S-32_ep25_lr0.002_b1_0.9_b2_0.95_wd0.2_w4000_gc1_n20_bs410_sigFalse,/p/data1/mmlaion/experiments/autoexp/jjitsev/logs/datacomp_s640M_bs_32800_mammut_ViT-S-32_ep25_lr0.002_b1_0.9_b2_0.95_wd0.2_w4000_gc1_n20_bs410_sigFalse/checkpoints/imagenet1k_epoch_25.pt_mammut_ViT-S-32_en_zeroshot_classification.json,/p/data1/mmlaion/experiments/autoexp/jjitsev/logs/datacomp_s640M_bs_32800_mammut_ViT-S-32_ep25_lr0.002_b1_0.9_b2_0.95_wd0.2_w4000_gc1_n20_bs410_sigFalse,mammut_ViT-S-32,datacomp_1b,imagenet1k,640000000,19512,25600000,8902400000.0,3.7595921814270583,25,47286.45267857144,591.080658482143,32800,80,zeroshot_classification,410,4000,0.002,cosine,NVIDIA-A100,0.95,0.9,85.62,22.64,62.83,13.91,1.9335,3.4125,mammut,similarity,300.76737451416466,,,,acc1,0.50028,0.50028,0.77364,0.50068,,,,,,,,,,,,,,datacomp_s640M_bs_32800_mammut_ViT-S-32_ep25_lr0.002_b1_0.9_b2_0.95_wd0.2_w4000_gc1_n20_bs410_sigFalse_25,/p/data1/mmlaion/experiments/autoexp/jjitsev/logs/datacomp_s640M_bs_32800_mammut_ViT-S-32_ep25_lr0.002_b1_0.9_b2_0.95_wd0.2_w4000_gc1_n20_bs410_sigFalse_epoch_25,ViT-S-32_mammut,640M,2
251,3664,45540,46873,mammut_ViT-S-32_s640M_dfn_2b_globalbs16384_lr0.001_b1_0.9_b2_0.95_sched_cosine_warmup6000_gpus64,25,25,1.0,0.90625,ViT-S-32,dfn_s640M_bs_16384_mammut_ViT-S-32_ep25_lr0.001_b1_0.9_b2_0.95_wd0.2_w6000_gc1_n16_bs256_sigFalse,/p/data1/mmlaion/experiments/autoexp/jjitsev/logs/dfn_s640M_bs_16384_mammut_ViT-S-32_ep25_lr0.001_b1_0.9_b2_0.95_wd0.2_w6000_gc1_n16_bs256_sigFalse/checkpoints/imagenet1k_epoch_25.pt_mammut_ViT-S-32_en_zeroshot_classification.json,/p/data1/mmlaion/experiments/autoexp/jjitsev/logs/dfn_s640M_bs_16384_mammut_ViT-S-32_ep25_lr0.001_b1_0.9_b2_0.95_wd0.2_w6000_gc1_n16_bs256_sigFalse,mammut_ViT-S-32,dfn_2b,imagenet1k,640000000,39062,25600000,8902400000.0,5.121096503790482,25,34714.78767216981,542.4185573776533,16384,64,zeroshot_classification,256,6000,0.001,cosine,NVIDIA-A100,0.95,0.9,85.62,22.64,62.83,13.91,1.2975,3.3248,mammut,similarity,327.75017624259084,,,,acc1,0.54504,0.54504,0.81648,0.5448599999999999,,,,,,,,,,,,,,dfn_s640M_bs_16384_mammut_ViT-S-32_ep25_lr0.001_b1_0.9_b2_0.95_wd0.2_w6000_gc1_n16_bs256_sigFalse_25,/p/data1/mmlaion/experiments/autoexp/jjitsev/logs/dfn_s640M_bs_16384_mammut_ViT-S-32_ep25_lr0.001_b1_0.9_b2_0.95_wd0.2_w6000_gc1_n16_bs256_sigFalse_epoch_25,ViT-S-32_mammut,640M,2
252,3665,45565,46898,mammut_ViT-S-32_s640M_dfn_2b_globalbs16384_lr0.002_b1_0.9_b2_0.95_sched_cosine_warmup6000_gpus64,25,25,1.0,0.90625,ViT-S-32,dfn_s640M_bs_16384_mammut_ViT-S-32_ep25_lr0.002_b1_0.9_b2_0.95_wd0.2_w6000_gc1_n16_bs256_sigFalse,/p/data1/mmlaion/experiments/autoexp/jjitsev/logs/dfn_s640M_bs_16384_mammut_ViT-S-32_ep25_lr0.002_b1_0.9_b2_0.95_wd0.2_w6000_gc1_n16_bs256_sigFalse/checkpoints/imagenet1k_epoch_25.pt_mammut_ViT-S-32_en_zeroshot_classification.json,/p/data1/mmlaion/experiments/autoexp/jjitsev/logs/dfn_s640M_bs_16384_mammut_ViT-S-32_ep25_lr0.002_b1_0.9_b2_0.95_wd0.2_w6000_gc1_n16_bs256_sigFalse,mammut_ViT-S-32,dfn_2b,imagenet1k,640000000,39062,25600000,8902400000.0,5.131324175025155,25,34645.5947264151,541.3374176002359,16384,64,zeroshot_classification,256,6000,0.002,cosine,NVIDIA-A100,0.95,0.9,85.62,22.64,62.83,13.91,1.2614,3.2905,mammut,similarity,328.4047472016099,,,,acc1,0.54696,0.54696,0.82,0.5466,,,,,,,,,,,,,,dfn_s640M_bs_16384_mammut_ViT-S-32_ep25_lr0.002_b1_0.9_b2_0.95_wd0.2_w6000_gc1_n16_bs256_sigFalse_25,/p/data1/mmlaion/experiments/autoexp/jjitsev/logs/dfn_s640M_bs_16384_mammut_ViT-S-32_ep25_lr0.002_b1_0.9_b2_0.95_wd0.2_w6000_gc1_n16_bs256_sigFalse_epoch_25,ViT-S-32_mammut,640M,2
253,3666,45590,46923,mammut_ViT-S-32_s640M_dfn_2b_globalbs32800_lr0.001_b1_0.9_b2_0.95_sched_cosine_warmup6000_gpus80,25,25,1.0,0.90625,ViT-S-32,dfn_s640M_bs_32800_mammut_ViT-S-32_ep25_lr0.001_b1_0.9_b2_0.95_wd0.2_w6000_gc1_n20_bs410_sigFalse,/p/data1/mmlaion/experiments/autoexp/jjitsev/logs/dfn_s640M_bs_32800_mammut_ViT-S-32_ep25_lr0.001_b1_0.9_b2_0.95_wd0.2_w6000_gc1_n20_bs410_sigFalse/checkpoints/imagenet1k_epoch_25.pt_mammut_ViT-S-32_en_zeroshot_classification.json,/p/data1/mmlaion/experiments/autoexp/jjitsev/logs/dfn_s640M_bs_32800_mammut_ViT-S-32_ep25_lr0.001_b1_0.9_b2_0.95_wd0.2_w6000_gc1_n20_bs410_sigFalse,mammut_ViT-S-32,dfn_2b,imagenet1k,640000000,19512,25600000,8902400000.0,3.785881688233607,25,46958.091250000005,586.9761406250001,32800,80,zeroshot_classification,410,6000,0.001,cosine,NVIDIA-A100,0.95,0.9,85.62,22.64,62.83,13.91,1.9091,3.3863,mammut,similarity,302.8705350586886,,,,acc1,0.52604,0.52604,0.799,0.5258800000000001,,,,,,,,,,,,,,dfn_s640M_bs_32800_mammut_ViT-S-32_ep25_lr0.001_b1_0.9_b2_0.95_wd0.2_w6000_gc1_n20_bs410_sigFalse_25,/p/data1/mmlaion/experiments/autoexp/jjitsev/logs/dfn_s640M_bs_32800_mammut_ViT-S-32_ep25_lr0.001_b1_0.9_b2_0.95_wd0.2_w6000_gc1_n20_bs410_sigFalse_epoch_25,ViT-S-32_mammut,640M,2
254,3667,45615,46948,mammut_ViT-S-32_s640M_dfn_2b_globalbs32800_lr0.002_b1_0.9_b2_0.95_sched_cosine_warmup6000_gpus80,25,25,1.0,0.90625,ViT-S-32,dfn_s640M_bs_32800_mammut_ViT-S-32_ep25_lr0.002_b1_0.9_b2_0.95_wd0.2_w6000_gc1_n20_bs410_sigFalse,/p/data1/mmlaion/experiments/autoexp/jjitsev/logs/dfn_s640M_bs_32800_mammut_ViT-S-32_ep25_lr0.002_b1_0.9_b2_0.95_wd0.2_w6000_gc1_n20_bs410_sigFalse/checkpoints/imagenet1k_epoch_25.pt_mammut_ViT-S-32_en_zeroshot_classification.json,/p/data1/mmlaion/experiments/autoexp/jjitsev/logs/dfn_s640M_bs_32800_mammut_ViT-S-32_ep25_lr0.002_b1_0.9_b2_0.95_wd0.2_w6000_gc1_n20_bs410_sigFalse,mammut_ViT-S-32,dfn_2b,imagenet1k,640000000,19512,25600000,8902400000.0,3.755566257410457,25,47337.14321428571,591.7142901785713,32800,80,zeroshot_classification,410,6000,0.002,cosine,NVIDIA-A100,0.95,0.9,85.62,22.64,62.83,13.91,1.7026,3.3019,mammut,similarity,300.44530059283653,,,,acc1,0.54346,0.54346,0.81108,0.54344,,,,,,,,,,,,,,dfn_s640M_bs_32800_mammut_ViT-S-32_ep25_lr0.002_b1_0.9_b2_0.95_wd0.2_w6000_gc1_n20_bs410_sigFalse_25,/p/data1/mmlaion/experiments/autoexp/jjitsev/logs/dfn_s640M_bs_32800_mammut_ViT-S-32_ep25_lr0.002_b1_0.9_b2_0.95_wd0.2_w6000_gc1_n20_bs410_sigFalse_epoch_25,ViT-S-32_mammut,640M,2
255,3668,45640,46973,mammut_ViT-S-32_s640M_dfn_2b_globalbs45056_lr0.0015_b1_0.9_b2_0.95_sched_cosine_warmup4000_gpus128,25,25,1.0,0.90625,ViT-S-32,dfn_s640M_bs_45056_mammut_ViT-S-32_ep25_lr0.0015_b1_0.9_b2_0.95_wd0.2_w4000_gc1_n32_bs352_sigFalse,/p/data1/mmlaion/experiments/autoexp/jjitsev/logs/dfn_s640M_bs_45056_mammut_ViT-S-32_ep25_lr0.0015_b1_0.9_b2_0.95_wd0.2_w4000_gc1_n32_bs352_sigFalse/checkpoints/imagenet1k_epoch_25.pt_mammut_ViT-S-32_en_zeroshot_classification.json,/p/data1/mmlaion/experiments/autoexp/jjitsev/logs/dfn_s640M_bs_45056_mammut_ViT-S-32_ep25_lr0.0015_b1_0.9_b2_0.95_wd0.2_w4000_gc1_n32_bs352_sigFalse,mammut_ViT-S-32,dfn_2b,imagenet1k,640000000,14204,25600000,8902400000.0,2.46293375466826,25,72181.30712643679,563.9164619252874,45056,128,zeroshot_classification,352,4000,0.0015,cosine,NVIDIA-A100,0.95,0.9,85.62,22.64,62.83,13.91,2.0664,3.3631,mammut,similarity,315.25552059753727,,,,acc1,0.5312,0.5312,0.79782,0.5313799999999999,,,,,,,,,,,,,,dfn_s640M_bs_45056_mammut_ViT-S-32_ep25_lr0.0015_b1_0.9_b2_0.95_wd0.2_w4000_gc1_n32_bs352_sigFalse_25,/p/data1/mmlaion/experiments/autoexp/jjitsev/logs/dfn_s640M_bs_45056_mammut_ViT-S-32_ep25_lr0.0015_b1_0.9_b2_0.95_wd0.2_w4000_gc1_n32_bs352_sigFalse_epoch_25,ViT-S-32_mammut,640M,2
256,3669,45665,46998,mammut_ViT-S-32_s640M_dfn_2b_globalbs45056_lr0.0015_b1_0.9_b2_0.95_sched_cosine_warmup6000_gpus128,25,25,1.0,0.90625,ViT-S-32,dfn_s640M_bs_45056_mammut_ViT-S-32_ep25_lr0.0015_b1_0.9_b2_0.95_wd0.2_w6000_gc1_n32_bs352_sigFalse,/p/data1/mmlaion/experiments/autoexp/jjitsev/logs/dfn_s640M_bs_45056_mammut_ViT-S-32_ep25_lr0.0015_b1_0.9_b2_0.95_wd0.2_w6000_gc1_n32_bs352_sigFalse/checkpoints/imagenet1k_epoch_25.pt_mammut_ViT-S-32_en_zeroshot_classification.json,/p/data1/mmlaion/experiments/autoexp/jjitsev/logs/dfn_s640M_bs_45056_mammut_ViT-S-32_ep25_lr0.0015_b1_0.9_b2_0.95_wd0.2_w6000_gc1_n32_bs352_sigFalse,mammut_ViT-S-32,dfn_2b,imagenet1k,640000000,14204,25600000,8902400000.0,2.472094932464693,25,71913.81505747125,561.8266801364941,45056,128,zeroshot_classification,352,6000,0.0015,cosine,NVIDIA-A100,0.95,0.9,85.62,22.64,62.83,13.91,2.0529,3.3813,mammut,similarity,316.4281513554807,,,,acc1,0.52694,0.52694,0.79638,0.52676,,,,,,,,,,,,,,dfn_s640M_bs_45056_mammut_ViT-S-32_ep25_lr0.0015_b1_0.9_b2_0.95_wd0.2_w6000_gc1_n32_bs352_sigFalse_25,/p/data1/mmlaion/experiments/autoexp/jjitsev/logs/dfn_s640M_bs_45056_mammut_ViT-S-32_ep25_lr0.0015_b1_0.9_b2_0.95_wd0.2_w6000_gc1_n32_bs352_sigFalse_epoch_25,ViT-S-32_mammut,640M,2
257,3670,45690,47023,mammut_ViT-S-32_s640M_dfn_2b_globalbs45056_lr0.001_b1_0.9_b2_0.95_sched_cosine_warmup4000_gpus128,25,25,1.0,0.90625,ViT-S-32,dfn_s640M_bs_45056_mammut_ViT-S-32_ep25_lr0.001_b1_0.9_b2_0.95_wd0.2_w4000_gc1_n32_bs352_sigFalse,/p/data1/mmlaion/experiments/autoexp/jjitsev/logs/dfn_s640M_bs_45056_mammut_ViT-S-32_ep25_lr0.001_b1_0.9_b2_0.95_wd0.2_w4000_gc1_n32_bs352_sigFalse/checkpoints/imagenet1k_epoch_25.pt_mammut_ViT-S-32_en_zeroshot_classification.json,/p/data1/mmlaion/experiments/autoexp/jjitsev/logs/dfn_s640M_bs_45056_mammut_ViT-S-32_ep25_lr0.001_b1_0.9_b2_0.95_wd0.2_w4000_gc1_n32_bs352_sigFalse,mammut_ViT-S-32,dfn_2b,imagenet1k,640000000,14204,25600000,8902400000.0,2.4798310934666494,25,71689.47040229884,560.0739875179597,45056,128,zeroshot_classification,352,4000,0.001,cosine,NVIDIA-A100,0.95,0.9,85.62,22.64,62.83,13.91,2.1126,3.4443,mammut,similarity,317.4183799637311,,,,acc1,0.51656,0.51656,0.78784,0.5166400000000001,,,,,,,,,,,,,,dfn_s640M_bs_45056_mammut_ViT-S-32_ep25_lr0.001_b1_0.9_b2_0.95_wd0.2_w4000_gc1_n32_bs352_sigFalse_25,/p/data1/mmlaion/experiments/autoexp/jjitsev/logs/dfn_s640M_bs_45056_mammut_ViT-S-32_ep25_lr0.001_b1_0.9_b2_0.95_wd0.2_w4000_gc1_n32_bs352_sigFalse_epoch_25,ViT-S-32_mammut,640M,2
258,3671,45715,47048,mammut_ViT-S-32_s640M_dfn_2b_globalbs45056_lr0.001_b1_0.9_b2_0.95_sched_cosine_warmup6000_gpus128,25,25,1.0,0.90625,ViT-S-32,dfn_s640M_bs_45056_mammut_ViT-S-32_ep25_lr0.001_b1_0.9_b2_0.95_wd0.2_w6000_gc1_n32_bs352_sigFalse,/p/data1/mmlaion/experiments/autoexp/jjitsev/logs/dfn_s640M_bs_45056_mammut_ViT-S-32_ep25_lr0.001_b1_0.9_b2_0.95_wd0.2_w6000_gc1_n32_bs352_sigFalse/checkpoints/imagenet1k_epoch_25.pt_mammut_ViT-S-32_en_zeroshot_classification.json,/p/data1/mmlaion/experiments/autoexp/jjitsev/logs/dfn_s640M_bs_45056_mammut_ViT-S-32_ep25_lr0.001_b1_0.9_b2_0.95_wd0.2_w6000_gc1_n32_bs352_sigFalse,mammut_ViT-S-32,dfn_2b,imagenet1k,640000000,14204,25600000,8902400000.0,2.477501715483725,25,71756.8737356322,560.6005760596265,45056,128,zeroshot_classification,352,6000,0.001,cosine,NVIDIA-A100,0.95,0.9,85.62,22.64,62.83,13.91,2.2071,3.4496,mammut,similarity,317.1202195819168,,,,acc1,0.50678,0.50678,0.78052,0.50656,,,,,,,,,,,,,,dfn_s640M_bs_45056_mammut_ViT-S-32_ep25_lr0.001_b1_0.9_b2_0.95_wd0.2_w6000_gc1_n32_bs352_sigFalse_25,/p/data1/mmlaion/experiments/autoexp/jjitsev/logs/dfn_s640M_bs_45056_mammut_ViT-S-32_ep25_lr0.001_b1_0.9_b2_0.95_wd0.2_w6000_gc1_n32_bs352_sigFalse_epoch_25,ViT-S-32_mammut,640M,2
259,3672,45740,47073,mammut_ViT-S-32_s640M_dfn_2b_globalbs45056_lr0.002_b1_0.9_b2_0.95_sched_cosine_warmup4000_gpus128,25,25,1.0,0.90625,ViT-S-32,dfn_s640M_bs_45056_mammut_ViT-S-32_ep25_lr0.002_b1_0.9_b2_0.95_wd0.2_w4000_gc1_n32_bs352_sigFalse,/p/data1/mmlaion/experiments/autoexp/jjitsev/logs/dfn_s640M_bs_45056_mammut_ViT-S-32_ep25_lr0.002_b1_0.9_b2_0.95_wd0.2_w4000_gc1_n32_bs352_sigFalse/checkpoints/imagenet1k_epoch_25.pt_mammut_ViT-S-32_en_zeroshot_classification.json,/p/data1/mmlaion/experiments/autoexp/jjitsev/logs/dfn_s640M_bs_45056_mammut_ViT-S-32_ep25_lr0.002_b1_0.9_b2_0.95_wd0.2_w4000_gc1_n32_bs352_sigFalse,mammut_ViT-S-32,dfn_2b,imagenet1k,640000000,14204,25600000,8902400000.0,2.482606154355135,25,71609.33580459771,559.4479359734196,45056,128,zeroshot_classification,352,4000,0.002,cosine,NVIDIA-A100,0.95,0.9,85.62,22.64,62.83,13.91,1.9855,3.4089,mammut,similarity,317.7735877574573,,,,acc1,0.53554,0.53554,0.80478,0.5356000000000001,,,,,,,,,,,,,,dfn_s640M_bs_45056_mammut_ViT-S-32_ep25_lr0.002_b1_0.9_b2_0.95_wd0.2_w4000_gc1_n32_bs352_sigFalse_25,/p/data1/mmlaion/experiments/autoexp/jjitsev/logs/dfn_s640M_bs_45056_mammut_ViT-S-32_ep25_lr0.002_b1_0.9_b2_0.95_wd0.2_w4000_gc1_n32_bs352_sigFalse_epoch_25,ViT-S-32_mammut,640M,2
260,3673,45765,47098,mammut_ViT-S-32_s640M_dfn_2b_globalbs45056_lr0.002_b1_0.9_b2_0.95_sched_cosine_warmup6000_gpus128,25,25,1.0,0.90625,ViT-S-32,dfn_s640M_bs_45056_mammut_ViT-S-32_ep25_lr0.002_b1_0.9_b2_0.95_wd0.2_w6000_gc1_n32_bs352_sigFalse,/p/data1/mmlaion/experiments/autoexp/jjitsev/logs/dfn_s640M_bs_45056_mammut_ViT-S-32_ep25_lr0.002_b1_0.9_b2_0.95_wd0.2_w6000_gc1_n32_bs352_sigFalse/checkpoints/imagenet1k_epoch_25.pt_mammut_ViT-S-32_en_zeroshot_classification.json,/p/data1/mmlaion/experiments/autoexp/jjitsev/logs/dfn_s640M_bs_45056_mammut_ViT-S-32_ep25_lr0.002_b1_0.9_b2_0.95_wd0.2_w6000_gc1_n32_bs352_sigFalse,mammut_ViT-S-32,dfn_2b,imagenet1k,640000000,14204,25600000,8902400000.0,2.4936417462673592,25,71292.42925287357,556.9721035380747,45056,128,zeroshot_classification,352,6000,0.002,cosine,NVIDIA-A100,0.95,0.9,85.62,22.64,62.83,13.91,1.9373,3.3265,mammut,similarity,319.186143522222,,,,acc1,0.53808,0.53808,0.80432,0.5381,,,,,,,,,,,,,,dfn_s640M_bs_45056_mammut_ViT-S-32_ep25_lr0.002_b1_0.9_b2_0.95_wd0.2_w6000_gc1_n32_bs352_sigFalse_25,/p/data1/mmlaion/experiments/autoexp/jjitsev/logs/dfn_s640M_bs_45056_mammut_ViT-S-32_ep25_lr0.002_b1_0.9_b2_0.95_wd0.2_w6000_gc1_n32_bs352_sigFalse_epoch_25,ViT-S-32_mammut,640M,2
261,3674,45790,47123,mammut_ViT-S-32_s640M_dfn_2b_globalbs8192_lr0.001_b1_0.9_b2_0.95_sched_cosine_warmup6000_gpus64,25,25,1.0,0.90625,ViT-S-32,dfn_s640M_bs_8192_mammut_ViT-S-32_ep25_lr0.001_b1_0.9_b2_0.95_wd0.2_w6000_gc1_n16_bs128_sigFalse,/p/data1/mmlaion/experiments/autoexp/jjitsev/logs/dfn_s640M_bs_8192_mammut_ViT-S-32_ep25_lr0.001_b1_0.9_b2_0.95_wd0.2_w6000_gc1_n16_bs128_sigFalse/checkpoints/imagenet1k_epoch_25.pt_mammut_ViT-S-32_en_zeroshot_classification.json,/p/data1/mmlaion/experiments/autoexp/jjitsev/logs/dfn_s640M_bs_8192_mammut_ViT-S-32_ep25_lr0.001_b1_0.9_b2_0.95_wd0.2_w6000_gc1_n16_bs128_sigFalse,mammut_ViT-S-32,dfn_2b,imagenet1k,640000000,78125,25600000,8902400000.0,6.644042707463453,25,26757.470655339806,418.0854789896845,8192,64,zeroshot_classification,128,6000,0.001,cosine,NVIDIA-A100,0.95,0.9,85.62,22.64,62.83,13.91,0.96499,3.2599,mammut,similarity,425.218733277661,,,,acc1,0.54754,0.54754,0.8196,0.5473399999999999,,,,,,,,,,,,,,dfn_s640M_bs_8192_mammut_ViT-S-32_ep25_lr0.001_b1_0.9_b2_0.95_wd0.2_w6000_gc1_n16_bs128_sigFalse_25,/p/data1/mmlaion/experiments/autoexp/jjitsev/logs/dfn_s640M_bs_8192_mammut_ViT-S-32_ep25_lr0.001_b1_0.9_b2_0.95_wd0.2_w6000_gc1_n16_bs128_sigFalse_epoch_25,ViT-S-32_mammut,640M,2
262,3675,45815,47148,mammut_ViT-S-32_s640M_dfn_2b_globalbs8192_lr0.002_b1_0.9_b2_0.95_sched_cosine_warmup6000_gpus64,25,25,1.0,0.90625,ViT-S-32,dfn_s640M_bs_8192_mammut_ViT-S-32_ep25_lr0.002_b1_0.9_b2_0.95_wd0.2_w6000_gc1_n16_bs128_sigFalse,/p/data1/mmlaion/experiments/autoexp/jjitsev/logs/dfn_s640M_bs_8192_mammut_ViT-S-32_ep25_lr0.002_b1_0.9_b2_0.95_wd0.2_w6000_gc1_n16_bs128_sigFalse/checkpoints/imagenet1k_epoch_25.pt_mammut_ViT-S-32_en_zeroshot_classification.json,/p/data1/mmlaion/experiments/autoexp/jjitsev/logs/dfn_s640M_bs_8192_mammut_ViT-S-32_ep25_lr0.002_b1_0.9_b2_0.95_wd0.2_w6000_gc1_n16_bs128_sigFalse,mammut_ViT-S-32,dfn_2b,imagenet1k,640000000,78125,25600000,8902400000.0,6.645268851870109,25,26752.533530339806,418.00833641155947,8192,64,zeroshot_classification,128,6000,0.002,cosine,NVIDIA-A100,0.95,0.9,85.62,22.64,62.83,13.91,0.95475,3.2695,mammut,similarity,425.297206519687,,,,acc1,0.53894,0.53894,0.81586,0.5388,,,,,,,,,,,,,,dfn_s640M_bs_8192_mammut_ViT-S-32_ep25_lr0.002_b1_0.9_b2_0.95_wd0.2_w6000_gc1_n16_bs128_sigFalse_25,/p/data1/mmlaion/experiments/autoexp/jjitsev/logs/dfn_s640M_bs_8192_mammut_ViT-S-32_ep25_lr0.002_b1_0.9_b2_0.95_wd0.2_w6000_gc1_n16_bs128_sigFalse_epoch_25,ViT-S-32_mammut,640M,2
